ID_Cartao,Produto_Mastercard,Tipo_Cartao,Data_Emissao,Data_Ativacao,Data_Validade,Limite_Cartao
55086184,Gold,Crédito,2023-01-01 00:00:20,2023-01-01 04:17:14,2026-04-29,12000.0
58484163,Black,Crédito,2023-05-26 00:00:20,2024-01-28 03:17:10,2026-01-17,39000.0
61292792,Black,Crédito,2023-01-19 00:00:20,2024-02-22 09:19:41,2027-04-06,30000.0
58892511,Platinum,Crédito,2023-01-08 00:00:20,2023-01-08 02:52:55,2025-11-01,26000.0
99255972,Maestro/Debit,Débito,2023-06-20 00:00:20,2024-02-20 03:57:36,2027-01-31,0.0
96313857,Gold,Crédito,2023-01-02 00:00:20,2023-01-02 10:57:31,2026-10-09,15000.0
53280929,Maestro/Debit,Débito,2023-06-19 05:01:16,2023-06-20 05:01:16,2028-01-01,0.0
74981442,Platinum,Crédito,2024-04-27 00:00:20,2024-04-27 12:06:01,2025-02-28,17000.0
55129439,Black,Crédito,2023-02-06 00:00:20,2023-03-03 06:04:21,2025-11-13,37000.0
97765146,Gold,Crédito,2023-03-12 00:00:20,2024-06-12 06:39:19,2026-01-07,22000.0
18889057,Platinum,Crédito,2024-02-03 00:00:20,2024-02-03 23:10:36,2026-08-11,13000.0
55526914,Maestro/Debit,Débito,2024-09-04 00:00:20,2024-09-15 16:05:27,2027-12-08,0.0
80929712,Black,Crédito,2023-01-01 00:00:20,2023-01-17 04:41:38,2027-09-07,26000.0
29753106,Platinum,Crédito,2024-07-27 00:00:20,2024-07-27 10:18:34,2026-10-17,16000.0
44320574,Black,Crédito,2023-01-18 00:00:20,2023-01-18 04:08:22,2025-12-21,32000.0
84224141,Platinum,Crédito,2024-04-07 00:00:20,2024-04-07 05:01:33,2027-09-18,12000.0
13669529,Standard,Crédito,2023-01-10 00:00:20,2023-01-10 06:46:49,2027-05-20,16000.0
80673046,Platinum,Crédito,2023-01-13 00:00:20,2023-01-13 03:30:58,2025-03-23,25000.0
50155438,Platinum,Crédito,2023-11-16 00:00:20,2024-05-15 23:41:19,2027-08-25,35000.0
33342335,Platinum,Crédito,2023-07-19 00:00:20,2023-07-19 00:04:34,2028-01-01,23000.0
10848728,Platinum,Crédito,2023-01-03 00:00:20,2023-01-03 05:49:43,2026-02-25,28000.0
97184416,Standard,Crédito,2023-01-02 00:00:20,2023-01-15 18:34:45,2025-09-21,9000.0
78594110,Standard,Crédito,2023-11-22 00:00:20,2024-08-08 19:11:39,2028-01-01,18000.0
26812306,Maestro/Debit,Débito,2023-01-06 00:00:20,2023-01-06 03:42:57,2025-06-27,0.0
62809263,Standard,Crédito,2023-01-24 00:00:20,2023-01-24 15:53:44,2026-12-23,9000.0
56491773,Platinum,Crédito,2023-01-11 00:00:20,2023-01-20 12:30:22,2027-01-23,16000.0
14178682,Gold,Crédito,2023-01-01 00:00:20,2023-01-19 09:30:26,2027-10-14,23000.0
51737308,Platinum,Crédito,2023-01-02 00:00:20,2023-01-21 12:36:55,2027-10-21,26000.0
45848066,Platinum,Crédito,2023-01-09 00:00:20,2023-01-11 09:58:05,2027-05-01,21000.0
14175253,Maestro/Debit,Débito,2023-08-19 00:00:20,2024-12-25 06:57:35,2026-05-05,0.0
65472462,Black,Crédito,2023-01-03 00:00:00,2023-06-28 17:20:43,2028-01-01,14000.0
28269540,Maestro/Debit,Débito,2023-10-05 00:00:20,2024-11-10 16:20:49,2026-03-28,0.0
43574226,Platinum,Crédito,2023-01-05 00:00:20,2023-01-05 10:18:49,2026-10-26,20000.0
59445733,Platinum,Crédito,2023-01-14 00:00:20,2023-01-21 02:06:34,2027-03-15,27000.0
80829423,Gold,Crédito,2023-01-10 00:00:20,2023-01-14 13:07:19,2025-06-10,13000.0
89984121,Standard,Crédito,2024-07-07 00:00:20,2024-07-07 17:03:24,2027-06-29,21000.0
60841740,Gold,Crédito,2023-06-02 00:00:20,2024-10-30 23:10:11,2027-06-21,20000.0
96974017,Gold,Crédito,2023-01-05 00:00:00,2023-01-22 10:46:15,2028-01-01,17000.0
29894095,Black,Crédito,2023-01-26 00:00:00,2023-06-03 21:21:28,2028-01-01,27000.0
23052099,Gold,Crédito,2023-01-06 00:00:20,2023-01-15 09:36:39,2026-01-09,13000.0
14389794,Black,Crédito,2024-09-20 00:00:20,2025-06-12 18:32:58,2027-06-06,23000.0
91784421,Standard,Crédito,2023-01-03 00:00:20,2023-01-03 15:28:24,2026-02-22,10000.0
10331796,Gold,Crédito,2023-01-02 00:00:20,2023-01-02 09:09:52,2026-10-08,20000.0
44523666,Gold,Crédito,2023-01-26 00:00:20,2023-01-26 17:36:01,2026-07-23,22000.0
58094600,Black,Crédito,2023-01-06 00:00:20,2023-01-06 15:49:32,2025-10-28,27000.0
35597642,Black,Crédito,2023-01-26 00:00:20,2023-01-26 14:52:53,2026-04-23,40000.0
48815486,Gold,Crédito,2023-01-04 00:00:20,2024-08-03 12:23:14,2026-12-12,16000.0
34923446,Black,Crédito,2023-01-21 00:00:20,2023-03-25 11:43:09,2027-08-17,28000.0
26833804,Black,Crédito,2023-10-11 00:00:20,2024-04-18 05:35:53,2028-01-01,30000.0
44154544,Black,Crédito,2023-01-02 00:00:20,2023-01-02 01:38:44,2026-08-17,26000.0
58451006,Maestro/Debit,Débito,2023-01-03 00:00:00,2023-06-05 08:53:51,2028-01-01,0.0
59859685,Standard,Crédito,2023-03-26 00:00:20,2025-02-03 04:32:59,2026-04-12,12000.0
51683126,Platinum,Crédito,2023-01-01 00:00:20,2023-01-01 12:34:16,2027-09-30,12000.0
85992827,Platinum,Crédito,2023-05-27 00:00:20,2024-08-21 22:44:37,2027-10-26,30000.0
33577314,Black,Crédito,2023-01-09 00:00:20,2023-01-23 13:22:19,2026-08-21,18000.0
41912433,Gold,Crédito,2023-12-15 00:00:20,2024-12-30 12:30:50,2027-09-10,26000.0
19012386,Gold,Crédito,2023-01-04 00:00:20,2023-01-04 18:55:59,2026-04-11,15000.0
49264947,Black,Crédito,2023-01-06 00:00:20,2023-01-06 02:47:41,2025-11-09,18000.0
90983788,Black,Crédito,2023-01-01 00:00:00,2023-02-12 19:16:13,2028-01-01,32000.0
91754025,Black,Crédito,2023-01-06 00:00:20,2023-01-06 16:23:56,2028-01-01,20000.0
23269369,Platinum,Crédito,2023-01-06 00:00:20,2023-01-06 16:26:55,2026-07-15,19000.0
68109886,Standard,Crédito,2023-04-29 00:00:20,2025-01-24 08:20:02,2028-01-01,16000.0
54159120,Platinum,Crédito,2023-01-20 00:00:20,2023-01-20 17:29:57,2027-07-04,29000.0
25120330,Black,Crédito,2023-01-20 00:00:00,2023-04-01 22:42:56,2028-01-01,24000.0
71359823,Black,Crédito,2023-01-08 00:00:20,2023-01-14 06:26:15,2027-12-25,14000.0
64783841,Maestro/Debit,Débito,2023-03-26 00:00:20,2024-09-24 06:32:15,2026-03-18,0.0
99611105,Platinum,Crédito,2023-05-25 00:00:20,2024-03-22 05:41:10,2027-11-01,10000.0
93082945,Standard,Crédito,2023-01-02 00:00:20,2023-01-02 16:05:56,2025-11-20,8000.0
82335844,Gold,Crédito,2023-01-11 00:00:20,2023-01-11 23:46:37,2027-11-12,25000.0
44545614,Platinum,Crédito,2023-01-03 00:00:00,2023-01-10 16:49:40,2028-01-01,23000.0
82486112,Black,Crédito,2023-01-03 00:00:20,2023-01-05 14:31:31,2026-03-17,32000.0
19152184,Black,Crédito,2023-01-10 00:00:20,2023-01-13 21:02:28,2026-09-01,44000.0
26731766,Gold,Crédito,2024-12-16 00:00:20,2025-01-30 21:51:09,2027-07-21,13000.0
35326182,Standard,Crédito,2023-12-24 00:00:20,2024-09-15 07:41:49,2028-01-01,9000.0
94888438,Platinum,Crédito,2023-01-07 00:00:20,2023-01-07 21:05:05,2026-05-11,24000.0
11183938,Platinum,Crédito,2023-01-05 00:00:20,2023-01-07 06:33:35,2025-12-14,23000.0
41146261,Black,Crédito,2023-01-12 00:00:20,2023-03-27 12:35:07,2027-12-21,22000.0
55045189,Maestro/Debit,Débito,2023-08-15 00:00:20,2024-10-19 02:25:14,2026-12-01,0.0
35837529,Standard,Crédito,2024-01-19 00:00:20,2024-02-27 16:32:23,2025-10-06,8000.0
17477467,Platinum,Crédito,2023-01-07 00:00:20,2023-01-23 01:15:50,2027-02-28,37000.0
29550564,Maestro/Debit,Débito,2023-07-16 00:00:20,2024-06-06 00:46:30,2025-10-05,0.0
76425044,Gold,Crédito,2024-11-13 00:00:20,2024-11-13 13:22:06,2027-09-16,23000.0
59846813,Gold,Crédito,2023-01-11 00:00:20,2023-02-25 13:49:57,2027-03-16,23000.0
62135243,Gold,Crédito,2023-12-26 00:00:20,2024-04-22 03:17:39,2028-01-01,15000.0
54655573,Maestro/Debit,Débito,2023-01-30 00:00:20,2024-08-02 20:13:42,2027-05-30,0.0
19592556,Gold,Crédito,2023-01-01 00:00:20,2023-01-01 19:11:33,2027-11-02,15000.0
70403022,Black,Crédito,2023-01-06 00:00:20,2023-02-17 13:19:20,2026-02-20,31000.0
19762930,Platinum,Crédito,2023-12-20 00:00:20,2024-03-20 13:15:42,2028-01-01,28000.0
32253137,Maestro/Debit,Débito,2023-01-01 00:00:20,2023-01-01 12:09:24,2026-10-15,0.0
77924785,Platinum,Crédito,2023-05-13 00:00:20,2024-02-10 20:17:41,2027-06-12,31000.0
15955364,Platinum,Crédito,2023-07-16 00:00:20,2024-07-14 16:05:16,2026-01-04,31000.0
59184866,Platinum,Crédito,2023-01-06 00:00:20,2023-01-19 23:53:52,2026-05-06,19000.0
40066754,Platinum,Crédito,2023-02-03 00:00:00,2023-07-20 21:44:55,2028-01-01,19000.0
41158009,Gold,Crédito,2023-01-07 00:00:20,2023-03-03 21:15:36,2026-10-07,10000.0
12887324,Maestro/Debit,Débito,2023-01-21 00:00:00,2023-01-26 19:10:43,2028-01-01,0.0
22386052,Platinum,Crédito,2023-01-09 00:00:20,2024-12-30 00:46:38,2025-08-14,27000.0
64368276,Black,Crédito,2023-05-25 00:00:20,2024-08-03 12:31:50,2027-01-01,29000.0
61104954,Black,Crédito,2024-07-19 00:00:20,2024-07-27 08:37:34,2027-01-24,27000.0
81343560,Maestro/Debit,Débito,2024-05-19 00:00:20,2024-09-16 04:30:40,2027-09-19,0.0
95685446,Gold,Crédito,2024-03-10 00:00:20,2024-03-10 01:06:22,2028-01-01,12000.0
59682048,Platinum,Crédito,2023-01-04 00:00:20,2023-02-05 22:28:12,2027-10-18,20000.0
24873062,Maestro/Debit,Débito,2023-05-30 00:00:20,2024-10-01 09:20:03,2026-11-17,0.0
32290287,Standard,Crédito,2023-01-08 00:00:20,2023-01-08 01:56:36,2027-05-09,19000.0
70096025,Maestro/Debit,Débito,2024-03-30 00:00:20,2024-03-30 09:22:00,2027-12-29,0.0
66277986,Maestro/Debit,Débito,2024-09-01 00:00:20,2024-09-06 10:50:35,2026-09-28,0.0
23851608,Platinum,Crédito,2023-01-01 00:00:20,2023-01-01 14:14:32,2027-03-04,16000.0
59819734,Gold,Crédito,2024-11-07 00:00:20,2024-11-23 15:56:35,2028-01-01,13000.0
58925405,Platinum,Crédito,2024-02-14 00:00:20,2024-03-07 21:55:21,2026-09-24,16000.0
26776144,Gold,Crédito,2023-09-13 00:00:20,2024-02-06 06:04:04,2026-02-08,23000.0
77351332,Standard,Crédito,2023-01-23 00:00:20,2024-11-14 08:37:30,2027-03-20,10000.0
97996255,Standard,Crédito,2023-01-05 00:00:20,2023-02-06 19:24:14,2026-04-27,7000.0
22652601,Gold,Crédito,2023-01-01 00:00:20,2023-01-01 10:42:27,2026-01-25,17000.0
32535080,Black,Crédito,2023-01-09 00:00:20,2023-01-10 21:47:27,2027-08-19,37000.0
38636751,Gold,Crédito,2023-01-01 00:00:20,2023-01-01 16:08:43,2025-11-13,8000.0
18432380,Maestro/Debit,Débito,2023-01-02 00:00:20,2023-01-02 15:13:34,2026-03-15,0.0
35372745,Maestro/Debit,Débito,2023-01-20 00:00:20,2023-01-23 04:52:50,2025-09-13,0.0
11601260,Black,Crédito,2023-01-02 00:00:20,2023-01-02 08:19:41,2025-02-16,30000.0
50830490,Black,Crédito,2023-04-01 00:00:20,2024-08-14 10:26:00,2026-10-01,37000.0
64914792,Black,Crédito,2023-01-01 00:00:20,2023-01-01 21:10:40,2027-09-13,36000.0
84051135,Standard,Crédito,2023-01-02 00:00:20,2023-01-02 10:00:02,2027-01-20,14000.0
36700168,Maestro/Debit,Débito,2023-01-04 00:00:20,2023-01-04 01:03:51,2027-01-08,0.0
87911601,Platinum,Crédito,2023-01-01 00:00:20,2023-01-09 00:19:13,2025-09-29,20000.0
46728656,Gold,Crédito,2024-10-13 00:00:20,2024-10-13 15:11:43,2027-04-21,22000.0
20727721,Maestro/Debit,Débito,2023-01-16 00:00:20,2023-01-17 15:08:29,2026-08-24,0.0
31339304,Standard,Crédito,2023-01-11 00:00:20,2023-01-11 17:50:52,2026-02-23,6000.0
65056153,Platinum,Crédito,2023-04-18 00:00:20,2024-02-01 06:42:36,2027-06-12,32000.0
62801967,Gold,Crédito,2023-11-13 00:00:20,2024-01-15 23:10:38,2025-06-13,16000.0
95009952,Gold,Crédito,2023-01-06 00:00:20,2023-01-06 22:40:22,2026-05-25,22000.0
13708761,Black,Crédito,2023-10-13 00:00:20,2024-12-19 18:58:04,2026-06-26,28000.0
38251164,Gold,Crédito,2023-01-01 00:00:20,2023-01-01 00:15:17,2025-03-10,17000.0
59769802,Gold,Crédito,2023-05-14 00:00:20,2024-08-14 18:30:59,2027-01-02,23000.0
23558194,Maestro/Debit,Débito,2023-09-25 00:00:20,2024-06-19 11:07:39,2026-12-06,0.0
85897959,Gold,Crédito,2023-01-10 00:00:20,2023-02-15 12:31:00,2027-12-02,27000.0
36764564,Standard,Crédito,2025-01-08 00:00:20,2025-01-08 18:29:40,2026-01-13,20000.0
59327490,Black,Crédito,2023-01-17 00:00:20,2023-01-17 08:53:17,2027-02-22,28000.0
86661192,Platinum,Crédito,2023-07-17 00:00:20,2024-09-28 22:38:54,2026-01-02,20000.0
66976729,Black,Crédito,2024-06-08 00:00:20,2024-06-27 14:01:17,2027-02-02,26000.0
32531137,Platinum,Crédito,2023-01-09 00:00:20,2023-01-09 21:17:16,2026-12-11,14000.0
72585616,Standard,Crédito,2024-12-09 00:00:20,2024-12-09 03:15:09,2025-09-23,15000.0
64500638,Maestro/Debit,Débito,2023-01-01 00:00:20,2023-01-14 10:49:40,2026-11-26,0.0
17235590,Black,Crédito,2023-01-01 00:00:20,2023-01-01 02:04:21,2026-11-09,42000.0
11644076,Platinum,Crédito,2024-01-02 00:00:20,2024-01-02 19:16:08,2027-04-10,16000.0
78091282,Maestro/Debit,Débito,2023-01-06 00:00:20,2023-01-06 11:01:18,2027-10-12,0.0
93649761,Platinum,Crédito,2023-01-02 00:00:20,2023-01-02 16:08:59,2026-07-12,30000.0
84494283,Gold,Crédito,2023-01-05 00:00:20,2023-01-05 20:42:42,2026-01-29,12000.0
90079487,Standard,Crédito,2024-09-10 00:00:20,2024-09-10 02:42:42,2027-11-14,16000.0
54294951,Gold,Crédito,2023-01-02 00:00:20,2023-01-02 00:49:20,2027-08-13,25000.0
12535559,Black,Crédito,2024-11-06 00:00:20,2024-11-06 18:32:42,2028-01-01,26000.0
60563393,Platinum,Crédito,2023-01-10 00:00:20,2023-01-10 10:20:11,2025-09-09,23000.0
20129279,Standard,Crédito,2023-01-06 00:00:20,2023-02-15 20:33:16,2026-07-31,6000.0
43937659,Gold,Crédito,2024-01-18 00:00:20,2024-01-18 07:06:20,2028-01-01,23000.0
13336137,Black,Crédito,2023-01-05 00:00:20,2023-01-05 09:55:25,2025-05-19,18000.0
18384908,Standard,Crédito,2023-01-10 00:00:20,2023-01-13 13:53:07,2027-07-31,8000.0
39478670,Black,Crédito,2023-05-06 00:00:20,2024-04-20 03:36:54,2025-06-25,33000.0
52184369,Gold,Crédito,2023-09-19 00:00:20,2024-10-14 22:02:11,2027-02-14,20000.0
15511070,Platinum,Crédito,2023-01-06 00:00:20,2023-01-06 20:32:30,2025-11-04,33000.0
58071932,Maestro/Debit,Débito,2023-01-01 00:00:20,2023-03-09 14:08:46,2026-11-28,0.0
33543352,Platinum,Crédito,2023-07-23 00:00:20,2024-06-20 15:19:21,2026-12-11,28000.0
21693094,Platinum,Crédito,2024-08-09 00:00:20,2024-08-09 08:07:33,2028-01-01,15000.0
69447109,Black,Crédito,2023-01-15 00:00:20,2023-01-15 01:38:22,2027-11-14,32000.0
61874263,Platinum,Crédito,2023-01-01 00:00:20,2023-02-07 23:18:08,2026-07-28,26000.0
38271227,Standard,Crédito,2023-01-05 00:00:20,2023-01-14 23:28:59,2026-02-06,8000.0
36897278,Maestro/Debit,Débito,2023-10-30 00:00:20,2024-05-27 10:09:11,2025-10-07,0.0
79233124,Platinum,Crédito,2023-01-09 00:00:20,2023-02-06 15:43:53,2027-09-24,16000.0
43768258,Platinum,Crédito,2023-01-11 00:00:20,2023-01-11 06:51:38,2027-03-08,26000.0
65721055,Standard,Crédito,2024-03-14 00:00:20,2024-03-14 18:28:37,2027-08-24,10000.0
93507215,Standard,Crédito,2023-05-14 00:00:20,2024-09-16 13:50:18,2027-02-24,14000.0
61944756,Gold,Crédito,2023-01-14 00:00:20,2023-02-21 17:52:43,2027-09-03,15000.0
35570499,Platinum,Crédito,2023-04-07 00:00:20,2024-11-25 06:49:33,2027-05-22,29000.0
23382949,Platinum,Crédito,2024-03-12 00:00:20,2024-03-16 16:52:22,2027-03-18,32000.0
36789189,Gold,Crédito,2023-12-27 00:00:20,2024-11-19 11:52:09,2028-01-01,14000.0
61759678,Black,Crédito,2024-09-20 00:00:20,2024-10-06 17:47:10,2027-03-28,24000.0
79822909,Gold,Crédito,2023-09-02 00:00:20,2024-01-12 21:40:55,2027-02-26,8000.0
86037525,Platinum,Crédito,2023-01-04 00:00:20,2023-01-09 02:27:13,2026-03-02,23000.0
54358630,Gold,Crédito,2023-01-22 00:00:20,2023-02-06 15:22:15,2025-12-05,10000.0
15801855,Black,Crédito,2023-09-30 00:00:20,2024-08-26 05:44:35,2026-05-15,24000.0
80198147,Platinum,Crédito,2023-06-07 00:00:20,2024-05-05 12:02:59,2027-08-02,12000.0
37033547,Platinum,Crédito,2024-06-24 00:00:20,2024-08-04 07:26:10,2027-05-21,13000.0
14426292,Gold,Crédito,2023-02-14 00:00:20,2024-10-22 09:11:27,2026-01-26,20000.0
76273510,Black,Crédito,2023-01-07 00:00:20,2023-01-07 11:48:01,2026-01-18,29000.0
21900506,Platinum,Crédito,2023-01-03 00:00:20,2023-01-03 04:09:31,2025-02-05,14000.0
48132280,Gold,Crédito,2024-07-13 00:00:20,2024-07-13 00:56:33,2025-12-17,21000.0
86993504,Platinum,Crédito,2023-01-02 00:00:00,2023-06-21 14:20:27,2028-01-01,21000.0
57022981,Gold,Crédito,2024-12-22 00:00:20,2025-03-11 21:36:36,2027-10-11,22000.0
69065038,Platinum,Crédito,2023-01-07 00:00:20,2023-01-07 08:13:13,2026-10-15,20000.0
80089188,Maestro/Debit,Débito,2024-11-05 00:00:20,2024-11-05 15:56:40,2027-10-14,0.0
98980541,Platinum,Crédito,2023-07-03 00:00:20,2024-11-19 23:32:10,2026-12-31,13000.0
99921830,Maestro/Debit,Débito,2023-10-10 00:00:20,2024-03-12 18:31:32,2026-04-25,0.0
93370639,Platinum,Crédito,2023-01-24 00:00:00,2023-04-29 19:31:51,2028-01-01,11000.0
11407896,Black,Crédito,2023-01-06 00:00:20,2023-01-06 17:59:18,2027-06-05,41000.0
93324386,Black,Crédito,2023-01-05 00:00:20,2023-01-05 09:34:29,2027-03-14,34000.0
70393567,Black,Crédito,2023-01-10 00:00:20,2023-01-29 18:27:50,2026-11-07,25000.0
62923758,Standard,Crédito,2023-01-04 00:00:20,2023-01-07 20:56:45,2026-06-15,6000.0
47236238,Standard,Crédito,2023-01-11 00:00:20,2023-01-11 12:49:15,2026-04-10,20000.0
49117018,Gold,Crédito,2024-05-01 00:00:20,2024-05-01 07:53:46,2026-06-10,18000.0
28181268,Gold,Crédito,2023-01-01 00:00:00,2023-09-08 18:35:57,2028-01-01,9000.0
52716768,Platinum,Crédito,2023-09-06 00:00:20,2024-12-23 07:58:40,2027-07-25,21000.0
11064389,Black,Crédito,2023-05-13 00:00:20,2024-04-21 09:38:02,2026-12-01,34000.0
76816517,Platinum,Crédito,2023-01-11 00:00:20,2023-01-11 19:01:17,2026-06-30,12000.0
34678407,Platinum,Crédito,2023-05-10 00:00:20,2024-02-23 01:41:07,2025-10-12,18000.0
21728187,Black,Crédito,2023-08-20 00:00:20,2024-02-19 10:55:25,2026-08-09,32000.0
69130728,Black,Crédito,2023-01-02 00:00:20,2023-01-02 05:27:02,2027-07-09,37000.0
58207758,Gold,Crédito,2023-06-11 00:00:20,2024-03-09 13:06:30,2025-10-18,14000.0
43115335,Standard,Crédito,2023-10-03 00:00:20,2024-01-18 07:13:21,2026-03-10,15000.0
33917691,Maestro/Debit,Débito,2023-01-19 00:00:20,2024-12-24 11:19:47,2026-09-13,0.0
48607717,Maestro/Debit,Débito,2023-01-17 00:00:00,2023-02-26 07:48:55,2028-01-01,0.0
63227912,Platinum,Crédito,2023-08-07 00:00:20,2024-07-15 11:55:53,2027-06-13,15000.0
82749819,Platinum,Crédito,2023-01-03 00:00:20,2023-01-03 00:53:13,2025-12-27,11000.0
62236083,Gold,Crédito,2023-01-06 00:00:20,2023-01-06 23:48:53,2025-10-27,17000.0
34872002,Standard,Crédito,2023-01-03 00:00:20,2023-01-17 18:39:49,2027-09-17,20000.0
69146113,Black,Crédito,2024-11-20 00:00:20,2024-12-29 21:47:49,2027-04-25,30000.0
68750966,Platinum,Crédito,2023-02-06 00:00:00,2023-02-28 11:30:02,2028-01-01,11000.0
21915349,Gold,Crédito,2023-01-01 00:00:20,2023-01-01 08:55:01,2026-01-19,21000.0
73684294,Platinum,Crédito,2024-02-14 00:00:20,2024-02-14 10:47:56,2026-05-15,27000.0
84983428,Gold,Crédito,2023-01-04 00:00:20,2024-05-29 08:22:59,2027-03-04,14000.0
78494919,Gold,Crédito,2023-01-13 00:00:20,2023-02-09 02:33:36,2027-08-23,17000.0
82096053,Black,Crédito,2023-01-05 00:00:20,2023-02-07 08:24:54,2027-01-09,27000.0
24399989,Platinum,Crédito,2023-01-04 00:00:20,2023-02-18 13:16:48,2026-03-30,24000.0
34281868,Platinum,Crédito,2023-11-25 00:00:20,2024-09-11 05:48:05,2025-07-08,14000.0
82588963,Black,Crédito,2023-02-19 00:00:20,2024-09-09 08:36:41,2026-08-22,34000.0
90758072,Black,Crédito,2024-01-02 00:00:20,2024-01-22 07:58:24,2027-03-19,18000.0
24368015,Maestro/Debit,Débito,2023-08-02 00:00:20,2024-05-11 05:22:32,2025-06-09,0.0
43735238,Black,Crédito,2023-09-21 00:00:20,2024-06-03 17:50:40,2026-09-02,35000.0
46401107,Gold,Crédito,2023-01-03 00:00:20,2023-01-03 02:08:14,2026-03-22,9000.0
16295089,Platinum,Crédito,2023-06-12 00:00:20,2024-08-18 06:19:15,2025-08-14,33000.0
88572129,Maestro/Debit,Débito,2023-11-03 00:00:20,2024-09-12 23:18:26,2027-11-13,0.0
63675158,Platinum,Crédito,2023-03-21 00:00:20,2024-12-18 06:20:23,2025-04-25,13000.0
27334277,Platinum,Crédito,2023-01-08 00:00:20,2023-01-08 22:53:55,2027-06-23,12000.0
54605881,Maestro/Debit,Débito,2023-11-14 00:00:20,2024-06-24 04:21:37,2027-10-19,0.0
85422748,Maestro/Debit,Débito,2023-01-05 00:00:20,2023-01-11 11:08:18,2027-06-03,0.0
22386160,Black,Crédito,2023-01-03 00:00:20,2023-01-18 00:52:06,2025-08-05,33000.0
31949873,Maestro/Debit,Débito,2024-06-11 00:00:20,2024-06-28 05:46:26,2027-01-18,0.0
97940880,Platinum,Crédito,2023-06-07 00:00:20,2024-05-06 21:07:28,2027-08-08,13000.0
13764413,Platinum,Crédito,2023-10-12 00:00:20,2024-05-07 09:06:15,2027-11-22,36000.0
92950743,Black,Crédito,2023-01-17 00:00:20,2023-02-20 09:14:02,2025-11-06,35000.0
66863583,Black,Crédito,2023-05-01 00:00:20,2024-08-11 07:00:18,2028-01-01,36000.0
39822102,Standard,Crédito,2023-11-12 00:00:20,2024-05-24 15:21:05,2027-08-12,12000.0
16179883,Platinum,Crédito,2024-02-05 00:00:20,2024-03-01 12:10:09,2028-01-01,33000.0
19807588,Platinum,Crédito,2023-01-10 00:00:20,2023-01-10 14:34:11,2027-02-05,26000.0
38710022,Standard,Crédito,2023-09-28 00:00:20,2024-02-19 16:29:35,2026-01-29,8000.0
10648938,Gold,Crédito,2023-01-03 00:00:20,2023-01-18 11:16:30,2026-03-03,13000.0
57960751,Black,Crédito,2023-01-03 00:00:20,2023-01-03 01:31:14,2026-04-05,38000.0
88068152,Gold,Crédito,2023-03-26 00:00:20,2024-09-13 09:31:40,2026-05-13,9000.0
19524745,Black,Crédito,2023-02-21 00:00:20,2024-02-02 11:59:06,2027-09-24,16000.0
27295669,Standard,Crédito,2023-01-27 00:00:20,2023-02-26 05:49:17,2027-08-31,17000.0
10014118,Gold,Crédito,2023-01-20 00:00:20,2023-01-20 13:38:16,2025-09-17,17000.0
75445247,Maestro/Debit,Débito,2023-06-28 00:00:20,2024-10-19 08:54:49,2025-06-19,0.0
14485789,Black,Crédito,2023-01-04 00:00:20,2023-01-04 02:08:29,2027-03-25,24000.0
91714136,Black,Crédito,2023-01-03 00:00:00,2023-02-17 00:21:25,2028-01-01,17000.0
14953759,Platinum,Crédito,2023-01-01 00:00:20,2023-01-22 21:16:09,2025-05-08,27000.0
15232479,Black,Crédito,2024-07-09 00:00:20,2024-07-09 04:53:45,2027-08-15,36000.0
31878285,Platinum,Crédito,2023-01-02 00:00:20,2023-01-22 13:16:45,2027-08-13,26000.0
87188924,Maestro/Debit,Débito,2023-11-22 00:00:20,2024-06-01 09:15:02,2027-10-02,0.0
86632063,Platinum,Crédito,2023-01-04 00:00:20,2023-01-12 04:09:58,2025-10-26,13000.0
53673378,Platinum,Crédito,2023-09-16 00:00:20,2024-07-02 12:58:22,2026-08-21,19000.0
40852124,Standard,Crédito,2023-01-03 00:00:20,2023-01-03 04:50:37,2026-06-16,13000.0
21108325,Platinum,Crédito,2023-01-17 00:00:20,2023-01-17 04:30:16,2025-10-27,14000.0
98255010,Standard,Crédito,2023-10-16 00:00:20,2024-06-17 12:17:49,2027-03-24,18000.0
61948516,Black,Crédito,2023-08-14 00:00:20,2025-01-11 01:41:09,2027-11-18,45000.0
73966685,Platinum,Crédito,2023-01-03 00:00:20,2023-01-03 10:33:29,2025-10-26,31000.0
42376095,Black,Crédito,2023-01-06 00:00:20,2023-01-08 17:40:06,2025-12-07,24000.0
29197395,Black,Crédito,2023-01-01 00:00:20,2023-02-05 21:35:59,2027-06-09,18000.0
86745025,Maestro/Debit,Débito,2023-01-09 00:00:20,2023-01-09 21:23:43,2026-03-22,0.0
25379736,Black,Crédito,2023-08-19 00:00:20,2024-08-01 17:00:46,2026-08-31,19000.0
92092850,Gold,Crédito,2023-01-07 00:00:20,2023-01-08 00:10:09,2027-07-07,26000.0
40980587,Platinum,Crédito,2024-08-20 00:00:20,2024-08-20 04:15:47,2026-12-30,24000.0
43230748,Black,Crédito,2023-09-09 00:00:20,2024-05-01 03:04:23,2027-06-22,42000.0
26344556,Standard,Crédito,2023-05-04 00:00:20,2024-11-24 23:15:04,2025-03-21,18000.0
21157643,Black,Crédito,2023-01-11 00:00:00,2023-03-05 03:23:37,2028-01-01,30000.0
53310105,Gold,Crédito,2023-01-17 00:00:20,2024-04-08 00:09:18,2026-01-23,17000.0
58070859,Maestro/Debit,Débito,2023-01-12 00:00:20,2023-05-01 16:39:59,2027-04-26,0.0
37235164,Gold,Crédito,2023-01-07 00:00:20,2023-01-19 20:44:09,2026-10-04,15000.0
43675325,Maestro/Debit,Débito,2023-01-06 00:00:20,2023-01-06 18:34:23,2026-08-25,0.0
46255899,Black,Crédito,2023-01-02 00:00:20,2023-01-02 10:20:18,2026-12-22,15000.0
56977047,Platinum,Crédito,2023-01-10 00:00:20,2023-01-10 06:15:01,2027-11-19,13000.0
32142392,Platinum,Crédito,2024-11-16 00:00:20,2024-11-16 19:09:42,2027-10-10,28000.0
68154277,Gold,Crédito,2023-01-05 00:00:20,2023-01-12 00:45:22,2027-12-11,24000.0
46660893,Maestro/Debit,Débito,2023-01-02 00:00:20,2023-01-02 14:03:43,2026-10-29,0.0
94513343,Platinum,Crédito,2023-01-05 00:00:20,2023-01-05 13:36:23,2025-04-04,18000.0
91855663,Gold,Crédito,2023-01-05 00:00:20,2023-01-05 10:25:52,2026-04-14,21000.0
83658478,Black,Crédito,2024-07-06 00:00:20,2024-07-28 18:58:11,2025-07-26,47000.0
94052333,Gold,Crédito,2023-01-16 00:00:20,2023-01-16 10:26:12,2027-08-27,17000.0
35744628,Platinum,Crédito,2023-01-05 00:00:20,2023-01-05 11:11:55,2028-01-01,18000.0
15459561,Maestro/Debit,Débito,2023-03-17 00:00:20,2024-09-15 20:32:36,2027-10-04,0.0
78253103,Gold,Crédito,2023-01-10 00:00:20,2023-01-10 21:13:52,2027-12-28,12000.0
61966876,Black,Crédito,2023-01-31 00:00:20,2024-01-23 11:20:36,2026-10-04,22000.0
45798586,Black,Crédito,2023-01-08 00:00:20,2023-02-07 02:13:26,2027-06-29,20000.0
18994307,Black,Crédito,2023-01-02 00:00:20,2023-01-15 02:32:38,2027-08-26,21000.0
84840958,Platinum,Crédito,2023-01-01 00:00:20,2023-01-01 06:13:51,2026-07-21,23000.0
64670623,Platinum,Crédito,2023-01-05 00:00:20,2023-01-14 08:37:42,2026-05-29,18000.0
91053861,Maestro/Debit,Débito,2023-01-29 00:00:00,2023-10-20 00:05:39,2028-01-01,0.0
69378355,Platinum,Crédito,2023-01-01 00:00:20,2023-02-12 01:33:30,2027-06-06,29000.0
38367957,Gold,Crédito,2023-06-24 00:00:20,2024-12-15 17:22:47,2026-10-06,15000.0
62840782,Black,Crédito,2023-01-02 00:00:20,2023-01-02 15:55:04,2027-05-31,42000.0
56114057,Maestro/Debit,Débito,2023-01-07 00:00:20,2023-01-09 12:10:53,2026-01-30,0.0
49977141,Standard,Crédito,2023-06-01 00:00:20,2024-03-27 10:21:07,2026-12-08,17000.0
94591642,Black,Crédito,2023-01-06 00:00:20,2023-01-06 20:42:34,2026-11-27,25000.0
78850837,Standard,Crédito,2023-01-25 00:00:20,2023-01-25 10:22:12,2027-06-04,13000.0
24340344,Gold,Crédito,2023-01-11 00:00:20,2023-02-08 17:52:22,2026-06-25,17000.0
43168524,Black,Crédito,2023-01-01 00:00:20,2023-01-17 00:33:38,2025-09-15,39000.0
70074986,Platinum,Crédito,2023-01-01 00:00:00,2023-08-03 19:30:24,2028-01-01,15000.0
63914589,Platinum,Crédito,2023-12-22 00:00:20,2024-02-17 16:17:21,2027-02-09,14000.0
52046827,Black,Crédito,2024-12-30 00:00:20,2024-12-30 18:50:48,2026-09-13,23000.0
84021999,Maestro/Debit,Débito,2023-04-29 00:00:00,2023-05-14 21:44:15,2028-01-01,0.0
55240673,Maestro/Debit,Débito,2024-03-10 00:00:20,2024-04-07 18:38:53,2028-01-01,0.0
34008894,Gold,Crédito,2023-06-06 00:00:20,2024-08-15 22:11:59,2027-03-16,14000.0
35803159,Platinum,Crédito,2023-01-22 00:00:20,2023-01-22 05:51:55,2026-12-28,17000.0
69341015,Platinum,Crédito,2023-01-10 00:00:20,2023-01-18 23:24:28,2027-08-25,30000.0
26318146,Gold,Crédito,2023-04-15 00:00:20,2024-12-09 22:57:13,2027-05-08,13000.0
14881350,Platinum,Crédito,2023-01-02 00:00:20,2023-01-02 06:22:53,2027-07-11,21000.0
22776516,Black,Crédito,2023-01-06 00:00:20,2023-01-06 14:28:10,2025-09-29,19000.0
62133455,Gold,Crédito,2023-01-05 00:00:20,2023-01-14 17:43:50,2026-10-16,23000.0
95190301,Gold,Crédito,2023-11-21 00:00:20,2024-12-22 11:09:29,2026-12-14,18000.0
25370389,Platinum,Crédito,2023-01-24 00:00:20,2023-01-27 23:17:35,2027-07-19,23000.0
62682539,Black,Crédito,2023-01-04 00:00:20,2023-01-04 01:49:58,2027-12-11,26000.0
33479689,Standard,Crédito,2023-01-04 00:00:20,2023-01-04 16:19:02,2026-10-29,20000.0
27005895,Black,Crédito,2023-01-05 00:00:20,2023-01-08 07:04:25,2027-01-09,37000.0
96106801,Platinum,Crédito,2023-01-01 00:00:20,2023-01-01 06:30:29,2026-06-06,22000.0
15344512,Black,Crédito,2023-01-01 00:00:20,2023-02-08 11:45:22,2027-08-22,38000.0
84947770,Platinum,Crédito,2023-01-02 00:00:00,2023-02-26 02:53:07,2028-01-01,29000.0
65947263,Standard,Crédito,2024-12-07 00:00:20,2024-12-07 07:54:43,2028-01-01,9000.0
32508550,Gold,Crédito,2024-02-06 00:00:20,2024-02-06 16:51:51,2026-01-03,8000.0
87169304,Platinum,Crédito,2023-01-02 00:00:20,2023-01-02 19:14:43,2025-06-07,16000.0
12647385,Maestro/Debit,Débito,2023-01-17 00:00:20,2023-01-25 20:17:54,2025-10-19,0.0
86392283,Maestro/Debit,Débito,2023-10-26 00:00:20,2024-09-25 00:03:43,2027-06-08,0.0
33440576,Standard,Crédito,2023-01-04 00:00:20,2023-01-04 03:30:36,2026-04-02,14000.0
72965095,Platinum,Crédito,2023-11-16 00:00:20,2024-11-05 17:32:59,2027-09-17,23000.0
89869327,Platinum,Crédito,2023-01-17 00:00:20,2023-01-18 14:31:41,2026-06-06,33000.0
62298178,Maestro/Debit,Débito,2023-05-19 00:00:20,2024-12-19 16:57:27,2027-02-14,0.0
33060266,Standard,Crédito,2024-11-22 00:00:20,2024-11-22 13:22:53,2026-12-11,19000.0
18448281,Black,Crédito,2024-08-10 00:00:20,2024-08-13 21:43:54,2025-10-03,40000.0
77621375,Black,Crédito,2024-10-27 00:00:20,2024-10-27 08:02:21,2027-09-28,21000.0
97914706,Platinum,Crédito,2023-01-04 00:00:20,2023-01-04 17:47:38,2025-12-22,11000.0
36245657,Maestro/Debit,Débito,2023-03-05 00:00:20,2024-10-17 19:54:26,2027-09-02,0.0
93920174,Platinum,Crédito,2023-01-03 00:00:20,2023-01-04 03:48:39,2027-04-20,18000.0
35272797,Platinum,Crédito,2023-01-07 00:00:20,2023-01-07 00:47:24,2027-04-04,11000.0
65761546,Black,Crédito,2023-01-27 00:00:20,2024-05-29 00:14:57,2026-05-02,20000.0
10561171,Gold,Crédito,2024-08-10 00:00:20,2024-08-10 06:33:31,2025-11-07,17000.0
54355096,Maestro/Debit,Débito,2023-04-30 00:00:20,2024-11-28 18:09:02,2027-10-21,0.0
17066279,Platinum,Crédito,2023-01-06 00:00:20,2023-01-06 02:30:48,2026-04-16,26000.0
33787363,Standard,Crédito,2024-11-20 00:00:20,2024-11-20 19:06:22,2026-11-21,11000.0
87598710,Maestro/Debit,Débito,2023-01-10 00:00:20,2023-01-10 23:50:03,2026-08-07,0.0
13962472,Platinum,Crédito,2023-01-01 00:00:20,2023-01-01 01:06:51,2025-06-13,20000.0
68898384,Gold,Crédito,2024-03-10 00:00:20,2024-03-29 12:06:41,2026-11-30,21000.0
17060274,Platinum,Crédito,2023-01-05 00:00:20,2023-01-11 02:52:51,2027-05-14,34000.0
62473224,Gold,Crédito,2023-01-02 00:00:20,2023-01-04 16:35:03,2027-07-07,20000.0
15375642,Gold,Crédito,2023-01-03 00:00:20,2023-01-06 22:35:13,2027-10-24,17000.0
73732388,Gold,Crédito,2023-01-01 00:00:20,2023-01-01 21:54:00,2026-04-11,23000.0
13707380,Gold,Crédito,2023-02-21 00:00:20,2024-10-20 06:01:56,2027-10-01,24000.0
74080861,Platinum,Crédito,2023-01-02 00:00:20,2023-01-02 01:54:06,2026-05-29,18000.0
47197086,Maestro/Debit,Débito,2023-01-06 00:00:20,2023-01-06 11:37:46,2026-03-22,0.0
89806387,Gold,Crédito,2023-01-01 00:00:20,2023-02-23 08:03:47,2025-07-28,13000.0
76322136,Black,Crédito,2023-01-02 00:00:20,2023-01-02 06:35:55,2026-03-24,37000.0
20490611,Gold,Crédito,2024-05-28 00:00:20,2024-05-28 16:54:57,2027-10-23,11000.0
18160108,Standard,Crédito,2023-01-09 00:00:20,2023-01-09 15:36:59,2026-12-13,11000.0
46496229,Black,Crédito,2024-11-04 00:00:20,2024-12-10 07:45:13,2026-08-14,41000.0
99848162,Maestro/Debit,Débito,2023-07-07 00:00:20,2024-07-18 00:49:18,2026-10-17,0.0
39599006,Maestro/Debit,Débito,2023-01-01 00:00:20,2023-01-01 12:13:56,2027-03-11,0.0
65565072,Platinum,Crédito,2023-05-06 00:00:20,2024-03-24 05:21:04,2026-02-14,21000.0
19132877,Maestro/Debit,Débito,2023-01-29 00:00:00,2023-08-05 16:52:51,2028-01-01,0.0
66979589,Black,Crédito,2023-01-02 00:00:20,2023-01-04 18:38:04,2026-12-20,40000.0
18639611,Platinum,Crédito,2023-01-03 00:00:20,2023-01-03 23:05:48,2027-10-14,16000.0
13625220,Black,Crédito,2023-01-05 00:00:20,2023-01-19 15:04:33,2026-06-05,44000.0
35775427,Maestro/Debit,Débito,2023-01-05 00:00:20,2023-01-05 21:55:28,2025-06-25,0.0
62564068,Platinum,Crédito,2023-01-06 00:00:20,2023-01-06 00:29:57,2026-05-17,21000.0
65152431,Black,Crédito,2023-01-13 00:00:00,2023-03-27 19:33:01,2028-01-01,33000.0
86630604,Platinum,Crédito,2024-12-25 00:00:20,2024-12-25 06:58:05,2028-01-01,13000.0
94598455,Platinum,Crédito,2023-01-19 00:00:20,2023-02-04 00:47:43,2026-06-02,30000.0
88616625,Black,Crédito,2024-11-11 00:00:20,2024-11-11 16:31:36,2026-10-25,34000.0
81700553,Maestro/Debit,Débito,2023-01-01 00:00:00,2023-01-31 05:54:15,2028-01-01,0.0
92933492,Maestro/Debit,Débito,2024-09-10 00:00:20,2024-09-12 17:08:59,2025-04-27,0.0
39782588,Gold,Crédito,2023-01-12 00:00:20,2023-01-19 04:07:37,2026-12-31,19000.0
31281006,Maestro/Debit,Débito,2024-05-30 00:00:20,2024-06-02 21:41:56,2026-10-22,0.0
53916151,Platinum,Crédito,2023-01-18 00:00:20,2023-01-18 22:08:05,2026-01-16,26000.0
51712775,Maestro/Debit,Débito,2023-01-01 00:00:20,2023-01-01 06:40:42,2026-07-26,0.0
82001577,Gold,Crédito,2024-08-19 00:00:20,2024-08-19 23:43:21,2027-10-05,20000.0
32297179,Gold,Crédito,2023-05-21 00:00:20,2024-03-07 04:46:56,2026-09-24,9000.0
26930866,Black,Crédito,2023-01-02 00:00:20,2023-01-13 02:52:26,2026-12-30,37000.0
73710661,Standard,Crédito,2023-01-10 00:00:20,2023-01-10 06:40:25,2025-08-21,11000.0
88744164,Platinum,Crédito,2023-03-20 00:00:20,2024-12-14 05:33:37,2025-12-28,20000.0
81781605,Black,Crédito,2023-01-27 00:00:20,2024-05-12 15:04:14,2027-11-21,29000.0
55998909,Black,Crédito,2023-01-02 00:00:20,2023-01-02 18:19:20,2026-06-13,19000.0
78312917,Gold,Crédito,2023-01-08 00:00:20,2023-01-08 17:16:18,2027-02-01,12000.0
24322073,Gold,Crédito,2024-06-07 00:00:20,2024-06-15 12:34:06,2027-02-28,17000.0
84511573,Standard,Crédito,2023-01-08 00:00:20,2023-02-20 12:19:38,2025-04-28,10000.0
62713467,Maestro/Debit,Débito,2023-01-19 00:00:20,2023-01-19 23:03:17,2026-09-22,0.0
10264718,Black,Crédito,2024-09-19 00:00:20,2024-12-01 06:17:46,2027-10-07,27000.0
93462574,Gold,Crédito,2023-03-28 00:00:20,2024-03-27 10:31:10,2025-05-31,20000.0
67977374,Black,Crédito,2024-04-18 00:00:20,2024-04-28 15:15:58,2025-10-24,16000.0
55142076,Maestro/Debit,Débito,2023-01-03 00:00:20,2023-01-03 01:25:12,2025-09-04,0.0
21031031,Maestro/Debit,Débito,2024-04-03 00:00:20,2024-04-03 11:30:34,2025-11-22,0.0
40952874,Gold,Crédito,2023-01-12 00:00:20,2023-02-05 14:10:01,2027-01-14,13000.0
12534993,Standard,Crédito,2024-02-03 00:00:20,2024-03-21 09:10:06,2027-06-24,15000.0
92608108,Platinum,Crédito,2023-10-29 00:00:20,2024-05-02 11:27:26,2025-06-16,31000.0
20323629,Platinum,Crédito,2023-01-02 00:00:20,2023-01-26 21:28:20,2026-04-29,24000.0
49568952,Maestro/Debit,Débito,2023-05-17 23:13:07,2023-05-18 23:13:07,2028-01-01,0.0
16806640,Platinum,Crédito,2023-01-10 00:00:20,2023-01-10 20:15:25,2026-10-13,14000.0
87122901,Platinum,Crédito,2023-01-03 00:00:20,2023-01-07 07:12:13,2028-01-01,23000.0
21040882,Platinum,Crédito,2023-01-24 00:00:00,2023-05-30 19:31:51,2028-01-01,12000.0
67523463,Maestro/Debit,Débito,2024-07-06 00:00:20,2024-07-06 22:12:24,2026-01-06,0.0
72307796,Platinum,Crédito,2024-03-10 00:00:20,2024-03-10 23:09:00,2026-10-15,22000.0
44527130,Black,Crédito,2023-09-04 03:56:00,2023-09-05 03:56:00,2028-01-01,31000.0
48186588,Standard,Crédito,2023-01-18 00:00:20,2024-04-17 02:06:55,2027-10-09,12000.0
13547053,Maestro/Debit,Débito,2023-01-01 00:00:20,2023-01-01 09:42:04,2026-02-27,0.0
56540413,Black,Crédito,2024-01-02 00:00:20,2024-01-19 01:17:40,2027-05-19,33000.0
20094373,Platinum,Crédito,2023-01-16 00:00:20,2023-01-16 18:10:25,2027-05-28,20000.0
26227918,Black,Crédito,2023-01-01 00:00:20,2023-01-01 01:08:56,2026-11-27,26000.0
72266639,Platinum,Crédito,2023-01-06 00:00:20,2023-02-16 21:29:28,2027-08-13,31000.0
96870218,Platinum,Crédito,2023-07-19 00:00:20,2024-08-26 02:21:24,2027-10-12,30000.0
15922372,Standard,Crédito,2023-01-04 00:00:20,2023-01-04 21:27:10,2025-10-04,10000.0
88489806,Gold,Crédito,2023-12-15 00:00:20,2024-06-19 02:24:21,2027-11-10,10000.0
11319434,Gold,Crédito,2023-01-02 00:00:20,2023-01-02 15:43:00,2027-11-15,16000.0
75580855,Platinum,Crédito,2023-09-09 00:00:20,2024-09-11 05:35:32,2027-09-09,16000.0
16895138,Gold,Crédito,2023-01-03 00:00:20,2023-01-03 18:14:43,2026-06-16,19000.0
61544094,Platinum,Crédito,2023-01-10 00:00:20,2023-01-10 10:59:26,2027-09-12,14000.0
16062454,Maestro/Debit,Débito,2023-01-05 00:00:20,2023-03-17 02:54:38,2027-06-12,0.0
18719919,Gold,Crédito,2023-12-18 00:00:20,2024-11-28 10:39:36,2026-10-15,20000.0
46326507,Black,Crédito,2023-07-27 00:00:20,2024-11-28 11:32:14,2027-08-06,14000.0
77256067,Gold,Crédito,2024-02-13 00:00:20,2024-04-15 14:14:09,2025-09-17,12000.0
18624006,Platinum,Crédito,2023-02-16 00:00:20,2024-02-02 10:28:42,2026-01-19,19000.0
31306566,Gold,Crédito,2024-01-19 00:00:20,2024-01-19 06:28:52,2026-06-10,11000.0
56304189,Black,Crédito,2024-11-04 00:00:20,2024-11-04 07:44:14,2026-07-09,31000.0
35610441,Black,Crédito,2023-01-03 00:00:20,2023-01-04 10:16:48,2026-06-26,16000.0
88892549,Standard,Crédito,2023-01-10 00:00:20,2023-02-04 07:55:44,2027-06-09,18000.0
83060336,Platinum,Crédito,2023-01-02 00:00:00,2023-01-30 23:32:59,2028-01-01,18000.0
11820637,Maestro/Debit,Débito,2023-01-06 00:00:20,2023-01-06 15:34:11,2025-08-01,0.0
29834031,Black,Crédito,2025-01-14 00:00:20,2025-01-14 12:09:39,2026-12-02,18000.0
70579105,Gold,Crédito,2024-03-25 00:00:20,2024-04-04 15:55:45,2027-02-17,12000.0
37652583,Gold,Crédito,2023-05-15 00:00:20,2024-10-28 21:48:01,2026-10-28,24000.0
98725613,Gold,Crédito,2023-09-13 00:00:20,2024-10-16 04:31:06,2028-01-01,22000.0
98965547,Platinum,Crédito,2023-11-14 00:00:20,2024-06-24 04:26:27,2025-08-30,31000.0
23604376,Black,Crédito,2023-02-27 00:00:20,2024-10-25 20:00:21,2026-06-11,26000.0
40004837,Black,Crédito,2023-01-01 00:00:20,2023-01-01 09:06:06,2026-01-07,20000.0
63321501,Platinum,Crédito,2023-01-01 00:00:20,2023-01-28 20:01:39,2027-03-29,24000.0
64786800,Platinum,Crédito,2023-01-08 00:00:00,2023-01-26 04:25:13,2028-01-01,15000.0
18303483,Maestro/Debit,Débito,2023-03-21 00:00:20,2024-06-04 01:23:13,2026-11-06,0.0
28621266,Maestro/Debit,Débito,2023-01-04 00:00:20,2023-01-04 03:00:01,2027-05-13,0.0
50523387,Standard,Crédito,2024-03-14 00:00:20,2024-03-14 12:05:00,2028-01-01,8000.0
93260168,Gold,Crédito,2023-01-03 00:00:20,2023-01-03 10:50:30,2026-10-29,12000.0
91216337,Gold,Crédito,2023-05-30 00:00:20,2024-09-11 11:10:33,2027-06-22,14000.0
22703665,Black,Crédito,2024-09-01 00:00:20,2024-09-01 19:49:44,2026-05-30,32000.0
93802955,Maestro/Debit,Débito,2023-05-25 00:00:20,2024-03-21 23:40:54,2027-11-11,0.0
30417294,Gold,Crédito,2023-01-09 00:00:20,2023-03-08 06:27:01,2025-08-22,21000.0
20679030,Platinum,Crédito,2023-01-02 00:00:20,2023-01-08 16:37:15,2026-10-31,27000.0
14864092,Black,Crédito,2023-01-14 00:00:20,2023-01-15 17:06:49,2025-05-19,19000.0
86889445,Platinum,Crédito,2023-04-25 00:00:20,2024-05-17 08:14:01,2027-08-10,18000.0
24749179,Platinum,Crédito,2023-01-02 00:00:20,2023-01-02 13:32:30,2026-02-02,24000.0
59614307,Standard,Crédito,2023-01-01 00:00:20,2023-02-27 16:02:26,2025-07-30,10000.0
93661265,Gold,Crédito,2023-01-04 00:00:20,2023-01-04 05:41:53,2026-10-24,19000.0
49004904,Platinum,Crédito,2023-07-20 00:00:20,2024-10-13 20:49:44,2027-04-14,27000.0
20453897,Maestro/Debit,Débito,2024-09-21 00:00:20,2024-09-21 19:25:54,2027-04-07,0.0
63138451,Black,Crédito,2023-01-22 00:00:20,2023-01-22 02:18:20,2027-11-11,31000.0
36170052,Platinum,Crédito,2023-01-01 00:00:20,2023-01-04 07:07:01,2027-07-08,26000.0
15268017,Black,Crédito,2023-04-14 00:00:20,2024-06-23 14:31:03,2027-09-10,23000.0
63354194,Gold,Crédito,2023-01-12 00:00:20,2023-01-12 09:22:36,2027-03-29,9000.0
13659584,Maestro/Debit,Débito,2023-10-28 00:00:20,2024-10-23 17:06:09,2027-10-30,0.0
15220054,Platinum,Crédito,2024-05-05 00:00:20,2024-06-27 04:07:58,2026-04-30,23000.0
65321780,Standard,Crédito,2023-01-09 00:00:20,2023-02-19 10:06:10,2025-10-12,10000.0
53442240,Platinum,Crédito,2023-07-20 00:00:20,2024-02-15 11:52:52,2025-07-08,24000.0
25145372,Maestro/Debit,Débito,2023-01-16 00:00:20,2024-10-13 04:36:30,2026-09-07,0.0
73791866,Gold,Crédito,2023-08-27 00:00:20,2024-12-03 09:42:07,2027-10-21,19000.0
13107993,Gold,Crédito,2023-01-27 00:00:20,2024-05-20 15:56:35,2026-12-24,12000.0
50442509,Black,Crédito,2023-01-05 00:00:00,2023-01-08 03:40:33,2028-01-01,36000.0
48105448,Maestro/Debit,Débito,2023-01-22 00:00:20,2023-01-22 10:04:57,2025-12-20,0.0
36437111,Gold,Crédito,2023-02-04 00:00:00,2023-05-14 13:40:13,2028-01-01,12000.0
71940595,Platinum,Crédito,2023-10-24 00:00:20,2024-07-14 11:50:47,2027-05-21,21000.0
48199079,Maestro/Debit,Débito,2023-01-07 00:00:20,2023-01-07 23:40:23,2026-10-18,0.0
94467455,Platinum,Crédito,2023-01-22 00:00:20,2023-01-22 10:08:44,2027-10-03,27000.0
30493022,Maestro/Debit,Débito,2023-01-02 00:00:20,2023-01-07 07:12:24,2027-08-29,0.0
76765144,Black,Crédito,2023-05-28 00:00:20,2024-08-15 22:17:37,2026-05-13,32000.0
94070388,Standard,Crédito,2023-01-12 00:00:20,2024-04-02 14:27:33,2026-08-12,10000.0
68669506,Gold,Crédito,2024-10-18 00:00:20,2024-10-18 00:20:33,2026-11-24,15000.0
77994779,Black,Crédito,2023-01-08 00:00:20,2023-01-23 22:10:39,2027-01-06,40000.0
82674620,Platinum,Crédito,2023-01-22 00:00:00,2023-03-25 23:37:16,2028-01-01,31000.0
51849149,Black,Crédito,2024-08-20 00:00:20,2024-09-11 23:52:22,2026-07-07,38000.0
43006075,Platinum,Crédito,2023-01-08 00:00:20,2025-01-23 17:24:45,2025-07-12,25000.0
97667143,Platinum,Crédito,2023-01-01 00:00:20,2023-01-01 13:38:24,2027-05-26,30000.0
50226371,Gold,Crédito,2023-01-01 00:00:20,2023-01-01 10:19:00,2028-01-01,13000.0
23289969,Black,Crédito,2024-06-19 00:00:20,2024-06-19 21:19:47,2025-08-30,18000.0
13547214,Black,Crédito,2023-01-13 00:00:20,2023-01-13 18:55:34,2027-09-24,26000.0
65780144,Standard,Crédito,2023-01-01 00:00:20,2023-02-04 21:28:17,2027-01-20,11000.0
81019652,Black,Crédito,2023-01-04 00:00:20,2023-01-04 01:23:43,2027-11-04,44000.0
20770184,Maestro/Debit,Débito,2023-01-08 00:00:20,2023-01-08 11:20:49,2027-03-26,0.0
90125468,Maestro/Debit,Débito,2023-10-20 00:00:20,2024-12-09 00:50:44,2028-01-01,0.0
82969938,Gold,Crédito,2023-11-22 00:00:20,2024-05-16 23:31:07,2027-07-24,25000.0
56367059,Gold,Crédito,2023-01-02 00:00:00,2023-02-24 13:26:24,2028-01-01,21000.0
81425474,Maestro/Debit,Débito,2023-01-01 00:00:00,2023-02-01 03:40:31,2028-01-01,0.0
85746025,Black,Crédito,2023-01-01 00:00:20,2023-01-01 00:03:35,2025-12-25,29000.0
86108202,Black,Crédito,2023-01-07 00:00:20,2023-01-07 02:22:05,2027-03-22,40000.0
93560173,Platinum,Crédito,2023-01-26 00:00:00,2023-03-09 21:21:28,2028-01-01,20000.0
44156884,Gold,Crédito,2023-09-03 00:00:20,2024-03-23 23:24:40,2026-12-22,11000.0
27386167,Black,Crédito,2024-07-24 00:00:20,2024-08-05 06:32:12,2026-04-21,41000.0
56706353,Platinum,Crédito,2023-01-03 00:00:20,2023-01-03 09:46:30,2027-05-01,11000.0
31545202,Maestro/Debit,Débito,2023-01-14 00:00:20,2023-01-14 12:22:32,2026-01-31,0.0
85522710,Standard,Crédito,2023-01-11 00:00:20,2023-01-11 07:04:25,2026-09-23,8000.0
49941855,Gold,Crédito,2024-04-26 00:00:20,2024-05-12 17:12:04,2025-12-04,14000.0
50895895,Black,Crédito,2023-01-06 00:00:20,2023-01-06 13:16:49,2026-05-08,20000.0
11763704,Maestro/Debit,Débito,2023-12-03 00:00:20,2024-03-06 04:23:32,2025-10-13,0.0
63812394,Gold,Crédito,2023-09-19 00:00:20,2024-03-05 19:53:48,2027-03-15,18000.0
65266473,Black,Crédito,2023-12-01 00:00:20,2025-01-01 09:05:21,2025-10-26,26000.0
17432419,Black,Crédito,2023-07-22 00:00:20,2024-09-26 15:06:57,2025-11-17,38000.0
51131079,Maestro/Debit,Débito,2023-01-14 00:00:00,2023-04-19 00:47:22,2028-01-01,0.0
35983753,Platinum,Crédito,2023-01-10 00:00:20,2023-01-10 23:35:22,2026-09-14,19000.0
96126060,Maestro/Debit,Débito,2023-10-31 00:00:20,2024-05-19 11:45:47,2026-10-14,0.0
74972370,Maestro/Debit,Débito,2024-12-16 00:00:20,2024-12-23 20:45:45,2027-10-25,0.0
71722486,Gold,Crédito,2023-01-03 00:00:20,2023-01-03 07:54:20,2026-07-22,18000.0
54848800,Gold,Crédito,2023-01-02 00:00:20,2023-01-02 17:18:45,2027-09-10,8000.0
72227520,Platinum,Crédito,2024-07-11 00:00:20,2024-07-11 15:28:48,2027-04-10,11000.0
57726445,Platinum,Crédito,2023-01-02 00:00:00,2023-07-06 23:57:00,2028-01-01,18000.0
47125918,Platinum,Crédito,2024-10-01 00:00:20,2024-10-01 17:23:36,2028-01-01,31000.0
48273387,Standard,Crédito,2023-08-15 03:24:48,2023-08-16 03:24:48,2028-01-01,12000.0
89319842,Gold,Crédito,2024-06-14 00:00:20,2024-06-14 03:21:14,2027-01-11,13000.0
45967307,Maestro/Debit,Débito,2023-01-06 00:00:20,2023-01-16 05:28:32,2026-04-07,0.0
65790876,Platinum,Crédito,2023-01-02 00:00:20,2023-01-16 09:53:24,2025-08-20,15000.0
66578428,Gold,Crédito,2023-04-16 09:28:24,2023-04-17 09:28:24,2028-01-01,14000.0
39373038,Gold,Crédito,2023-01-02 00:00:20,2023-01-05 19:16:34,2027-09-05,9000.0
64204824,Platinum,Crédito,2024-02-06 00:00:20,2024-02-06 17:39:32,2025-09-07,17000.0
31727028,Standard,Crédito,2024-10-03 00:00:20,2024-10-21 06:04:40,2026-11-08,18000.0
72253303,Platinum,Crédito,2023-01-08 00:00:20,2023-01-08 11:27:25,2027-11-28,15000.0
82858253,Platinum,Crédito,2023-01-04 00:00:20,2023-01-04 02:20:14,2025-11-18,15000.0
83901468,Black,Crédito,2023-01-01 00:00:20,2023-01-06 08:58:30,2026-07-25,18000.0
64532384,Platinum,Crédito,2023-01-08 00:00:20,2023-01-08 14:46:43,2025-12-05,22000.0
71467355,Platinum,Crédito,2023-01-04 00:00:20,2023-01-04 03:44:07,2026-01-14,10000.0
34087070,Gold,Crédito,2023-01-06 00:00:20,2023-01-06 10:00:11,2027-11-20,22000.0
92050646,Maestro/Debit,Débito,2023-01-12 00:00:20,2023-01-12 05:40:34,2026-05-13,0.0
83310724,Gold,Crédito,2023-01-03 00:00:20,2023-01-03 04:51:25,2025-12-03,8000.0
35469847,Standard,Crédito,2023-01-08 00:00:20,2023-01-19 09:21:18,2026-07-21,14000.0
61891333,Gold,Crédito,2023-01-04 00:00:20,2023-01-29 16:08:44,2026-10-21,14000.0
99644155,Gold,Crédito,2023-01-18 00:00:20,2023-01-18 00:51:07,2026-02-26,13000.0
31254560,Black,Crédito,2023-01-01 00:00:20,2023-01-02 10:06:15,2027-09-07,18000.0
55065693,Platinum,Crédito,2023-01-01 00:00:20,2023-01-01 14:54:47,2026-05-17,11000.0
33603430,Platinum,Crédito,2023-08-15 00:00:20,2024-07-22 03:25:47,2027-01-05,27000.0
12357427,Platinum,Crédito,2023-01-30 00:00:20,2023-01-30 08:33:29,2027-09-13,20000.0
46979078,Black,Crédito,2023-10-07 00:00:20,2024-10-20 10:30:58,2027-11-13,15000.0
50300048,Black,Crédito,2023-01-17 00:00:00,2023-03-15 11:31:14,2028-01-01,45000.0
23578294,Black,Crédito,2023-01-03 00:00:20,2023-03-12 22:49:00,2025-05-02,20000.0
68314824,Maestro/Debit,Débito,2023-09-16 00:00:20,2024-12-15 01:50:49,2026-05-28,0.0
14524465,Black,Crédito,2023-01-19 00:00:20,2023-01-19 16:12:39,2027-01-11,26000.0
41082661,Platinum,Crédito,2023-01-05 00:00:20,2023-01-25 19:23:05,2027-11-24,21000.0
53371194,Black,Crédito,2023-06-14 00:00:20,2024-05-11 01:45:33,2027-01-06,46000.0
76686474,Gold,Crédito,2023-01-02 00:00:00,2023-06-22 23:57:00,2028-01-01,12000.0
63268340,Platinum,Crédito,2023-01-06 00:00:20,2023-04-03 07:25:38,2027-01-17,23000.0
81375948,Black,Crédito,2023-01-01 00:00:20,2023-02-13 10:58:53,2026-09-24,41000.0
45318089,Gold,Crédito,2023-01-04 00:00:20,2023-01-04 00:48:13,2026-07-19,20000.0
84766783,Black,Crédito,2023-09-03 06:53:50,2023-09-04 06:53:50,2028-01-01,37000.0
62409930,Black,Crédito,2023-11-14 00:00:20,2024-11-16 16:24:51,2025-06-26,36000.0
96199220,Black,Crédito,2023-05-01 00:00:20,2024-08-11 05:38:13,2027-09-01,33000.0
87026341,Black,Crédito,2025-01-01 00:00:20,2025-01-18 16:55:43,2026-08-14,38000.0
43958243,Black,Crédito,2023-01-06 00:00:20,2023-01-06 00:30:16,2025-06-10,21000.0
48484511,Platinum,Crédito,2023-01-01 00:00:00,2023-02-17 07:52:29,2028-01-01,22000.0
65986947,Gold,Crédito,2023-02-24 00:00:20,2024-01-04 03:53:01,2027-08-15,11000.0
15141444,Platinum,Crédito,2023-01-14 00:00:20,2023-01-14 22:38:00,2026-02-01,29000.0
94574594,Gold,Crédito,2023-01-02 00:00:20,2023-01-02 01:33:56,2027-08-21,11000.0
78953982,Black,Crédito,2023-01-08 00:00:20,2023-01-12 07:02:56,2027-05-04,45000.0
83437159,Maestro/Debit,Débito,2023-01-05 00:00:20,2023-01-05 12:16:10,2025-12-01,0.0
91380894,Platinum,Crédito,2023-08-19 00:00:20,2024-11-07 02:57:11,2027-02-11,27000.0
61676141,Black,Crédito,2023-01-06 00:00:20,2023-01-06 05:19:17,2027-06-29,43000.0
57384572,Platinum,Crédito,2023-10-03 00:00:20,2024-09-27 15:42:58,2027-12-29,23000.0
73317554,Black,Crédito,2023-01-10 00:00:20,2023-01-10 07:33:27,2026-05-08,48000.0
92998626,Platinum,Crédito,2023-01-09 00:00:20,2023-01-09 11:18:19,2027-08-19,33000.0
35824368,Gold,Crédito,2023-01-02 00:00:20,2023-01-08 06:23:55,2026-04-03,16000.0
46240910,Standard,Crédito,2023-01-06 00:00:20,2023-01-09 06:44:20,2026-08-08,14000.0
81927775,Platinum,Crédito,2023-01-10 00:00:20,2023-01-10 07:44:57,2026-08-26,12000.0
45398629,Standard,Crédito,2023-01-03 00:00:20,2023-01-15 10:18:49,2025-08-30,9000.0
88733663,Maestro/Debit,Débito,2024-09-15 00:00:20,2024-09-15 05:43:50,2026-05-20,0.0
71395444,Black,Crédito,2023-01-01 00:00:20,2023-01-01 13:36:24,2025-11-13,16000.0
67785853,Platinum,Crédito,2023-01-13 00:00:20,2023-01-13 16:33:33,2027-11-09,26000.0
46964396,Platinum,Crédito,2024-09-04 00:00:20,2024-09-04 22:33:39,2026-04-19,22000.0
33352221,Platinum,Crédito,2023-11-10 00:00:20,2024-11-11 20:49:31,2028-01-01,19000.0
47639751,Platinum,Crédito,2023-01-15 00:00:20,2023-02-08 20:45:20,2027-05-22,24000.0
68002248,Maestro/Debit,Débito,2024-01-22 00:00:20,2024-01-22 19:48:22,2027-06-04,0.0
91856942,Standard,Crédito,2023-01-02 00:00:20,2023-01-11 19:16:36,2027-04-10,18000.0
82435107,Gold,Crédito,2023-01-05 00:00:20,2023-01-05 02:14:59,2026-04-07,7000.0
31761062,Platinum,Crédito,2023-01-06 00:00:20,2023-01-17 11:57:52,2027-10-05,21000.0
46878901,Gold,Crédito,2023-02-24 00:00:20,2024-01-06 21:54:41,2027-12-28,21000.0
93095295,Maestro/Debit,Débito,2023-01-04 00:00:00,2023-06-02 13:42:14,2028-01-01,0.0
36825659,Gold,Crédito,2023-01-02 00:00:20,2023-01-02 05:11:12,2027-08-03,12000.0
71668578,Black,Crédito,2023-05-22 00:00:20,2024-03-03 18:14:49,2027-12-06,42000.0
62173489,Gold,Crédito,2024-01-17 00:00:20,2024-01-17 04:47:09,2027-11-08,16000.0
59232899,Black,Crédito,2023-01-05 00:00:20,2023-01-05 04:40:55,2026-06-07,34000.0
31737157,Platinum,Crédito,2024-09-12 00:00:20,2024-09-14 10:08:12,2027-03-28,25000.0
19844441,Black,Crédito,2023-12-04 00:00:20,2024-03-22 14:25:52,2027-10-07,42000.0
99730664,Platinum,Crédito,2023-02-05 00:00:00,2023-10-26 09:41:42,2028-01-01,20000.0
41358728,Gold,Crédito,2024-05-16 00:00:20,2024-05-16 14:48:52,2027-02-16,9000.0
32394990,Black,Crédito,2023-10-28 00:00:20,2024-10-29 09:00:44,2027-04-23,26000.0
42419392,Platinum,Crédito,2023-01-01 00:00:20,2023-01-04 12:44:22,2027-03-24,17000.0
87283233,Platinum,Crédito,2023-01-09 00:00:20,2023-01-20 23:32:31,2026-02-15,28000.0
73212653,Platinum,Crédito,2023-01-01 00:00:20,2023-04-21 12:49:19,2026-05-25,23000.0
87884499,Black,Crédito,2024-06-13 00:00:20,2024-06-13 07:17:04,2025-11-11,26000.0
31798207,Platinum,Crédito,2024-05-26 00:00:20,2024-05-26 05:19:39,2026-05-28,34000.0
47471287,Standard,Crédito,2023-01-01 00:00:20,2023-01-01 18:56:47,2026-09-11,17000.0
20645256,Black,Crédito,2023-01-03 00:00:20,2023-01-03 17:51:43,2025-09-11,18000.0
29370731,Black,Crédito,2024-08-21 00:00:20,2024-08-21 06:39:06,2026-03-05,26000.0
70506498,Platinum,Crédito,2023-01-02 00:00:20,2023-01-02 18:58:41,2025-06-16,16000.0
31999411,Maestro/Debit,Débito,2023-01-01 00:00:20,2023-01-01 07:26:46,2027-09-27,0.0
18434957,Gold,Crédito,2023-01-07 00:00:20,2023-01-07 02:10:49,2026-09-24,9000.0
93195285,Platinum,Crédito,2023-01-09 00:00:20,2023-01-23 06:16:18,2026-10-25,13000.0
59812404,Platinum,Crédito,2023-01-01 00:00:00,2023-01-28 12:41:27,2028-01-01,14000.0
52767385,Gold,Crédito,2023-01-18 00:00:20,2023-01-22 12:56:11,2026-04-29,23000.0
10957173,Black,Crédito,2023-01-04 00:00:20,2023-01-16 17:57:22,2027-08-28,14000.0
48542088,Gold,Crédito,2023-01-02 00:00:20,2023-01-02 02:32:36,2027-05-27,9000.0
86873398,Maestro/Debit,Débito,2023-01-01 00:00:20,2023-01-01 20:41:00,2025-12-19,0.0
22520745,Gold,Crédito,2023-03-03 00:00:20,2024-02-03 04:13:16,2028-01-01,11000.0
11904604,Maestro/Debit,Débito,2024-08-21 00:00:20,2024-08-27 00:11:20,2026-09-29,0.0
16515028,Standard,Crédito,2023-02-06 00:00:20,2024-02-09 15:07:19,2027-10-18,16000.0
22836925,Black,Crédito,2023-01-10 00:00:20,2023-01-10 05:24:17,2025-12-06,44000.0
58934082,Maestro/Debit,Débito,2023-10-11 00:00:20,2024-05-05 18:19:33,2027-08-26,0.0
74336361,Black,Crédito,2023-01-02 00:00:20,2023-01-02 16:50:32,2025-01-20,35000.0
77577443,Platinum,Crédito,2023-01-04 00:00:20,2023-01-04 23:19:10,2025-12-28,20000.0
48292302,Black,Crédito,2024-06-25 00:00:20,2024-06-25 13:54:29,2027-07-08,23000.0
79804190,Black,Crédito,2023-01-03 00:00:20,2023-01-26 14:54:57,2025-05-29,44000.0
11793874,Platinum,Crédito,2023-01-01 00:00:20,2023-01-01 20:33:17,2026-08-16,19000.0
43079234,Platinum,Crédito,2023-01-02 00:00:20,2023-01-30 01:45:10,2027-06-22,17000.0
62904078,Platinum,Crédito,2023-02-14 00:00:20,2024-12-23 18:34:24,2027-09-29,20000.0
37281754,Platinum,Crédito,2023-01-05 00:00:20,2023-01-05 00:07:10,2027-08-05,24000.0
89574366,Black,Crédito,2023-01-11 00:00:20,2023-01-13 20:36:49,2026-10-20,31000.0
32020506,Black,Crédito,2023-01-08 00:00:20,2023-01-14 13:28:02,2027-02-28,41000.0
30561069,Gold,Crédito,2023-01-04 00:00:00,2023-04-29 02:21:10,2028-01-01,18000.0
45742017,Platinum,Crédito,2023-01-18 00:00:20,2023-02-02 02:24:17,2026-09-17,29000.0
95877435,Standard,Crédito,2024-08-07 00:00:20,2024-08-07 05:18:45,2027-01-30,16000.0
14996657,Gold,Crédito,2023-01-11 00:00:00,2023-02-02 15:16:48,2028-01-01,15000.0
70089238,Gold,Crédito,2023-01-07 00:00:20,2023-01-17 15:35:33,2026-04-11,13000.0
30818825,Gold,Crédito,2023-01-04 00:00:20,2023-01-15 02:41:49,2026-05-15,13000.0
75879979,Platinum,Crédito,2023-09-09 00:00:20,2024-10-23 00:02:50,2027-06-11,25000.0
80875154,Gold,Crédito,2023-01-10 00:00:20,2023-01-10 05:17:37,2027-06-14,7000.0
36893567,Platinum,Crédito,2024-01-13 00:00:20,2024-01-13 22:17:12,2025-11-29,19000.0
76631579,Platinum,Crédito,2023-11-08 00:00:20,2024-12-06 03:18:59,2027-08-01,26000.0
61688053,Standard,Crédito,2023-01-05 00:00:20,2023-01-09 16:00:10,2026-10-18,12000.0
56388292,Platinum,Crédito,2023-12-07 00:00:20,2024-08-25 17:09:33,2026-04-25,19000.0
84334450,Standard,Crédito,2023-01-08 00:00:20,2023-01-08 07:40:05,2027-11-17,7000.0
52790360,Maestro/Debit,Débito,2023-01-16 00:00:20,2023-01-18 22:21:57,2026-02-04,0.0
59727157,Maestro/Debit,Débito,2023-07-19 00:00:20,2024-01-23 10:15:57,2027-07-11,0.0
17912316,Maestro/Debit,Débito,2023-01-02 00:00:20,2023-01-02 01:36:12,2027-01-28,0.0
15416534,Platinum,Crédito,2023-01-01 00:00:20,2023-01-01 08:21:03,2027-01-21,25000.0
74274554,Platinum,Crédito,2023-01-04 00:00:20,2023-01-06 07:34:57,2028-01-01,34000.0
61874154,Platinum,Crédito,2023-02-27 00:00:20,2024-12-17 09:46:30,2027-08-22,17000.0
27059834,Platinum,Crédito,2023-02-05 00:00:00,2023-07-26 02:42:36,2028-01-01,32000.0
20905033,Platinum,Crédito,2023-04-07 00:00:20,2024-09-06 11:09:41,2027-12-04,13000.0
16539113,Standard,Crédito,2023-01-03 00:00:20,2023-01-03 18:40:11,2027-09-21,7000.0
90848704,Gold,Crédito,2024-04-27 00:00:20,2024-04-27 06:48:00,2027-02-24,14000.0
43530663,Platinum,Crédito,2023-01-17 00:00:20,2023-01-17 18:06:25,2027-05-09,22000.0
36535399,Black,Crédito,2023-11-25 00:00:20,2024-10-18 05:35:56,2025-08-14,40000.0
67878094,Platinum,Crédito,2023-01-05 00:00:20,2023-01-05 09:17:19,2027-05-23,23000.0
66556902,Black,Crédito,2023-10-14 00:00:20,2024-05-28 01:53:00,2027-08-23,42000.0
93104209,Maestro/Debit,Débito,2023-01-03 00:00:20,2023-01-22 00:24:39,2027-03-14,0.0
96863802,Platinum,Crédito,2023-01-08 00:00:20,2023-02-01 03:19:17,2027-08-17,20000.0
61761144,Black,Crédito,2023-01-02 00:00:20,2023-01-08 12:19:10,2026-09-02,31000.0
91769528,Black,Crédito,2023-02-09 00:00:20,2024-07-04 19:43:08,2025-04-04,30000.0
55641936,Gold,Crédito,2023-01-02 00:00:20,2023-01-02 19:48:22,2027-06-01,18000.0
85929301,Gold,Crédito,2023-01-03 00:00:20,2023-01-03 12:40:01,2027-10-20,15000.0
43001197,Platinum,Crédito,2024-11-23 00:00:20,2024-11-23 11:05:44,2026-05-20,23000.0
42497626,Black,Crédito,2023-01-12 00:00:20,2024-08-08 13:51:40,2026-01-31,23000.0
68444759,Platinum,Crédito,2023-01-05 00:00:20,2023-01-05 02:37:34,2026-07-02,27000.0
72735277,Platinum,Crédito,2024-02-15 00:00:20,2024-02-21 01:01:11,2027-02-01,17000.0
62314536,Platinum,Crédito,2023-01-03 00:00:20,2023-01-03 00:37:17,2026-04-14,10000.0
43394043,Gold,Crédito,2023-01-02 00:00:20,2023-01-02 08:02:39,2027-07-26,21000.0
81868612,Platinum,Crédito,2023-01-06 00:00:20,2023-01-06 17:54:00,2026-06-29,29000.0
64177192,Platinum,Crédito,2023-01-01 00:00:00,2023-01-12 15:13:09,2028-01-01,33000.0
21483094,Maestro/Debit,Débito,2024-10-03 00:00:20,2024-10-03 09:22:33,2026-08-01,0.0
86986010,Platinum,Crédito,2023-12-15 00:00:20,2024-06-01 05:33:58,2028-01-01,24000.0
94312358,Gold,Crédito,2024-06-20 00:00:20,2025-03-10 22:00:50,2026-03-27,12000.0
27213112,Black,Crédito,2023-01-10 00:00:00,2023-06-13 07:53:34,2028-01-01,32000.0
69016985,Platinum,Crédito,2023-08-16 00:00:20,2024-04-08 06:22:50,2025-08-17,20000.0
81566960,Black,Crédito,2023-01-04 00:00:20,2023-01-04 03:22:45,2025-09-26,29000.0
57512365,Platinum,Crédito,2024-11-25 00:00:20,2024-11-26 01:40:10,2028-01-01,27000.0
49484830,Maestro/Debit,Débito,2023-06-13 00:00:20,2024-11-11 22:08:08,2027-10-09,0.0
44861271,Platinum,Crédito,2023-01-02 00:00:20,2023-01-06 01:33:05,2026-05-17,21000.0
37079906,Black,Crédito,2024-11-09 00:00:20,2024-11-09 12:33:41,2025-07-30,17000.0
78847365,Black,Crédito,2023-01-04 00:00:20,2023-01-14 16:01:27,2026-11-16,19000.0
35712620,Platinum,Crédito,2023-01-26 00:00:20,2023-01-28 18:08:03,2027-02-04,22000.0
99664278,Black,Crédito,2023-01-02 00:00:00,2023-02-11 04:13:15,2028-01-01,28000.0
98074737,Black,Crédito,2024-06-28 00:00:20,2024-06-28 11:06:06,2027-04-08,12000.0
13945453,Standard,Crédito,2023-01-12 00:00:20,2023-03-23 20:30:46,2027-01-20,17000.0
51048982,Platinum,Crédito,2023-01-16 00:00:20,2024-11-10 05:04:00,2027-06-09,26000.0
54761212,Platinum,Crédito,2023-01-01 00:00:20,2023-01-01 07:43:18,2027-04-03,16000.0
39300548,Maestro/Debit,Débito,2023-02-12 00:00:20,2024-09-09 19:55:31,2026-06-05,0.0
92036465,Black,Crédito,2023-10-11 00:00:20,2024-12-20 09:17:44,2027-09-01,37000.0
14727127,Maestro/Debit,Débito,2024-04-04 00:00:20,2024-04-21 09:39:52,2026-11-25,0.0
86465156,Black,Crédito,2023-11-05 00:00:20,2024-07-28 20:28:45,2026-08-28,23000.0
66832495,Maestro/Debit,Débito,2024-08-25 00:00:20,2024-08-26 10:29:04,2027-04-02,0.0
42735556,Platinum,Crédito,2024-09-06 00:00:20,2024-09-06 07:43:00,2027-12-25,23000.0
84535119,Maestro/Debit,Débito,2024-08-03 00:00:20,2024-10-13 04:19:32,2025-12-13,0.0
13114279,Maestro/Debit,Débito,2023-01-02 00:00:20,2023-01-02 10:14:17,2028-01-01,0.0
39183150,Platinum,Crédito,2023-06-14 00:00:20,2024-05-07 03:56:42,2027-07-21,10000.0
10765175,Maestro/Debit,Débito,2023-01-02 00:00:20,2023-02-04 01:09:29,2027-06-01,0.0
84235674,Platinum,Crédito,2023-01-05 00:00:20,2023-01-11 00:36:23,2026-11-10,14000.0
21258632,Platinum,Crédito,2023-01-01 00:00:20,2023-01-14 04:38:17,2026-07-23,12000.0
17509391,Platinum,Crédito,2023-09-17 00:00:20,2024-03-10 09:22:28,2026-10-03,24000.0
86118793,Gold,Crédito,2023-05-13 00:00:20,2024-06-09 09:13:57,2026-03-07,12000.0
71625464,Black,Crédito,2023-01-04 00:00:20,2023-01-28 13:16:52,2026-01-30,39000.0
55278915,Gold,Crédito,2023-01-06 00:00:20,2023-01-07 21:47:40,2025-12-01,14000.0
14572355,Platinum,Crédito,2023-01-12 00:00:20,2023-01-12 11:02:01,2026-09-11,12000.0
87113874,Gold,Crédito,2023-01-05 00:00:20,2023-01-05 13:25:22,2026-03-03,18000.0
27659534,Gold,Crédito,2023-01-03 00:00:20,2023-01-03 07:38:59,2027-05-23,20000.0
12133232,Platinum,Crédito,2023-01-22 00:00:20,2023-01-22 06:05:09,2027-12-01,17000.0
14415432,Black,Crédito,2024-07-07 00:00:20,2024-08-14 21:30:57,2027-05-15,36000.0
45963256,Black,Crédito,2023-01-02 00:00:20,2023-01-02 06:15:40,2027-07-13,37000.0
64765743,Black,Crédito,2023-01-02 00:00:00,2023-04-24 10:43:39,2028-01-01,37000.0
54943829,Black,Crédito,2023-11-18 00:00:20,2024-02-14 18:04:48,2027-07-13,36000.0
46243851,Platinum,Crédito,2024-04-13 00:00:20,2024-04-13 07:40:50,2028-01-01,13000.0
40023267,Black,Crédito,2023-11-06 00:00:20,2024-03-23 14:13:25,2026-02-09,19000.0
59265302,Maestro/Debit,Débito,2023-01-19 00:00:20,2023-01-20 09:25:02,2025-11-30,0.0
96989031,Gold,Crédito,2024-06-27 00:00:20,2024-06-27 16:38:33,2025-04-08,10000.0
40565307,Platinum,Crédito,2023-06-09 00:00:20,2024-04-14 23:23:38,2027-01-23,35000.0
69814630,Gold,Crédito,2023-01-07 00:00:20,2023-01-07 12:51:18,2027-11-18,23000.0
64061042,Black,Crédito,2024-12-05 00:00:20,2024-12-07 09:28:49,2025-08-18,29000.0
17846986,Platinum,Crédito,2023-01-02 00:00:20,2023-01-22 05:48:15,2027-12-30,14000.0
81533321,Gold,Crédito,2023-01-11 00:00:20,2023-01-11 17:54:39,2028-01-01,15000.0
13600554,Platinum,Crédito,2023-01-08 00:00:20,2023-01-08 17:25:40,2025-07-18,24000.0
95833461,Platinum,Crédito,2023-02-14 00:00:20,2024-09-17 09:29:29,2025-09-20,13000.0
18977697,Maestro/Debit,Débito,2023-01-21 00:00:20,2024-12-17 11:33:56,2027-11-09,0.0
58207267,Maestro/Debit,Débito,2024-04-25 00:00:20,2024-07-17 06:30:53,2026-08-31,0.0
62131451,Gold,Crédito,2024-04-27 00:00:20,2024-05-12 11:33:01,2026-03-06,10000.0
55967033,Gold,Crédito,2023-12-08 00:00:20,2024-01-09 06:05:59,2026-04-02,14000.0
50376254,Gold,Crédito,2023-09-16 00:00:20,2024-12-27 22:13:56,2026-10-15,12000.0
75505141,Platinum,Crédito,2023-03-18 00:00:20,2024-06-20 20:57:20,2026-03-13,31000.0
60857701,Platinum,Crédito,2023-02-05 00:00:20,2024-04-01 10:12:35,2027-07-04,17000.0
48879978,Black,Crédito,2023-01-06 00:00:20,2023-01-06 20:15:10,2027-02-09,20000.0
91842807,Platinum,Crédito,2023-01-01 00:00:20,2023-01-01 21:41:17,2027-04-29,23000.0
77131927,Gold,Crédito,2023-01-02 00:00:20,2023-01-10 07:53:37,2027-02-20,20000.0
50581247,Black,Crédito,2024-09-16 00:00:20,2024-10-03 04:37:06,2028-01-01,46000.0
26420992,Maestro/Debit,Débito,2023-04-09 00:00:20,2024-12-25 14:48:43,2026-05-31,0.0
12083383,Maestro/Debit,Débito,2023-01-02 00:00:20,2023-01-02 16:12:51,2027-05-31,0.0
37160487,Standard,Crédito,2023-01-07 00:00:00,2023-06-17 08:02:42,2028-01-01,7000.0
41250991,Gold,Crédito,2024-09-12 00:00:20,2024-09-12 15:56:18,2027-12-09,11000.0
95574113,Maestro/Debit,Débito,2023-02-26 00:00:20,2024-08-08 17:33:32,2026-10-14,0.0
89636414,Black,Crédito,2023-01-11 00:00:20,2023-01-11 11:46:35,2027-02-17,27000.0
51800962,Gold,Crédito,2023-01-07 00:00:20,2023-10-02 22:47:20,2026-12-25,15000.0
39643141,Black,Crédito,2023-01-01 00:00:20,2023-02-04 16:49:13,2025-12-17,41000.0
69572918,Standard,Crédito,2023-11-26 00:00:20,2024-05-08 20:45:34,2025-10-20,15000.0
69172892,Black,Crédito,2023-12-12 00:00:20,2024-05-01 13:12:31,2027-12-08,43000.0
43104972,Maestro/Debit,Débito,2023-01-03 00:00:20,2023-01-03 05:55:52,2026-07-27,0.0
93947044,Maestro/Debit,Débito,2024-05-24 00:00:20,2024-06-12 01:28:22,2025-03-15,0.0
74166842,Black,Crédito,2023-01-07 00:00:20,2023-01-07 03:51:35,2025-08-20,30000.0
29681526,Platinum,Crédito,2024-07-07 00:00:20,2024-07-07 07:17:14,2026-02-02,16000.0
54178669,Maestro/Debit,Débito,2023-01-02 00:00:20,2023-01-02 13:04:58,2026-06-09,0.0
83937748,Platinum,Crédito,2023-01-16 00:00:20,2023-04-13 00:51:47,2027-08-19,28000.0
79216132,Maestro/Debit,Débito,2023-01-04 00:00:20,2023-01-04 05:33:35,2027-02-24,0.0
75874205,Platinum,Crédito,2023-09-28 00:00:20,2024-03-27 00:03:42,2025-10-20,22000.0
49914820,Platinum,Crédito,2023-01-01 00:00:20,2023-01-10 03:15:52,2027-11-21,27000.0
84678718,Black,Crédito,2024-12-22 00:00:20,2024-12-22 10:25:52,2027-07-27,38000.0
93565340,Black,Crédito,2023-06-23 00:00:20,2024-03-28 08:05:39,2026-05-19,45000.0
17158229,Standard,Crédito,2023-01-03 00:00:20,2023-01-03 23:57:01,2026-05-09,15000.0
39555842,Platinum,Crédito,2023-01-04 00:00:20,2023-01-04 16:40:48,2026-06-21,30000.0
75367768,Gold,Crédito,2023-01-07 00:00:20,2023-01-07 19:59:41,2027-09-27,15000.0
68987505,Platinum,Crédito,2023-01-01 00:00:20,2023-02-06 03:58:15,2025-06-22,30000.0
48376585,Gold,Crédito,2023-01-09 00:00:20,2023-01-18 14:55:34,2026-02-25,27000.0
77320768,Standard,Crédito,2023-11-30 00:00:20,2024-02-23 07:13:59,2027-11-30,16000.0
51686638,Maestro/Debit,Débito,2023-01-03 00:00:20,2023-01-03 11:26:21,2026-10-18,0.0
15228064,Platinum,Crédito,2023-01-01 00:00:20,2023-01-01 16:58:07,2025-12-16,29000.0
63261749,Gold,Crédito,2024-06-28 00:00:20,2024-07-28 14:03:00,2027-06-17,26000.0
23294858,Standard,Crédito,2023-01-02 00:00:20,2023-01-09 00:00:52,2025-09-02,13000.0
52941564,Platinum,Crédito,2023-01-06 00:00:20,2023-01-19 09:03:39,2027-03-17,21000.0
81273185,Maestro/Debit,Débito,2023-01-11 00:00:20,2023-01-21 05:12:04,2025-12-22,0.0
73922636,Platinum,Crédito,2023-01-22 00:00:20,2023-02-03 23:48:00,2026-06-17,19000.0
87958038,Black,Crédito,2023-01-03 00:00:20,2023-01-03 03:15:14,2026-01-11,29000.0
30717221,Maestro/Debit,Débito,2023-01-02 00:00:20,2023-01-02 20:07:03,2026-12-08,0.0
70158752,Platinum,Crédito,2023-06-28 00:00:20,2024-11-02 06:20:11,2026-02-05,22000.0
56362603,Maestro/Debit,Débito,2023-01-05 00:00:20,2023-01-05 14:19:32,2026-05-08,0.0
73506874,Maestro/Debit,Débito,2023-05-27 00:00:20,2024-05-12 05:18:58,2026-03-22,0.0
62233247,Black,Crédito,2024-07-10 00:00:20,2024-07-10 20:34:11,2026-07-05,14000.0
60229551,Maestro/Debit,Débito,2023-01-12 00:00:20,2023-02-19 17:56:40,2025-05-04,0.0
81095077,Platinum,Crédito,2023-01-01 00:00:00,2023-03-06 03:40:31,2028-01-01,32000.0
97281583,Gold,Crédito,2023-02-15 00:00:20,2024-09-09 09:09:19,2027-03-14,20000.0
69980844,Gold,Crédito,2024-03-02 00:00:20,2024-06-05 00:20:01,2027-08-18,10000.0
64958937,Maestro/Debit,Débito,2023-08-11 00:00:20,2024-08-05 06:16:10,2025-06-16,0.0
48845468,Black,Crédito,2023-01-05 00:00:20,2023-08-18 00:49:38,2027-09-03,24000.0
30564564,Platinum,Crédito,2023-01-02 00:00:20,2023-01-02 04:33:00,2027-12-03,11000.0
37058049,Platinum,Crédito,2023-01-21 00:00:20,2023-01-21 16:43:25,2027-03-28,30000.0
14148612,Standard,Crédito,2023-01-10 00:00:00,2023-02-22 05:34:03,2028-01-01,11000.0
74619324,Platinum,Crédito,2023-01-02 00:00:20,2023-01-10 01:20:09,2027-08-04,18000.0
85463072,Black,Crédito,2023-01-14 00:00:20,2023-12-15 00:02:08,2026-01-09,27000.0
70764101,Platinum,Crédito,2023-05-06 00:00:20,2024-12-20 15:14:57,2025-07-04,16000.0
40195986,Platinum,Crédito,2024-02-06 00:00:20,2024-03-14 14:10:30,2028-01-01,20000.0
71284150,Maestro/Debit,Débito,2024-04-26 00:00:20,2024-04-26 23:03:49,2025-11-17,0.0
23453126,Platinum,Crédito,2024-07-15 00:00:20,2024-08-19 06:59:33,2027-09-29,25000.0
67365913,Black,Crédito,2023-01-27 00:00:20,2023-03-01 15:24:10,2027-01-08,41000.0
71112953,Maestro/Debit,Débito,2023-03-11 00:00:20,2024-04-13 08:23:12,2025-05-07,0.0
71743396,Black,Crédito,2023-01-04 00:00:20,2023-01-04 23:13:06,2026-06-03,42000.0
54641884,Maestro/Debit,Débito,2023-01-02 00:00:20,2023-01-02 01:16:46,2027-03-31,0.0
94316834,Gold,Crédito,2023-01-04 00:00:20,2023-04-09 17:52:17,2027-07-03,21000.0
83054320,Maestro/Debit,Débito,2023-01-02 00:00:20,2023-01-04 05:25:10,2026-05-30,0.0
38564360,Black,Crédito,2023-01-16 00:00:20,2023-01-16 09:30:28,2027-12-17,18000.0
89221277,Black,Crédito,2024-07-19 00:00:20,2024-07-19 20:44:27,2027-01-04,38000.0
94372857,Standard,Crédito,2024-01-24 00:00:20,2024-02-09 08:00:08,2028-01-01,7000.0
82352838,Maestro/Debit,Débito,2023-01-01 00:00:20,2023-01-01 08:46:25,2027-05-06,0.0
40812828,Standard,Crédito,2023-01-03 00:00:00,2023-09-20 02:51:32,2028-01-01,18000.0
18090982,Black,Crédito,2023-01-13 00:00:20,2023-01-13 04:16:47,2027-11-19,27000.0
45121893,Standard,Crédito,2023-01-08 00:00:20,2023-02-07 00:20:37,2026-09-08,11000.0
91441951,Gold,Crédito,2023-02-06 00:00:20,2023-09-21 10:33:19,2026-08-26,15000.0
19334561,Platinum,Crédito,2024-03-12 00:00:20,2024-03-18 19:50:48,2026-06-29,28000.0
13403801,Standard,Crédito,2023-01-02 00:00:20,2023-01-02 10:50:38,2026-05-22,12000.0
30128779,Gold,Crédito,2023-01-09 00:00:20,2023-01-13 09:28:33,2027-06-18,12000.0
57977616,Gold,Crédito,2023-11-05 00:00:20,2024-06-08 19:39:02,2026-12-19,9000.0
63876067,Black,Crédito,2023-10-27 00:00:20,2024-06-14 14:37:38,2027-07-08,26000.0
84983604,Platinum,Crédito,2023-01-03 00:00:00,2023-05-06 17:16:30,2028-01-01,12000.0
59809449,Black,Crédito,2023-01-07 00:00:20,2023-01-14 14:48:23,2027-08-19,13000.0
20694886,Platinum,Crédito,2023-01-02 00:00:00,2023-03-13 16:28:57,2028-01-01,10000.0
95228303,Platinum,Crédito,2024-02-15 00:00:20,2024-02-15 18:11:26,2025-10-02,17000.0
40923809,Black,Crédito,2023-01-04 00:00:20,2023-01-04 10:44:43,2026-08-15,28000.0
52935778,Platinum,Crédito,2023-01-02 00:00:20,2023-01-08 01:26:36,2026-10-11,15000.0
69316117,Black,Crédito,2024-07-22 00:00:20,2024-07-22 21:25:18,2026-04-12,20000.0
70356112,Maestro/Debit,Débito,2023-01-04 00:00:00,2023-08-06 14:00:12,2028-01-01,0.0
21750468,Maestro/Debit,Débito,2023-07-20 00:00:20,2024-08-30 05:01:18,2027-10-21,0.0
79404035,Black,Crédito,2023-08-02 00:00:20,2024-05-17 18:11:13,2025-10-21,29000.0
11179970,Maestro/Debit,Débito,2023-04-02 00:00:20,2024-05-27 14:10:33,2027-06-28,0.0
67578944,Gold,Crédito,2023-01-06 00:00:20,2023-01-06 16:37:10,2027-10-19,10000.0
59904534,Platinum,Crédito,2023-10-14 00:00:20,2024-08-23 04:47:09,2028-01-01,13000.0
23087282,Black,Crédito,2024-04-26 00:00:20,2024-04-26 16:43:20,2027-03-23,39000.0
84183169,Gold,Crédito,2023-01-15 00:00:20,2023-01-28 16:13:39,2026-11-08,16000.0
98013658,Standard,Crédito,2023-04-17 00:00:20,2024-11-15 07:09:55,2026-08-15,11000.0
44544858,Gold,Crédito,2023-01-03 00:00:20,2023-01-03 11:19:27,2027-02-12,10000.0
72884472,Black,Crédito,2023-02-09 00:00:00,2023-07-27 09:08:33,2028-01-01,17000.0
98542493,Black,Crédito,2023-01-09 00:00:00,2023-03-15 06:50:59,2028-01-01,41000.0
27349588,Platinum,Crédito,2023-01-12 00:00:20,2023-01-12 12:42:41,2027-06-12,34000.0
32009468,Platinum,Crédito,2023-01-04 00:00:20,2023-01-04 20:06:33,2027-02-28,29000.0
37413832,Platinum,Crédito,2023-01-03 00:00:20,2023-01-03 11:44:08,2026-07-27,22000.0
19585440,Platinum,Crédito,2023-01-08 00:00:20,2023-01-16 07:04:08,2027-01-10,13000.0
65502395,Maestro/Debit,Débito,2023-02-12 00:00:20,2024-08-02 10:18:08,2026-08-02,0.0
71338375,Maestro/Debit,Débito,2024-06-20 00:00:20,2024-06-20 09:03:43,2026-11-29,0.0
28360692,Platinum,Crédito,2023-01-04 00:00:20,2023-01-04 13:18:44,2026-02-17,30000.0
77290059,Maestro/Debit,Débito,2023-01-09 00:00:00,2023-07-11 23:12:24,2028-01-01,0.0
79948574,Platinum,Crédito,2023-01-12 00:00:00,2023-05-11 02:25:46,2028-01-01,28000.0
85608900,Platinum,Crédito,2023-11-25 00:00:20,2024-04-06 21:50:26,2026-12-12,14000.0
52879819,Platinum,Crédito,2023-01-06 00:00:20,2023-01-06 10:12:38,2027-12-27,20000.0
17116328,Gold,Crédito,2023-02-10 00:00:20,2024-06-24 04:21:30,2028-01-01,21000.0
27829504,Maestro/Debit,Débito,2024-10-18 00:00:20,2024-12-23 02:31:49,2027-07-12,0.0
55418873,Gold,Crédito,2023-01-12 00:00:20,2023-01-12 13:31:14,2028-01-01,16000.0
57875071,Platinum,Crédito,2023-12-30 00:00:20,2024-10-12 16:37:07,2026-04-16,21000.0
69623653,Platinum,Crédito,2024-11-07 00:00:20,2024-11-07 21:57:40,2028-01-01,13000.0
11407339,Black,Crédito,2023-01-03 00:00:00,2023-08-12 17:20:43,2028-01-01,40000.0
76199600,Standard,Crédito,2023-03-15 00:00:00,2023-08-07 03:40:06,2028-01-01,6000.0
14864660,Gold,Crédito,2023-07-20 00:00:20,2024-06-23 18:30:11,2027-11-13,20000.0
69699105,Platinum,Crédito,2023-01-03 00:00:20,2023-02-17 06:59:36,2025-07-14,18000.0
55422292,Gold,Crédito,2023-01-01 00:00:20,2023-05-06 06:02:26,2026-01-04,14000.0
83032933,Gold,Crédito,2023-04-28 00:00:20,2024-05-19 19:42:45,2026-10-27,13000.0
70759805,Black,Crédito,2023-04-02 00:00:20,2024-05-20 08:48:23,2026-12-13,26000.0
26467065,Gold,Crédito,2023-12-30 00:00:20,2024-09-28 07:52:34,2027-01-04,18000.0
24694747,Platinum,Crédito,2023-01-07 00:00:20,2023-01-07 08:50:42,2027-07-04,30000.0
68409820,Gold,Crédito,2023-01-03 00:00:20,2023-01-05 06:28:13,2025-09-20,24000.0
24284627,Gold,Crédito,2024-11-04 00:00:20,2024-12-17 08:18:53,2026-11-13,18000.0
23943342,Maestro/Debit,Débito,2024-04-03 00:00:20,2024-04-03 20:21:26,2027-07-17,0.0
72379155,Gold,Crédito,2023-01-10 00:00:20,2023-01-14 07:52:30,2025-09-27,12000.0
71659697,Gold,Crédito,2023-01-10 00:00:20,2023-01-13 00:45:04,2026-10-31,24000.0
83035093,Black,Crédito,2023-01-12 00:00:20,2023-01-14 14:26:29,2027-08-20,15000.0
75885754,Gold,Crédito,2023-01-02 00:00:20,2023-03-09 13:09:52,2027-09-01,9000.0
28358605,Platinum,Crédito,2023-01-05 00:00:20,2023-02-04 23:54:19,2027-04-04,20000.0
24642610,Platinum,Crédito,2023-01-07 00:00:20,2023-01-07 00:22:57,2026-01-02,20000.0
26150766,Platinum,Crédito,2024-04-06 00:00:20,2024-04-06 04:37:45,2027-07-07,25000.0
86870356,Black,Crédito,2023-01-04 00:00:20,2023-01-04 06:32:42,2027-03-15,34000.0
25119908,Gold,Crédito,2024-06-11 00:00:20,2024-06-11 17:17:26,2027-03-25,10000.0
30163043,Black,Crédito,2023-01-07 00:00:20,2023-01-09 05:41:56,2027-05-02,47000.0
21704338,Standard,Crédito,2023-01-01 00:00:20,2023-01-01 03:21:55,2027-08-09,9000.0
34908084,Platinum,Crédito,2024-04-18 00:00:20,2024-04-18 19:15:16,2026-03-26,18000.0
59959720,Black,Crédito,2023-01-06 00:00:20,2023-01-23 13:02:43,2027-11-03,33000.0
60246746,Gold,Crédito,2023-01-04 00:00:20,2023-01-04 05:32:23,2025-09-22,15000.0
70319526,Black,Crédito,2023-01-06 00:00:20,2023-01-06 17:23:12,2025-09-16,36000.0
90000914,Platinum,Crédito,2023-01-09 00:00:20,2023-01-09 06:32:23,2025-08-30,28000.0
28637133,Standard,Crédito,2023-10-10 00:00:20,2024-03-12 14:29:53,2026-05-04,6000.0
53117843,Black,Crédito,2023-01-14 00:00:20,2023-01-21 10:25:24,2027-04-25,39000.0
15867118,Maestro/Debit,Débito,2023-10-03 00:00:20,2024-01-04 11:42:52,2026-08-09,0.0
76686903,Black,Crédito,2023-01-12 00:00:20,2023-01-12 19:43:56,2026-04-26,39000.0
36282933,Platinum,Crédito,2023-12-18 00:00:20,2024-05-22 07:37:40,2025-11-11,24000.0
63800700,Standard,Crédito,2023-03-16 00:00:20,2024-02-04 19:56:16,2026-01-27,20000.0
18824528,Platinum,Crédito,2023-01-12 00:00:20,2023-01-12 00:46:37,2027-11-17,20000.0
89021047,Black,Crédito,2023-01-07 00:00:20,2023-01-16 01:07:15,2027-11-27,33000.0
55204539,Platinum,Crédito,2023-01-06 00:00:20,2023-01-06 17:11:31,2026-01-16,18000.0
37767115,Platinum,Crédito,2023-01-08 00:00:20,2023-01-08 03:56:43,2025-11-15,27000.0
21525011,Maestro/Debit,Débito,2023-01-13 00:00:20,2023-01-13 12:12:10,2027-04-25,0.0
21462535,Platinum,Crédito,2023-01-15 00:00:20,2023-01-15 04:12:24,2027-12-17,34000.0
14678577,Standard,Crédito,2023-01-10 00:00:20,2023-01-18 00:01:59,2026-12-17,11000.0
16792935,Standard,Crédito,2023-04-11 00:00:20,2024-01-17 17:58:12,2027-05-12,7000.0
75027640,Platinum,Crédito,2023-01-03 00:00:20,2023-01-14 10:13:58,2026-09-25,29000.0
99232708,Maestro/Debit,Débito,2023-01-16 00:00:20,2023-04-27 04:26:25,2025-11-01,0.0
67241734,Platinum,Crédito,2023-01-05 00:00:20,2023-01-25 10:25:38,2026-10-05,27000.0
63206131,Maestro/Debit,Débito,2023-01-01 00:00:20,2023-01-01 10:35:02,2026-08-19,0.0
75864302,Black,Crédito,2023-01-03 00:00:20,2023-02-11 02:47:55,2025-05-23,19000.0
86286450,Gold,Crédito,2023-03-18 00:00:20,2024-05-16 19:51:05,2026-05-11,11000.0
57526562,Platinum,Crédito,2024-02-13 00:00:20,2024-03-14 01:17:14,2026-03-20,27000.0
34553791,Platinum,Crédito,2024-06-26 00:00:20,2024-06-26 10:41:16,2027-08-03,18000.0
65158380,Gold,Crédito,2023-01-07 00:00:00,2023-05-04 04:38:08,2028-01-01,9000.0
27269277,Standard,Crédito,2023-03-08 00:00:20,2024-02-13 06:01:09,2026-07-14,18000.0
90424819,Black,Crédito,2023-01-02 00:00:20,2023-02-17 00:00:33,2027-04-13,25000.0
49014555,Black,Crédito,2023-08-28 00:00:20,2024-03-16 12:38:43,2025-07-14,25000.0
26037937,Standard,Crédito,2023-06-23 00:00:20,2024-03-16 11:49:38,2025-05-11,20000.0
54815854,Gold,Crédito,2024-08-02 00:00:20,2024-08-04 04:11:45,2027-07-12,25000.0
98139275,Maestro/Debit,Débito,2023-01-11 00:00:20,2023-01-11 16:50:18,2026-09-06,0.0
65971401,Standard,Crédito,2023-03-08 00:00:20,2024-03-15 03:18:56,2026-10-07,21000.0
41641107,Maestro/Debit,Débito,2023-01-01 00:00:20,2023-01-01 17:30:37,2026-01-04,0.0
70615145,Standard,Crédito,2023-06-24 00:00:20,2024-06-04 00:16:57,2028-01-01,18000.0
11563066,Platinum,Crédito,2023-01-01 00:00:20,2023-01-18 12:55:31,2027-10-14,28000.0
51247962,Black,Crédito,2024-10-01 00:00:20,2024-10-01 04:32:55,2028-01-01,18000.0
34428991,Gold,Crédito,2023-02-03 00:00:20,2024-07-29 10:47:21,2026-01-12,11000.0
11057921,Gold,Crédito,2023-01-12 00:00:20,2023-01-12 03:51:06,2027-07-06,20000.0
42874045,Black,Crédito,2023-01-28 00:00:00,2023-10-07 23:43:50,2028-01-01,22000.0
69246559,Platinum,Crédito,2023-01-04 00:00:20,2023-01-04 16:01:55,2026-04-01,24000.0
80210939,Maestro/Debit,Débito,2023-01-04 00:00:20,2023-01-04 15:05:59,2027-06-26,0.0
62089600,Platinum,Crédito,2023-01-01 00:00:20,2023-01-01 21:21:38,2027-01-05,24000.0
65037474,Platinum,Crédito,2023-01-22 00:00:20,2023-02-01 12:57:18,2026-05-04,12000.0
95001836,Platinum,Crédito,2023-10-22 00:00:20,2024-12-10 15:31:06,2028-01-01,15000.0
40064367,Platinum,Crédito,2023-01-12 00:00:20,2023-02-21 17:40:24,2026-01-20,19000.0
17583980,Platinum,Crédito,2023-01-02 00:00:20,2023-01-02 00:19:53,2027-08-24,23000.0
95103238,Platinum,Crédito,2023-01-03 00:00:20,2023-01-03 20:47:47,2026-07-26,12000.0
36459646,Black,Crédito,2024-02-14 00:00:20,2024-04-29 08:30:50,2026-12-25,33000.0
83618364,Standard,Crédito,2023-07-27 00:00:20,2024-02-03 10:08:36,2027-10-03,7000.0
93887297,Platinum,Crédito,2023-01-04 00:00:20,2023-05-05 03:51:02,2026-06-25,11000.0
37167272,Maestro/Debit,Débito,2023-01-01 00:00:20,2023-01-01 22:12:53,2027-05-28,0.0
90533319,Maestro/Debit,Débito,2023-01-06 00:00:20,2023-01-06 10:36:32,2027-12-06,0.0
81117652,Platinum,Crédito,2023-07-30 00:00:20,2024-10-23 15:44:31,2026-11-02,30000.0
87336915,Gold,Crédito,2023-11-23 00:00:20,2024-10-22 08:50:59,2028-01-01,22000.0
69681934,Platinum,Crédito,2023-04-22 00:00:20,2024-10-25 17:41:24,2026-02-13,21000.0
41782373,Standard,Crédito,2023-07-03 00:00:20,2024-09-14 09:09:44,2026-06-13,7000.0
11674181,Black,Crédito,2023-01-09 00:00:20,2023-01-13 06:20:22,2025-09-16,33000.0
45385209,Gold,Crédito,2023-01-01 00:00:00,2023-03-26 12:41:27,2028-01-01,15000.0
43131886,Gold,Crédito,2023-01-10 00:00:20,2023-01-30 09:29:44,2026-11-29,20000.0
16433372,Platinum,Crédito,2023-01-10 00:00:20,2023-01-10 18:23:24,2026-02-07,22000.0
18214659,Black,Crédito,2023-01-15 00:00:20,2023-01-15 04:35:34,2027-12-14,16000.0
30304832,Gold,Crédito,2023-01-01 00:00:00,2023-04-16 15:13:09,2028-01-01,22000.0
78938083,Standard,Crédito,2023-01-05 00:00:20,2023-01-08 00:32:32,2026-03-01,9000.0
92561222,Platinum,Crédito,2023-08-15 00:00:20,2024-10-29 04:27:53,2026-10-09,26000.0
77640252,Platinum,Crédito,2024-04-04 00:00:20,2024-04-26 04:55:02,2026-06-08,32000.0
42163389,Platinum,Crédito,2023-01-10 00:00:00,2023-05-18 23:41:27,2028-01-01,19000.0
64434902,Gold,Crédito,2023-01-27 00:00:20,2023-01-27 12:08:43,2026-05-02,10000.0
73080115,Black,Crédito,2023-09-06 00:00:20,2024-09-13 03:41:15,2025-07-21,22000.0
62737842,Standard,Crédito,2023-11-23 00:00:20,2024-07-15 03:22:00,2026-09-13,6000.0
82093856,Black,Crédito,2023-01-11 00:00:20,2023-01-11 01:55:46,2025-09-05,18000.0
72925138,Platinum,Crédito,2023-10-11 00:00:20,2024-06-23 13:17:44,2026-02-12,28000.0
77742229,Black,Crédito,2024-10-20 00:00:20,2024-11-10 12:21:03,2026-10-06,33000.0
43187961,Black,Crédito,2023-01-11 00:00:20,2023-01-11 07:04:57,2026-03-19,14000.0
45364806,Platinum,Crédito,2024-09-15 00:00:20,2024-10-11 01:54:09,2026-08-16,26000.0
85936024,Black,Crédito,2023-01-23 00:00:00,2023-02-22 02:55:51,2028-01-01,49000.0
52205914,Gold,Crédito,2023-01-11 00:00:20,2023-01-13 00:44:18,2027-06-19,11000.0
10528116,Black,Crédito,2023-01-03 00:00:20,2023-02-08 03:30:23,2027-01-02,39000.0
61483274,Platinum,Crédito,2023-01-01 00:00:20,2023-01-01 18:47:22,2026-04-26,27000.0
85215883,Platinum,Crédito,2023-01-03 00:00:20,2023-01-10 22:59:55,2026-04-16,15000.0
82118057,Black,Crédito,2023-01-10 00:00:20,2023-01-10 03:47:47,2025-11-07,23000.0
52047195,Black,Crédito,2023-01-12 00:00:20,2023-01-12 14:27:09,2027-10-29,37000.0
62504458,Platinum,Crédito,2023-01-14 00:00:20,2023-01-17 06:16:02,2025-10-04,22000.0
29502907,Platinum,Crédito,2023-01-04 00:00:20,2023-01-04 19:33:58,2027-03-18,19000.0
12635165,Platinum,Crédito,2023-01-11 00:00:20,2024-09-19 08:48:20,2026-06-12,24000.0
84396790,Gold,Crédito,2023-01-05 00:00:20,2023-01-12 14:53:21,2026-11-21,8000.0
17627991,Platinum,Crédito,2024-09-20 00:00:20,2024-09-20 04:34:49,2027-04-17,20000.0
26803397,Black,Crédito,2023-02-06 00:00:20,2023-02-06 00:31:26,2026-06-13,32000.0
42201765,Platinum,Crédito,2023-01-02 00:00:20,2023-01-02 01:36:33,2027-07-18,31000.0
24746549,Maestro/Debit,Débito,2023-10-27 00:00:20,2024-03-28 04:15:56,2026-10-16,0.0
20226066,Gold,Crédito,2023-09-06 00:00:20,2024-12-26 16:40:58,2026-10-18,20000.0
10622709,Platinum,Crédito,2023-01-03 00:00:20,2023-01-03 20:25:31,2026-05-08,12000.0
94486126,Platinum,Crédito,2023-01-05 00:00:20,2023-02-10 09:39:04,2026-07-19,21000.0
96214146,Standard,Crédito,2023-06-14 00:00:20,2024-06-12 11:16:41,2027-04-18,10000.0
51887174,Gold,Crédito,2023-01-02 00:00:20,2023-01-02 03:03:26,2026-06-29,28000.0
33745761,Gold,Crédito,2023-01-07 00:00:20,2023-01-07 04:47:06,2027-10-29,16000.0
99830758,Maestro/Debit,Débito,2024-03-02 00:00:20,2024-03-02 15:39:39,2027-07-23,0.0
16666791,Black,Crédito,2023-11-08 00:00:20,2024-12-14 17:18:49,2026-10-16,25000.0
25801160,Black,Crédito,2023-01-11 00:00:20,2023-03-07 10:57:53,2027-10-29,29000.0
25952371,Standard,Crédito,2023-01-06 00:00:20,2023-01-14 00:01:10,2026-01-02,17000.0
43050736,Maestro/Debit,Débito,2024-07-07 00:00:20,2024-07-15 06:59:22,2025-05-18,0.0
31420504,Black,Crédito,2024-12-16 00:00:20,2024-12-22 11:24:01,2028-01-01,21000.0
87927816,Platinum,Crédito,2023-01-07 00:00:20,2023-01-07 23:17:56,2025-12-17,21000.0
70163855,Black,Crédito,2023-09-11 00:00:20,2024-01-26 04:39:35,2027-05-28,33000.0
13947223,Platinum,Crédito,2023-01-08 00:00:20,2023-01-08 05:03:15,2027-05-15,24000.0
88444641,Standard,Crédito,2023-12-17 00:00:20,2024-12-17 16:06:06,2027-08-22,6000.0
75559425,Gold,Crédito,2023-01-01 00:00:20,2023-01-02 18:04:16,2026-05-08,22000.0
89923683,Black,Crédito,2023-01-07 00:00:20,2023-01-07 11:08:36,2026-05-10,15000.0
30729696,Platinum,Crédito,2023-01-03 00:00:20,2023-01-07 12:17:01,2027-03-12,21000.0
99421541,Black,Crédito,2023-01-07 00:00:20,2023-01-07 23:31:43,2025-12-23,22000.0
36619551,Platinum,Crédito,2023-01-11 00:00:20,2023-01-11 13:53:52,2027-05-25,14000.0
53501966,Gold,Crédito,2023-01-05 00:00:20,2023-01-05 23:15:32,2026-08-08,18000.0
90265024,Maestro/Debit,Débito,2023-01-02 00:00:20,2023-04-04 18:21:02,2026-05-01,0.0
71548991,Maestro/Debit,Débito,2023-09-11 00:00:20,2024-03-11 17:43:35,2027-06-24,0.0
36679135,Black,Crédito,2023-01-04 00:00:20,2023-01-04 01:52:52,2026-11-10,44000.0
68592443,Standard,Crédito,2024-03-01 00:00:20,2024-03-06 06:11:31,2025-10-15,12000.0
47232226,Standard,Crédito,2023-01-09 00:00:20,2023-01-09 06:38:00,2026-07-13,8000.0
49287844,Gold,Crédito,2023-11-21 00:00:20,2024-12-18 14:02:03,2026-10-07,12000.0
97391320,Platinum,Crédito,2023-09-06 00:00:20,2025-01-13 20:38:23,2027-04-01,19000.0
13998402,Platinum,Crédito,2023-01-05 00:00:20,2023-01-05 00:26:26,2025-11-21,20000.0
34065137,Platinum,Crédito,2025-01-08 00:00:20,2025-03-23 03:37:33,2025-11-02,15000.0
53104324,Black,Crédito,2023-01-19 00:00:00,2023-04-20 10:24:53,2028-01-02,27000.0
36575420,Platinum,Crédito,2023-01-25 00:00:20,2023-02-02 10:13:19,2027-06-14,13000.0
79167397,Platinum,Crédito,2023-02-05 00:00:20,2024-02-20 13:43:43,2027-03-02,20000.0
45264108,Platinum,Crédito,2023-01-06 00:00:20,2023-01-06 19:32:47,2026-08-16,28000.0
16744586,Standard,Crédito,2023-01-15 00:00:20,2023-01-15 01:04:35,2027-03-15,14000.0
14491784,Platinum,Crédito,2023-01-01 00:00:20,2023-01-01 21:07:57,2026-07-03,22000.0
92621988,Black,Crédito,2024-12-06 00:00:20,2024-12-25 04:42:43,2028-01-02,47000.0
76139503,Maestro/Debit,Débito,2023-01-10 00:00:20,2023-02-01 04:55:18,2026-02-23,0.0
97683986,Maestro/Debit,Débito,2023-01-03 00:00:20,2023-01-03 15:39:27,2027-05-08,0.0
95274585,Standard,Crédito,2023-01-01 00:00:20,2023-01-01 02:37:15,2027-03-14,18000.0
95789324,Maestro/Debit,Débito,2023-01-09 00:00:20,2023-08-05 15:12:39,2027-03-13,0.0
71655314,Gold,Crédito,2023-01-10 00:00:20,2023-01-10 09:52:48,2026-07-07,18000.0
46009718,Maestro/Debit,Débito,2023-01-02 00:00:00,2023-04-10 16:28:57,2028-01-02,0.0
97989622,Black,Crédito,2023-01-08 00:00:20,2023-01-11 22:38:42,2026-04-05,17000.0
74664037,Platinum,Crédito,2023-06-27 00:00:20,2024-01-28 19:51:00,2025-02-28,12000.0
78711359,Platinum,Crédito,2023-01-04 00:00:20,2023-01-25 05:08:21,2026-01-05,30000.0
57273927,Black,Crédito,2023-01-01 00:00:20,2023-01-02 08:53:33,2027-10-05,47000.0
68095055,Black,Crédito,2023-01-03 00:00:20,2023-01-03 02:09:13,2026-07-12,36000.0
10366506,Gold,Crédito,2023-01-03 00:00:20,2023-01-03 08:05:04,2027-07-01,10000.0
92972707,Standard,Crédito,2023-01-04 00:00:20,2023-02-25 16:25:20,2027-09-03,12000.0
61808101,Gold,Crédito,2024-05-28 00:00:20,2024-10-16 05:18:44,2028-01-02,21000.0
37423705,Black,Crédito,2023-01-04 00:00:20,2023-01-04 21:44:22,2026-04-20,45000.0
11565319,Maestro/Debit,Débito,2023-01-18 00:00:20,2023-01-18 15:19:42,2026-11-21,0.0
97235356,Gold,Crédito,2025-01-01 00:00:20,2025-01-01 01:32:23,2026-09-13,25000.0
57813038,Platinum,Crédito,2023-01-07 00:00:20,2023-01-23 15:21:49,2026-09-13,32000.0
38881824,Gold,Crédito,2023-04-29 00:00:20,2025-06-09 22:07:43,2028-01-02,12000.0
82854224,Platinum,Crédito,2023-01-04 00:00:20,2023-01-09 06:18:56,2026-01-17,11000.0
14390710,Platinum,Crédito,2023-01-30 00:00:20,2024-11-04 19:23:11,2025-10-08,19000.0
68391397,Maestro/Debit,Débito,2023-01-03 00:00:20,2023-01-15 14:06:26,2026-10-25,0.0
91691932,Platinum,Crédito,2023-01-03 00:00:20,2023-01-24 22:23:10,2026-07-10,24000.0
32641081,Platinum,Crédito,2023-01-11 00:00:20,2023-03-22 19:36:14,2027-11-18,12000.0
25934598,Maestro/Debit,Débito,2023-01-10 00:00:20,2023-03-04 15:35:08,2027-10-18,0.0
51677139,Standard,Crédito,2023-01-03 00:00:00,2023-08-01 17:16:30,2028-01-02,9000.0
69389489,Black,Crédito,2023-01-16 00:00:20,2023-02-04 07:49:34,2026-04-05,45000.0
90765373,Black,Crédito,2023-01-02 00:00:20,2023-01-02 10:57:29,2026-05-10,30000.0
39368707,Black,Crédito,2023-01-04 00:00:00,2023-04-03 16:14:23,2028-01-02,42000.0
81120331,Gold,Crédito,2023-01-10 00:00:00,2023-04-23 07:53:34,2028-01-02,16000.0
66185527,Platinum,Crédito,2023-01-08 00:00:20,2023-01-13 06:01:43,2025-08-02,37000.0
37623725,Black,Crédito,2023-01-04 00:00:20,2023-01-04 10:12:00,2025-02-17,21000.0
88814553,Maestro/Debit,Débito,2023-07-20 00:00:20,2024-10-30 03:38:35,2027-05-08,0.0
79862252,Gold,Crédito,2023-01-15 00:00:20,2023-01-15 05:11:05,2027-06-15,13000.0
24478782,Platinum,Crédito,2023-01-09 00:00:20,2023-01-09 02:32:16,2026-10-31,13000.0
25445410,Gold,Crédito,2023-05-16 00:00:20,2024-11-25 01:08:48,2025-12-20,23000.0
99587086,Platinum,Crédito,2024-02-25 00:00:20,2024-02-26 01:00:14,2028-01-02,33000.0
39621316,Black,Crédito,2023-09-02 00:00:20,2024-01-14 07:34:15,2027-04-23,30000.0
26027949,Platinum,Crédito,2023-01-16 00:00:20,2023-01-16 20:32:51,2027-01-25,17000.0
36554543,Maestro/Debit,Débito,2023-01-02 00:00:20,2023-01-09 06:41:35,2026-12-29,0.0
85236701,Platinum,Crédito,2023-01-01 00:00:20,2023-01-01 06:28:51,2026-08-31,20000.0
79571444,Gold,Crédito,2023-01-07 00:00:00,2023-05-16 08:15:49,2028-01-02,15000.0
41937986,Platinum,Crédito,2023-01-03 00:00:20,2023-01-03 04:51:11,2025-05-31,14000.0
88620993,Black,Crédito,2023-03-03 00:00:20,2024-02-12 20:45:00,2027-09-15,32000.0
67417304,Black,Crédito,2023-01-11 00:00:20,2023-02-17 10:07:39,2026-08-29,30000.0
41693845,Platinum,Crédito,2023-01-02 00:00:20,2023-01-26 13:36:17,2027-06-22,24000.0
16014735,Platinum,Crédito,2023-01-09 00:00:20,2023-01-09 04:06:54,2027-12-12,17000.0
35937604,Black,Crédito,2023-03-16 00:00:20,2024-01-21 04:57:43,2025-07-20,37000.0
37401478,Maestro/Debit,Débito,2023-10-16 00:00:20,2024-05-18 11:04:12,2027-03-20,0.0
90873190,Maestro/Debit,Débito,2023-08-03 00:00:20,2024-12-03 08:17:48,2026-08-16,0.0
98023467,Standard,Crédito,2023-02-21 00:00:20,2024-08-05 18:37:37,2026-12-29,12000.0
74162304,Maestro/Debit,Débito,2023-03-07 00:00:20,2024-09-21 10:24:32,2027-06-26,0.0
81138818,Platinum,Crédito,2024-05-19 00:00:20,2024-06-22 03:42:15,2026-12-30,22000.0
79141462,Maestro/Debit,Débito,2023-01-10 00:00:20,2023-01-15 06:05:34,2026-01-08,0.0
53105879,Black,Crédito,2024-06-08 00:00:20,2024-06-08 10:44:20,2025-08-31,27000.0
13129022,Maestro/Debit,Débito,2023-10-06 00:00:20,2024-03-08 16:10:50,2026-08-20,0.0
66370514,Maestro/Debit,Débito,2023-01-04 00:00:20,2023-01-04 16:26:48,2027-04-18,0.0
57475788,Gold,Crédito,2023-01-08 00:00:20,2023-01-08 02:35:01,2027-12-13,12000.0
81778951,Maestro/Debit,Débito,2023-01-08 00:00:20,2023-01-08 19:00:18,2027-09-30,0.0
52432344,Gold,Crédito,2023-09-11 00:00:20,2024-03-09 12:59:57,2027-02-22,13000.0
27374730,Platinum,Crédito,2023-01-22 00:00:20,2023-01-30 05:07:35,2027-12-14,29000.0
95794662,Platinum,Crédito,2023-01-01 00:00:20,2023-01-01 19:18:38,2025-11-01,23000.0
76280631,Gold,Crédito,2023-10-02 00:00:20,2024-09-01 12:38:21,2025-04-16,20000.0
17107223,Black,Crédito,2023-01-01 00:00:20,2023-01-01 20:31:09,2027-06-28,12000.0
75022735,Gold,Crédito,2023-01-04 00:00:00,2023-05-22 03:14:39,2028-01-02,9000.0
34647807,Maestro/Debit,Débito,2023-01-08 00:00:20,2023-01-08 06:33:00,2025-11-06,0.0
36091502,Black,Crédito,2023-01-01 00:00:20,2023-01-02 11:40:47,2027-05-13,25000.0
74134555,Standard,Crédito,2023-01-18 00:00:20,2023-01-18 05:12:44,2027-01-21,18000.0
67850509,Maestro/Debit,Débito,2023-11-12 00:00:20,2024-05-01 07:38:08,2027-07-31,0.0
14698981,Maestro/Debit,Débito,2023-04-21 00:00:20,2024-06-02 12:05:20,2025-11-25,0.0
78209735,Maestro/Debit,Débito,2024-10-27 00:00:20,2024-10-27 17:22:45,2026-10-06,0.0
43389525,Gold,Crédito,2023-10-27 00:00:20,2024-12-25 00:28:29,2027-04-04,17000.0
66199791,Maestro/Debit,Débito,2023-01-01 00:00:20,2023-01-01 15:12:25,2026-11-21,0.0
76376139,Standard,Crédito,2023-01-01 00:00:20,2023-01-18 05:44:53,2025-12-01,8000.0
87287458,Black,Crédito,2023-01-23 00:00:20,2024-05-25 01:12:13,2026-04-13,23000.0
34740206,Platinum,Crédito,2023-01-01 00:00:20,2023-01-01 07:57:05,2027-02-08,21000.0
45428182,Standard,Crédito,2024-09-17 00:00:20,2024-09-17 02:30:45,2026-12-05,16000.0
63058434,Platinum,Crédito,2023-02-08 06:55:13,2023-02-09 06:55:13,2028-01-02,24000.0
99153498,Gold,Crédito,2023-07-11 00:00:20,2024-11-19 17:32:27,2026-04-25,13000.0
84631401,Gold,Crédito,2023-02-11 00:00:00,2023-10-05 13:46:35,2028-01-02,17000.0
38037665,Black,Crédito,2024-05-10 00:00:20,2024-05-10 10:14:59,2026-02-20,27000.0
34310438,Platinum,Crédito,2024-04-04 00:00:20,2024-04-04 02:51:30,2026-10-09,19000.0
40942601,Standard,Crédito,2024-04-14 00:00:20,2024-04-14 03:36:07,2025-05-16,10000.0
98738322,Platinum,Crédito,2023-01-01 00:00:00,2023-08-06 05:41:42,2028-01-02,33000.0
74573166,Black,Crédito,2023-01-07 00:00:20,2023-01-07 20:20:52,2027-09-21,17000.0
59809118,Black,Crédito,2023-01-16 00:00:20,2023-02-05 12:27:29,2025-09-14,24000.0
71502971,Platinum,Crédito,2023-01-18 00:00:20,2023-01-18 15:30:31,2027-06-13,31000.0
29621527,Maestro/Debit,Débito,2024-12-15 00:00:20,2024-12-15 02:27:21,2027-05-08,0.0
55599480,Platinum,Crédito,2024-04-25 00:00:20,2024-05-06 23:27:07,2026-09-07,21000.0
20059173,Gold,Crédito,2023-01-03 00:00:20,2023-02-13 17:11:42,2025-03-19,10000.0
61374902,Platinum,Crédito,2023-01-06 00:00:20,2023-01-19 11:01:58,2025-11-02,15000.0
42025543,Platinum,Crédito,2023-10-26 00:00:20,2025-02-26 01:12:11,2027-05-15,28000.0
62990620,Maestro/Debit,Débito,2023-01-01 00:00:20,2023-02-08 21:35:27,2027-09-21,0.0
47392251,Standard,Crédito,2023-03-07 00:00:20,2024-08-18 09:33:21,2027-09-04,8000.0
86213772,Black,Crédito,2023-01-21 00:00:20,2023-01-21 21:04:07,2027-05-13,41000.0
58643583,Platinum,Crédito,2023-08-06 00:00:20,2024-12-27 06:46:09,2027-10-20,16000.0
57291606,Black,Crédito,2023-01-17 00:00:20,2023-01-17 19:22:17,2026-08-05,42000.0
58201951,Platinum,Crédito,2023-01-02 00:00:00,2023-02-23 23:30:42,2028-01-02,11000.0
49306782,Gold,Crédito,2023-01-11 00:00:20,2023-01-11 01:36:47,2026-08-11,13000.0
59910983,Black,Crédito,2023-09-22 00:00:20,2024-09-24 13:35:00,2027-07-06,38000.0
81056854,Platinum,Crédito,2023-01-03 00:00:20,2023-01-14 07:22:14,2026-06-14,37000.0
22874345,Platinum,Crédito,2023-01-09 00:00:20,2023-04-21 16:57:12,2026-03-29,22000.0
96246803,Maestro/Debit,Débito,2024-11-22 00:00:20,2024-11-22 17:29:56,2027-09-09,0.0
89005748,Maestro/Debit,Débito,2023-01-16 00:00:00,2023-09-04 18:55:38,2028-01-02,0.0
56416404,Black,Crédito,2023-01-05 00:00:20,2023-01-05 00:35:39,2026-04-29,16000.0
23713087,Standard,Crédito,2023-01-18 00:00:20,2023-01-18 20:52:51,2027-11-06,6000.0
83463942,Platinum,Crédito,2023-01-03 00:00:20,2023-01-24 07:33:30,2026-11-07,15000.0
45130959,Platinum,Crédito,2023-01-21 00:00:20,2023-02-08 02:29:54,2026-03-04,14000.0
71932267,Gold,Crédito,2023-01-21 00:00:20,2023-01-21 16:05:10,2027-04-23,17000.0
49829413,Maestro/Debit,Débito,2023-01-02 00:00:20,2023-01-02 11:01:48,2027-01-09,0.0
40594426,Maestro/Debit,Débito,2023-01-03 00:00:20,2023-01-03 05:18:16,2025-03-20,0.0
97197244,Gold,Crédito,2023-01-07 00:00:20,2023-01-16 14:11:38,2026-11-09,27000.0
99580245,Platinum,Crédito,2024-11-25 00:00:20,2025-01-08 06:41:56,2028-01-02,16000.0
51615184,Standard,Crédito,2023-01-06 00:00:20,2023-01-26 22:13:39,2026-07-07,10000.0
94272912,Black,Crédito,2023-01-10 00:00:20,2023-01-10 02:55:40,2026-06-20,21000.0
26707786,Gold,Crédito,2023-01-05 00:00:00,2023-01-27 16:20:58,2028-01-02,14000.0
74286285,Platinum,Crédito,2023-01-02 00:00:20,2023-01-02 07:23:10,2025-11-29,18000.0
67652766,Gold,Crédito,2024-05-26 00:00:20,2024-05-27 03:59:20,2026-04-08,16000.0
10112066,Platinum,Crédito,2024-05-08 00:00:20,2024-05-08 03:50:01,2025-09-04,23000.0
62419101,Black,Crédito,2023-01-05 00:00:20,2023-01-11 22:21:01,2025-11-11,16000.0
25231460,Maestro/Debit,Débito,2023-01-08 00:00:20,2023-01-08 23:55:07,2026-07-16,0.0
74520411,Black,Crédito,2024-10-15 00:00:20,2024-10-15 16:40:26,2025-06-06,29000.0
55631101,Gold,Crédito,2023-01-07 00:00:00,2023-09-04 08:02:42,2028-01-02,14000.0
25616722,Platinum,Crédito,2024-06-22 00:00:20,2024-06-28 10:12:46,2025-07-15,29000.0
95116338,Black,Crédito,2023-01-02 00:00:20,2023-02-22 00:33:38,2026-12-18,18000.0
13660559,Black,Crédito,2024-10-20 00:00:20,2024-12-07 03:12:06,2026-02-23,44000.0
70597888,Black,Crédito,2023-11-12 00:00:20,2024-07-16 07:28:48,2028-01-02,42000.0
42978881,Standard,Crédito,2023-05-15 00:00:20,2024-09-01 17:32:28,2026-08-23,12000.0
94868638,Platinum,Crédito,2023-01-09 00:00:20,2023-01-09 15:46:53,2026-09-13,35000.0
70447408,Maestro/Debit,Débito,2023-07-10 00:00:20,2024-12-29 13:35:06,2028-01-02,0.0
41718684,Gold,Crédito,2023-04-04 00:00:20,2024-10-30 15:52:59,2027-01-22,17000.0
72122023,Platinum,Crédito,2023-01-04 00:00:20,2023-01-04 14:35:41,2025-12-08,35000.0
74702570,Gold,Crédito,2023-07-04 00:00:20,2024-06-25 00:22:47,2028-01-02,15000.0
66346714,Platinum,Crédito,2023-02-17 00:00:00,2023-07-10 16:49:15,2028-01-02,15000.0
19681782,Standard,Crédito,2023-01-03 00:00:20,2023-01-03 21:22:17,2026-09-13,18000.0
16314196,Black,Crédito,2023-01-02 00:00:00,2023-04-12 20:29:45,2028-01-02,29000.0
97192101,Platinum,Crédito,2023-03-08 00:00:20,2024-02-08 20:02:07,2026-07-10,14000.0
30171148,Maestro/Debit,Débito,2024-03-10 00:00:20,2024-04-28 12:57:19,2028-01-02,0.0
21244984,Maestro/Debit,Débito,2023-01-06 00:00:20,2023-01-06 19:23:13,2026-01-06,0.0
29472991,Maestro/Debit,Débito,2023-01-04 00:00:20,2023-01-04 16:32:46,2026-01-13,0.0
42282628,Platinum,Crédito,2023-01-10 00:00:20,2023-01-12 11:00:29,2027-12-29,13000.0
79675411,Standard,Crédito,2024-08-03 00:00:20,2024-08-03 13:42:07,2025-12-16,7000.0
74699918,Platinum,Crédito,2023-11-04 00:00:20,2024-07-01 03:40:44,2026-09-01,30000.0
16048312,Platinum,Crédito,2023-01-01 00:00:20,2023-01-05 11:16:33,2025-11-27,28000.0
40271552,Platinum,Crédito,2023-01-19 00:00:20,2023-02-12 08:38:09,2026-02-24,17000.0
75138231,Platinum,Crédito,2023-01-02 00:00:20,2023-01-02 10:28:43,2026-04-19,29000.0
32404676,Black,Crédito,2024-07-15 00:00:20,2024-07-22 01:41:13,2027-08-17,22000.0
79883668,Black,Crédito,2023-01-31 00:00:20,2024-02-16 18:26:55,2027-06-21,35000.0
27594527,Maestro/Debit,Débito,2024-12-27 00:00:20,2025-01-08 17:20:50,2026-02-08,0.0
78358971,Platinum,Crédito,2023-01-16 00:00:20,2023-01-16 10:44:39,2027-05-09,29000.0
21140450,Black,Crédito,2024-07-02 00:00:20,2024-07-18 22:28:03,2026-05-28,19000.0
63815387,Black,Crédito,2023-10-11 00:00:20,2024-02-12 01:49:14,2027-12-20,23000.0
23058106,Maestro/Debit,Débito,2024-10-23 00:00:20,2024-10-23 00:29:07,2026-02-28,0.0
78784124,Gold,Crédito,2023-01-15 00:00:00,2023-01-28 01:51:50,2028-01-02,12000.0
69672377,Platinum,Crédito,2023-01-03 00:00:20,2023-01-03 12:29:30,2026-10-07,25000.0
69950679,Maestro/Debit,Débito,2023-01-01 00:00:20,2023-01-10 23:49:09,2027-12-18,0.0
20249665,Gold,Crédito,2023-01-08 00:00:20,2023-01-12 16:54:53,2027-01-12,11000.0
18824910,Platinum,Crédito,2023-12-02 00:00:20,2024-08-25 05:24:34,2026-09-12,31000.0
22044597,Platinum,Crédito,2023-01-14 00:00:20,2023-01-14 14:53:12,2026-01-29,11000.0
44838530,Standard,Crédito,2023-07-13 00:00:20,2024-07-05 13:21:43,2026-11-03,10000.0
16632167,Gold,Crédito,2023-01-11 00:00:20,2023-05-16 19:08:55,2026-04-02,20000.0
47828577,Black,Crédito,2023-01-01 00:00:20,2023-01-04 17:41:58,2026-05-16,34000.0
31046693,Maestro/Debit,Débito,2023-01-07 00:00:20,2023-01-07 11:38:35,2027-03-18,0.0
78610907,Gold,Crédito,2023-01-03 00:00:00,2023-04-11 08:48:13,2028-01-02,20000.0
61041118,Platinum,Crédito,2023-01-03 00:00:20,2023-01-03 08:46:06,2026-10-20,17000.0
88728610,Platinum,Crédito,2023-01-14 00:00:20,2023-01-21 11:04:18,2026-04-08,19000.0
36161579,Black,Crédito,2023-01-20 00:00:20,2023-01-22 07:34:06,2027-05-06,36000.0
90324943,Black,Crédito,2023-01-01 00:00:20,2023-01-02 06:29:00,2028-01-02,24000.0
47996507,Standard,Crédito,2024-05-28 00:00:20,2024-05-30 23:26:45,2028-01-02,18000.0
44343696,Black,Crédito,2024-08-21 00:00:20,2024-10-24 19:59:00,2026-01-31,38000.0
32092615,Platinum,Crédito,2024-09-05 00:00:20,2024-09-05 22:10:11,2026-02-12,22000.0
18083883,Gold,Crédito,2023-09-01 00:00:20,2024-07-10 17:37:30,2028-01-02,12000.0
24585405,Black,Crédito,2023-01-08 00:00:20,2023-01-08 09:09:50,2026-08-04,35000.0
53129583,Maestro/Debit,Débito,2023-01-03 00:00:00,2023-03-16 11:22:01,2028-01-02,0.0
15841367,Platinum,Crédito,2023-01-02 00:00:20,2023-02-05 15:18:37,2027-05-18,25000.0
73177291,Platinum,Crédito,2023-06-26 00:00:20,2024-07-18 10:37:00,2027-01-01,22000.0
76472947,Platinum,Crédito,2024-10-02 00:00:20,2024-10-02 08:20:48,2027-10-17,27000.0
51638927,Platinum,Crédito,2023-07-16 00:00:20,2024-08-26 01:40:48,2026-10-18,16000.0
62268916,Black,Crédito,2023-01-02 00:00:20,2023-01-02 05:56:32,2026-12-24,36000.0
28894657,Standard,Crédito,2023-01-05 00:00:20,2023-01-05 15:58:39,2026-10-20,14000.0
61246478,Maestro/Debit,Débito,2023-01-05 00:00:20,2023-01-10 21:32:01,2026-01-07,0.0
41725464,Platinum,Crédito,2023-01-01 00:00:20,2023-01-05 20:23:27,2026-07-05,25000.0
87671686,Gold,Crédito,2023-01-04 00:00:20,2023-01-08 18:18:08,2026-01-31,13000.0
47392163,Gold,Crédito,2023-10-12 00:00:20,2024-11-21 01:12:32,2026-03-16,11000.0
90160290,Maestro/Debit,Débito,2023-01-03 00:00:20,2023-01-03 06:44:57,2026-09-24,0.0
38819969,Platinum,Crédito,2024-04-17 00:00:20,2024-05-19 18:28:13,2026-01-28,11000.0
63477868,Platinum,Crédito,2023-01-02 00:00:20,2023-01-02 11:05:10,2025-03-17,31000.0
27495750,Platinum,Crédito,2024-02-14 00:00:20,2024-02-14 11:57:25,2027-06-09,21000.0
72094537,Standard,Crédito,2024-05-07 00:00:20,2024-05-07 15:15:23,2026-04-06,15000.0
55383809,Maestro/Debit,Débito,2023-01-06 00:00:20,2023-01-23 02:15:11,2025-10-12,0.0
26946465,Black,Crédito,2023-01-02 00:00:20,2023-01-08 15:23:07,2027-11-30,38000.0
58705433,Platinum,Crédito,2023-11-13 00:00:20,2024-08-10 12:58:00,2027-12-25,16000.0
79016550,Maestro/Debit,Débito,2023-11-07 00:00:20,2024-12-12 12:20:29,2027-04-19,0.0
51544873,Maestro/Debit,Débito,2023-01-07 00:00:20,2023-01-29 12:38:42,2025-08-16,0.0
42980122,Maestro/Debit,Débito,2023-06-12 00:00:20,2024-05-19 06:19:27,2028-01-02,0.0
86203654,Gold,Crédito,2024-09-06 00:00:20,2024-12-18 03:12:26,2028-01-02,12000.0
39111657,Platinum,Crédito,2024-09-12 00:00:20,2024-09-12 17:40:08,2027-05-04,17000.0
14833319,Gold,Crédito,2023-01-07 00:00:20,2023-03-25 03:19:49,2026-11-02,12000.0
18748403,Gold,Crédito,2023-01-04 00:00:20,2023-01-13 05:14:35,2027-03-07,15000.0
17680020,Black,Crédito,2023-09-19 00:00:20,2024-12-16 16:38:43,2026-12-06,14000.0
74927807,Gold,Crédito,2023-04-01 00:00:20,2024-09-14 13:36:37,2026-04-17,10000.0
78222881,Gold,Crédito,2023-01-04 00:00:20,2023-01-04 22:02:20,2027-10-05,22000.0
84595671,Black,Crédito,2023-01-08 00:00:20,2024-10-28 20:03:23,2026-01-11,38000.0
93949951,Standard,Crédito,2023-01-07 00:00:20,2023-01-07 22:48:50,2027-10-07,9000.0
81545726,Gold,Crédito,2023-05-06 00:00:20,2024-04-25 17:58:01,2026-03-22,10000.0
58699988,Maestro/Debit,Débito,2023-01-16 00:00:20,2023-03-11 08:50:50,2027-08-24,0.0
80280742,Black,Crédito,2023-01-05 00:00:20,2023-01-06 11:28:08,2025-10-09,16000.0
30196331,Platinum,Crédito,2023-01-01 00:00:00,2023-05-01 17:27:10,2028-01-02,29000.0
38697938,Platinum,Crédito,2023-01-05 00:00:20,2023-01-05 15:24:27,2025-04-20,21000.0
63771767,Platinum,Crédito,2023-01-03 00:00:20,2023-01-03 23:20:12,2025-09-29,24000.0
90127642,Standard,Crédito,2023-11-16 00:00:20,2024-11-17 11:37:00,2026-08-20,11000.0
24138665,Standard,Crédito,2023-01-26 00:00:20,2023-02-20 03:28:03,2027-07-19,15000.0
63904778,Black,Crédito,2023-02-05 00:00:20,2023-11-25 04:02:13,2027-12-21,31000.0
57976088,Gold,Crédito,2023-01-02 00:00:20,2023-01-02 05:44:56,2027-07-25,21000.0
60316120,Gold,Crédito,2023-01-02 00:00:20,2023-03-01 18:46:23,2026-02-15,10000.0
12834935,Platinum,Crédito,2023-01-05 00:00:20,2023-02-24 21:09:16,2025-10-29,14000.0
48896696,Maestro/Debit,Débito,2023-11-13 00:00:20,2024-01-09 13:19:04,2025-06-05,0.0
73904444,Maestro/Debit,Débito,2024-12-19 00:00:20,2024-12-19 04:00:44,2026-01-06,0.0
38543886,Gold,Crédito,2023-01-04 00:00:20,2023-01-04 21:35:07,2025-11-18,18000.0
33697453,Standard,Crédito,2023-01-16 00:00:20,2023-02-03 07:46:38,2027-12-27,15000.0
43975952,Platinum,Crédito,2023-01-01 00:00:20,2023-01-02 03:26:58,2026-07-01,26000.0
90986465,Maestro/Debit,Débito,2023-11-16 00:00:20,2024-06-04 14:04:13,2027-07-18,0.0
67230433,Gold,Crédito,2024-05-24 00:00:20,2024-05-24 05:42:29,2025-07-11,12000.0
61980838,Standard,Crédito,2023-01-06 00:00:20,2023-01-07 05:13:18,2027-05-17,12000.0
83189826,Standard,Crédito,2024-03-01 00:00:20,2024-04-05 18:05:06,2025-07-30,10000.0
64692522,Platinum,Crédito,2023-09-01 00:00:20,2024-08-25 00:01:02,2028-01-02,19000.0
94935061,Maestro/Debit,Débito,2024-06-07 00:00:20,2024-06-07 00:34:10,2027-05-01,0.0
55390913,Black,Crédito,2023-02-15 00:00:20,2024-06-13 02:06:49,2025-04-16,33000.0
94930924,Black,Crédito,2023-01-19 00:00:20,2023-01-25 03:56:24,2027-02-22,30000.0
72300534,Platinum,Crédito,2023-01-02 00:00:20,2023-01-02 14:45:44,2027-02-01,28000.0
99662337,Maestro/Debit,Débito,2023-01-01 00:00:20,2023-01-12 13:24:13,2026-03-12,0.0
74756167,Maestro/Debit,Débito,2023-01-01 00:00:00,2023-07-14 05:54:15,2028-01-02,0.0
29177044,Standard,Crédito,2024-02-21 00:00:20,2024-02-24 11:42:43,2025-07-20,14000.0
30523124,Gold,Crédito,2024-11-04 00:00:20,2024-11-04 23:09:41,2027-01-11,21000.0
60340954,Gold,Crédito,2024-07-27 00:00:20,2025-01-03 01:45:33,2027-02-07,11000.0
27657384,Maestro/Debit,Débito,2023-01-05 00:00:20,2023-02-02 11:13:08,2027-08-17,0.0
19566503,Platinum,Crédito,2023-02-12 00:00:20,2024-03-13 07:38:48,2026-03-24,21000.0
20123121,Platinum,Crédito,2023-01-04 00:00:20,2023-01-05 17:19:34,2026-01-18,31000.0
64653315,Black,Crédito,2023-01-30 00:00:20,2024-10-24 22:49:38,2027-04-19,25000.0
47987900,Standard,Crédito,2023-01-01 00:00:20,2023-01-01 14:35:28,2027-08-18,17000.0
32728029,Standard,Crédito,2023-10-05 00:00:20,2024-09-20 04:00:40,2026-09-13,9000.0
69523707,Platinum,Crédito,2023-01-03 00:00:20,2023-01-03 05:15:03,2027-07-08,26000.0
12083326,Black,Crédito,2023-11-10 00:00:20,2024-11-17 22:17:55,2026-11-30,22000.0
30881051,Maestro/Debit,Débito,2023-01-05 00:00:20,2023-01-06 01:33:45,2026-04-18,0.0
71534861,Black,Crédito,2023-01-05 00:00:20,2023-01-16 13:50:01,2026-07-14,23000.0
59332458,Standard,Crédito,2023-01-06 00:00:20,2023-01-06 09:22:37,2027-06-13,12000.0
69767199,Maestro/Debit,Débito,2023-01-03 00:00:20,2023-01-27 20:38:08,2027-03-15,0.0
50718228,Platinum,Crédito,2023-01-10 00:00:20,2023-01-10 00:55:26,2027-11-16,27000.0
60234743,Platinum,Crédito,2024-04-25 00:00:20,2024-08-20 00:21:39,2026-12-07,11000.0
29244880,Standard,Crédito,2023-01-01 00:00:20,2023-01-01 00:06:44,2027-11-22,11000.0
63375173,Gold,Crédito,2023-01-01 00:00:20,2023-01-02 08:56:21,2026-02-01,21000.0
84366777,Platinum,Crédito,2024-03-01 00:00:20,2024-03-01 08:00:58,2025-09-21,20000.0
58344198,Maestro/Debit,Débito,2023-01-03 00:00:20,2023-01-03 22:18:11,2027-07-05,0.0
20572511,Black,Crédito,2023-01-02 00:00:20,2023-01-02 13:52:10,2026-03-25,52000.0
35153768,Platinum,Crédito,2023-01-09 00:00:20,2023-02-02 03:44:22,2026-11-13,17000.0
56066396,Standard,Crédito,2024-12-26 00:00:20,2024-12-26 21:59:47,2027-02-17,6000.0
98463798,Maestro/Debit,Débito,2023-01-03 00:00:20,2023-03-06 03:10:45,2026-10-06,0.0
47712013,Black,Crédito,2023-06-17 00:00:20,2024-10-20 15:54:48,2028-01-02,44000.0
78823748,Maestro/Debit,Débito,2023-09-06 00:00:20,2024-10-11 14:47:16,2025-10-01,0.0
44749576,Platinum,Crédito,2024-09-01 00:00:20,2024-10-17 22:45:02,2027-06-29,17000.0
46300716,Platinum,Crédito,2023-01-06 00:00:20,2023-01-06 08:43:09,2027-11-22,18000.0
27297946,Black,Crédito,2023-01-22 00:00:20,2023-05-26 10:29:49,2027-03-14,37000.0
88100506,Maestro/Debit,Débito,2024-12-01 00:00:20,2024-12-01 07:44:32,2027-11-12,0.0
38119148,Black,Crédito,2023-01-16 00:00:20,2023-01-16 18:38:53,2027-10-09,31000.0
29714542,Platinum,Crédito,2023-12-05 00:00:20,2024-06-04 16:58:44,2025-07-22,18000.0
28088972,Platinum,Crédito,2024-09-10 00:00:20,2024-10-30 14:40:12,2028-01-02,23000.0
82156369,Maestro/Debit,Débito,2023-01-27 00:00:20,2024-01-15 23:57:02,2026-10-15,0.0
58147052,Platinum,Crédito,2024-02-09 00:00:20,2024-02-09 02:20:32,2025-07-04,25000.0
70179811,Standard,Crédito,2023-01-02 00:00:20,2023-01-02 14:14:46,2025-11-24,8000.0
15600621,Platinum,Crédito,2023-11-05 00:00:20,2024-06-22 21:22:08,2027-07-07,11000.0
77715324,Platinum,Crédito,2023-01-02 00:00:20,2023-02-03 19:47:22,2026-07-12,26000.0
27439400,Platinum,Crédito,2023-01-03 00:00:20,2023-01-03 01:09:28,2027-11-25,24000.0
76531286,Maestro/Debit,Débito,2023-01-03 00:00:20,2023-01-11 10:35:53,2028-01-02,0.0
38200800,Maestro/Debit,Débito,2023-03-10 00:00:20,2024-10-22 08:34:43,2027-07-13,0.0
94004826,Black,Crédito,2023-01-03 00:00:20,2023-01-21 22:06:50,2026-11-11,30000.0
25393434,Gold,Crédito,2024-02-03 00:00:20,2024-02-03 05:00:42,2027-01-14,20000.0
70526726,Black,Crédito,2024-11-16 00:00:20,2024-11-16 23:55:08,2027-10-13,21000.0
66170249,Gold,Crédito,2023-01-05 00:00:00,2023-02-23 00:07:18,2028-01-02,10000.0
17384883,Platinum,Crédito,2023-05-17 00:00:20,2024-01-28 06:05:51,2026-12-01,25000.0
18339727,Black,Crédito,2023-01-01 00:00:20,2023-01-01 18:23:54,2026-04-24,15000.0
98482662,Platinum,Crédito,2023-01-14 00:00:20,2023-02-05 19:53:50,2027-07-03,27000.0
55667555,Gold,Crédito,2023-07-23 00:00:20,2024-02-10 10:56:30,2028-01-02,14000.0
81094083,Platinum,Crédito,2024-11-08 00:00:20,2024-11-08 18:45:34,2025-11-03,15000.0
87788538,Standard,Crédito,2023-05-13 00:00:20,2024-03-03 01:31:16,2026-12-11,14000.0
33867830,Platinum,Crédito,2023-01-11 00:00:00,2023-03-29 12:22:47,2028-01-02,23000.0
31145058,Black,Crédito,2023-01-02 00:00:20,2023-01-02 10:05:44,2027-09-23,17000.0
25047743,Standard,Crédito,2023-01-07 00:00:20,2023-01-08 16:29:40,2026-01-16,14000.0
86781532,Platinum,Crédito,2024-08-02 00:00:20,2024-10-18 06:04:41,2027-05-18,11000.0
84920024,Platinum,Crédito,2023-01-02 00:00:20,2023-02-13 09:23:03,2026-02-03,29000.0
37217451,Gold,Crédito,2023-01-02 00:00:20,2023-01-08 23:39:04,2027-03-02,8000.0
97729163,Platinum,Crédito,2024-09-05 00:00:20,2024-09-24 02:54:30,2026-01-20,14000.0
79931446,Black,Crédito,2023-01-01 00:00:20,2023-02-25 07:50:47,2026-05-28,27000.0
28385641,Platinum,Crédito,2025-01-01 00:00:20,2025-01-01 03:34:24,2026-01-10,18000.0
32689217,Maestro/Debit,Débito,2023-01-02 00:00:20,2023-01-02 13:33:50,2026-08-04,0.0
45693228,Gold,Crédito,2024-05-10 00:00:20,2024-05-22 05:37:39,2025-11-16,9000.0
59086713,Platinum,Crédito,2024-06-19 00:00:20,2024-06-22 09:02:26,2026-10-28,11000.0
55775186,Platinum,Crédito,2023-10-13 00:00:20,2024-12-19 00:09:45,2026-01-25,26000.0
57522993,Black,Crédito,2023-01-03 00:00:20,2023-01-03 04:36:47,2026-03-14,29000.0
47204251,Platinum,Crédito,2023-11-26 00:00:20,2024-06-12 10:55:28,2025-09-15,28000.0
11443337,Standard,Crédito,2023-01-02 00:00:20,2023-01-02 08:55:42,2026-04-21,19000.0
49589596,Black,Crédito,2023-01-03 00:00:20,2023-01-06 16:48:23,2027-01-26,14000.0
78267069,Platinum,Crédito,2023-01-07 00:00:20,2023-01-08 20:34:01,2027-01-14,23000.0
22688195,Platinum,Crédito,2023-02-16 00:00:20,2024-12-11 07:31:10,2026-09-14,25000.0
82095957,Platinum,Crédito,2023-11-22 00:00:20,2024-07-23 02:51:15,2028-01-02,26000.0
66859762,Maestro/Debit,Débito,2024-06-27 00:00:20,2024-06-27 09:06:27,2025-05-09,0.0
41028564,Black,Crédito,2023-02-27 00:00:20,2024-12-02 16:33:37,2026-11-22,22000.0
70393165,Gold,Crédito,2023-01-03 00:00:20,2023-01-03 20:10:04,2027-01-08,17000.0
54183475,Black,Crédito,2023-07-27 00:00:20,2025-01-08 18:16:41,2027-08-26,25000.0
82654739,Maestro/Debit,Débito,2023-01-01 00:00:20,2023-01-01 08:01:25,2026-07-13,0.0
39591840,Black,Crédito,2023-06-05 00:00:20,2025-01-01 10:03:12,2026-11-17,23000.0
91634884,Platinum,Crédito,2023-01-04 00:00:20,2023-01-04 16:10:28,2026-01-06,18000.0
61674212,Gold,Crédito,2023-01-04 00:00:20,2023-01-12 17:02:07,2025-08-30,10000.0
81664217,Standard,Crédito,2023-01-03 00:00:00,2023-07-15 18:58:21,2028-01-02,18000.0
77597963,Platinum,Crédito,2023-01-02 00:00:20,2023-01-02 18:47:42,2027-03-22,35000.0
79068204,Black,Crédito,2023-11-17 00:00:20,2024-07-27 14:52:30,2027-12-13,24000.0
63824152,Platinum,Crédito,2024-06-20 00:00:20,2024-06-27 19:44:54,2025-10-27,20000.0
76546441,Platinum,Crédito,2023-01-02 00:00:20,2023-01-02 14:29:23,2026-10-25,28000.0
75298472,Platinum,Crédito,2024-01-08 00:00:20,2024-01-08 22:23:35,2026-09-15,18000.0
20170349,Platinum,Crédito,2023-01-02 00:00:20,2023-01-02 02:47:06,2027-03-23,14000.0
60098373,Platinum,Crédito,2023-01-03 00:00:20,2023-01-09 12:12:02,2025-12-08,31000.0
59988386,Platinum,Crédito,2023-01-06 00:00:20,2023-01-06 03:01:39,2027-09-28,16000.0
62516473,Gold,Crédito,2023-01-22 00:00:20,2024-02-14 09:57:29,2026-08-05,21000.0
39589689,Maestro/Debit,Débito,2023-01-15 00:00:20,2023-01-15 17:08:20,2026-07-09,0.0
56032400,Gold,Crédito,2023-01-26 00:00:20,2023-02-17 15:53:25,2027-05-16,10000.0
82063370,Black,Crédito,2023-01-02 00:00:20,2023-04-13 22:35:27,2027-02-20,48000.0
99441335,Black,Crédito,2023-06-18 00:00:20,2024-03-18 07:36:21,2025-11-28,25000.0
87542960,Maestro/Debit,Débito,2023-06-05 00:00:20,2024-06-07 17:53:57,2025-08-15,0.0
19746644,Platinum,Crédito,2023-05-27 00:00:20,2024-04-01 09:59:02,2028-01-02,27000.0
18972995,Black,Crédito,2023-01-10 00:00:20,2023-01-17 01:32:42,2026-02-16,43000.0
54054674,Gold,Crédito,2024-08-11 00:00:20,2024-08-11 14:22:59,2028-01-02,11000.0
86077097,Platinum,Crédito,2023-01-01 00:00:20,2023-01-01 08:16:53,2025-10-24,17000.0
76094962,Gold,Crédito,2023-07-27 00:00:20,2024-02-13 05:45:45,2027-09-18,23000.0
48819472,Platinum,Crédito,2024-06-11 00:00:20,2024-08-06 02:01:57,2027-08-23,27000.0
44686361,Black,Crédito,2023-01-05 00:00:00,2023-02-25 18:56:36,2028-01-02,28000.0
74275690,Maestro/Debit,Débito,2023-11-14 00:00:20,2024-06-29 13:07:14,2027-12-08,0.0
85236738,Platinum,Crédito,2023-01-04 00:00:00,2023-06-02 13:07:54,2028-01-02,11000.0
50791463,Gold,Crédito,2023-01-08 00:00:00,2023-09-22 17:32:58,2028-01-02,11000.0
74272822,Standard,Crédito,2023-01-16 00:00:00,2023-01-17 22:00:26,2028-01-02,15000.0
21649913,Gold,Crédito,2024-03-23 00:00:20,2024-04-03 10:51:42,2027-09-30,25000.0
50087287,Platinum,Crédito,2023-01-11 00:00:20,2023-01-11 07:23:37,2026-10-29,27000.0
86340898,Black,Crédito,2023-01-04 00:00:20,2024-08-26 14:46:01,2027-09-03,26000.0
53486040,Platinum,Crédito,2024-05-25 00:00:20,2024-05-25 00:41:54,2027-05-22,11000.0
97341674,Maestro/Debit,Débito,2023-01-01 00:00:20,2023-01-21 04:26:07,2027-05-11,0.0
83838641,Maestro/Debit,Débito,2023-01-04 00:00:20,2023-02-08 20:12:58,2025-11-05,0.0
59303165,Black,Crédito,2023-01-02 00:00:00,2023-05-12 22:53:32,2028-01-02,34000.0
49322814,Black,Crédito,2023-01-10 00:00:20,2023-01-10 06:23:27,2026-12-08,40000.0
87316766,Maestro/Debit,Débito,2024-04-13 00:00:20,2025-06-01 18:34:48,2028-01-02,0.0
81486060,Standard,Crédito,2023-08-05 00:00:20,2024-04-15 15:57:16,2027-10-11,8000.0
45286222,Standard,Crédito,2023-04-25 00:00:20,2024-03-11 15:14:34,2026-04-09,7000.0
95885624,Black,Crédito,2023-01-14 00:00:20,2023-01-14 04:20:48,2026-12-01,43000.0
78833990,Gold,Crédito,2023-01-08 00:00:20,2023-01-22 09:38:07,2027-09-11,15000.0
40105129,Standard,Crédito,2024-06-22 00:00:20,2024-08-08 16:02:06,2026-05-02,7000.0
61744927,Platinum,Crédito,2023-05-31 00:00:20,2024-03-04 14:01:16,2026-05-30,30000.0
61574941,Platinum,Crédito,2023-12-18 00:00:20,2024-05-24 04:00:33,2026-02-01,24000.0
24211706,Black,Crédito,2023-01-02 00:00:20,2023-01-08 22:38:10,2027-11-06,28000.0
80768718,Gold,Crédito,2023-01-22 00:00:20,2023-02-04 02:28:36,2025-11-30,10000.0
56016027,Platinum,Crédito,2023-01-01 00:00:20,2023-01-01 11:25:39,2025-08-21,12000.0
24287888,Platinum,Crédito,2023-01-07 00:00:00,2023-03-09 21:06:00,2028-01-02,25000.0
45219126,Maestro/Debit,Débito,2023-01-13 00:00:20,2023-01-13 10:07:04,2027-01-09,0.0
38467065,Platinum,Crédito,2023-01-07 00:00:00,2023-04-23 02:42:52,2028-01-02,13000.0
66634921,Maestro/Debit,Débito,2023-01-03 00:00:20,2023-01-04 13:00:24,2027-06-03,0.0
50878979,Black,Crédito,2023-01-01 00:00:20,2023-03-14 19:45:41,2026-01-29,21000.0
64937824,Platinum,Crédito,2024-11-22 00:00:20,2024-12-09 00:59:29,2027-12-27,26000.0
93526928,Maestro/Debit,Débito,2023-01-06 00:00:20,2023-01-18 14:06:33,2026-05-28,0.0
11470190,Black,Crédito,2023-01-01 00:00:00,2023-01-16 13:44:07,2028-01-02,43000.0
37652910,Black,Crédito,2023-01-13 00:00:20,2023-02-16 04:34:17,2027-07-29,16000.0
45700873,Platinum,Crédito,2023-01-01 00:00:20,2023-02-19 18:41:52,2025-09-11,31000.0
27401708,Black,Crédito,2023-02-09 00:00:00,2023-03-16 10:44:17,2028-01-02,38000.0
76248874,Standard,Crédito,2023-01-10 00:00:20,2023-01-10 11:46:13,2025-11-11,7000.0
98804088,Maestro/Debit,Débito,2023-01-10 00:00:20,2023-03-28 18:04:26,2027-03-02,0.0
52427333,Platinum,Crédito,2023-01-02 00:00:20,2023-01-02 14:38:53,2027-03-02,21000.0
63671513,Platinum,Crédito,2023-01-07 00:00:20,2023-01-23 16:29:15,2026-10-23,21000.0
65438044,Platinum,Crédito,2023-01-07 00:00:20,2023-02-13 16:20:22,2027-12-12,27000.0
86916187,Gold,Crédito,2023-02-24 00:00:20,2024-02-01 21:03:41,2027-07-15,17000.0
30175001,Black,Crédito,2023-01-04 00:00:20,2023-01-04 09:16:15,2026-12-30,16000.0
49289804,Gold,Crédito,2023-01-02 00:00:20,2023-01-10 03:59:31,2027-04-08,13000.0
94233393,Gold,Crédito,2023-01-11 00:00:20,2023-01-11 18:26:10,2027-01-16,22000.0
22220258,Gold,Crédito,2023-03-12 00:00:20,2024-12-29 08:54:53,2027-07-15,21000.0
33841561,Platinum,Crédito,2024-01-08 00:00:20,2024-01-29 00:37:44,2026-04-11,10000.0
69016611,Standard,Crédito,2023-01-02 00:00:20,2023-01-02 06:56:02,2027-07-05,14000.0
97904104,Black,Crédito,2023-01-09 00:00:20,2023-02-12 03:21:34,2026-07-22,34000.0
65769692,Black,Crédito,2023-02-01 00:00:20,2024-10-15 17:45:06,2028-01-02,27000.0
98123915,Standard,Crédito,2023-11-09 16:19:58,2023-11-10 16:19:58,2028-01-02,14000.0
71594479,Standard,Crédito,2024-08-28 00:00:20,2024-08-28 03:02:29,2026-02-02,6000.0
27988791,Black,Crédito,2023-01-03 00:00:20,2023-01-21 11:20:31,2025-07-18,20000.0
46909241,Platinum,Crédito,2023-01-01 00:00:20,2023-01-01 18:58:43,2026-11-17,29000.0
62043729,Black,Crédito,2023-01-11 00:00:20,2023-03-09 03:55:15,2027-05-15,23000.0
84080794,Platinum,Crédito,2023-01-01 00:00:00,2023-06-16 18:43:55,2028-01-02,12000.0
43178639,Black,Crédito,2023-11-07 00:00:20,2024-12-11 19:26:27,2027-12-08,27000.0
96292710,Black,Crédito,2023-01-27 00:00:20,2023-01-27 04:08:06,2026-01-29,38000.0
75266727,Platinum,Crédito,2023-01-08 00:00:20,2023-02-20 13:39:52,2026-10-22,25000.0
96893056,Gold,Crédito,2023-11-17 00:00:20,2024-08-06 21:06:07,2027-12-22,20000.0
87528887,Gold,Crédito,2024-06-20 00:00:20,2024-06-20 04:18:41,2025-06-25,17000.0
33488774,Gold,Crédito,2023-07-11 00:00:20,2024-11-05 22:17:05,2025-12-21,22000.0
86017265,Black,Crédito,2023-03-27 00:00:20,2024-04-04 01:04:44,2027-05-17,35000.0
62250965,Maestro/Debit,Débito,2023-01-08 00:00:20,2023-01-08 15:19:47,2027-09-12,0.0
63244609,Maestro/Debit,Débito,2023-06-11 00:00:20,2024-04-07 20:02:09,2026-11-29,0.0
29037245,Maestro/Debit,Débito,2023-06-11 00:00:20,2024-04-06 07:34:04,2027-01-01,0.0
26283093,Maestro/Debit,Débito,2023-01-06 00:00:20,2023-01-10 22:47:05,2028-01-02,0.0
61401287,Maestro/Debit,Débito,2023-01-09 00:00:20,2023-01-09 13:25:38,2027-09-27,0.0
57577312,Gold,Crédito,2023-06-13 00:00:20,2024-11-17 02:16:08,2027-12-14,21000.0
63030568,Platinum,Crédito,2023-03-06 00:00:20,2025-02-01 01:19:37,2025-05-24,26000.0
22620437,Gold,Crédito,2023-06-05 00:00:20,2025-01-18 09:46:41,2026-12-17,15000.0
47093571,Gold,Crédito,2023-01-01 00:00:20,2023-01-02 16:14:00,2028-01-02,8000.0
38679160,Standard,Crédito,2023-01-08 00:00:20,2023-01-08 22:24:53,2025-10-11,9000.0
35841296,Gold,Crédito,2023-01-04 00:00:00,2023-06-09 18:03:52,2028-01-02,15000.0
13027605,Black,Crédito,2023-01-11 00:00:20,2023-01-11 00:56:32,2027-04-01,27000.0
44514037,Platinum,Crédito,2024-04-13 00:00:20,2024-07-24 04:15:43,2028-01-02,34000.0
87090171,Maestro/Debit,Débito,2023-03-04 00:00:20,2024-02-14 12:50:31,2026-02-03,0.0
63954512,Gold,Crédito,2023-01-02 00:00:00,2023-02-25 04:13:15,2028-01-02,19000.0
32642247,Gold,Crédito,2023-01-05 00:00:20,2023-01-05 09:08:00,2027-01-20,21000.0
52018103,Platinum,Crédito,2024-04-27 00:00:20,2024-04-28 02:33:55,2028-01-02,23000.0
40024974,Platinum,Crédito,2023-01-11 00:00:20,2023-02-05 02:02:15,2025-10-18,34000.0
44906038,Maestro/Debit,Débito,2023-01-05 00:00:20,2023-01-20 16:39:51,2026-05-31,0.0
37501464,Platinum,Crédito,2024-04-26 00:00:20,2024-05-16 18:44:17,2026-12-20,26000.0
14730132,Standard,Crédito,2023-01-10 00:00:20,2023-01-10 14:06:51,2026-03-26,12000.0
79866632,Platinum,Crédito,2023-01-01 00:00:20,2023-01-01 20:26:08,2027-12-09,33000.0
33699363,Gold,Crédito,2023-01-01 00:00:20,2023-01-01 05:55:41,2027-03-31,21000.0
79808815,Platinum,Crédito,2023-09-19 00:00:20,2024-02-27 11:03:44,2027-03-23,24000.0
69353329,Gold,Crédito,2023-01-01 00:00:20,2023-02-01 08:34:41,2026-02-28,14000.0
18041497,Platinum,Crédito,2023-03-05 00:00:00,2023-10-16 18:37:26,2028-01-02,15000.0
22073596,Platinum,Crédito,2023-01-01 00:00:20,2023-01-01 01:55:49,2026-04-22,25000.0
84327509,Platinum,Crédito,2023-01-03 00:00:20,2023-03-02 01:38:46,2027-05-05,30000.0
78974626,Maestro/Debit,Débito,2023-01-10 00:00:20,2023-01-10 21:04:59,2027-01-04,0.0
61224295,Black,Crédito,2024-04-14 00:00:20,2024-07-30 21:25:58,2025-09-05,21000.0
70410224,Maestro/Debit,Débito,2023-01-05 00:00:20,2023-01-05 19:10:00,2027-05-10,0.0
17833038,Platinum,Crédito,2023-01-15 00:00:20,2023-01-15 10:03:23,2027-01-30,28000.0
78821624,Platinum,Crédito,2025-01-02 00:00:20,2025-01-20 21:06:02,2026-09-09,34000.0
26557692,Black,Crédito,2024-10-09 00:00:20,2024-11-15 03:36:52,2027-06-16,21000.0
76852104,Platinum,Crédito,2024-08-28 00:00:20,2024-10-05 07:18:02,2026-05-21,10000.0
73383278,Gold,Crédito,2023-01-09 00:00:20,2023-01-15 19:58:26,2026-02-11,26000.0
72905972,Black,Crédito,2023-01-02 00:00:20,2023-01-02 22:53:05,2027-03-23,40000.0
55462764,Platinum,Crédito,2023-01-05 00:00:00,2023-01-30 03:40:33,2028-01-02,15000.0
17984295,Maestro/Debit,Débito,2023-01-05 00:00:20,2023-01-05 13:19:34,2026-05-21,0.0
47841973,Black,Crédito,2023-01-07 00:00:20,2023-01-07 08:50:22,2026-12-10,14000.0
79171554,Gold,Crédito,2023-01-03 00:00:20,2023-01-03 05:10:20,2025-07-12,16000.0
77606203,Platinum,Crédito,2024-09-04 00:00:20,2024-11-12 08:19:23,2027-03-25,35000.0
53182777,Platinum,Crédito,2024-06-19 00:00:20,2024-06-19 07:39:05,2026-07-06,22000.0
10144276,Platinum,Crédito,2023-01-19 00:00:20,2023-02-12 20:06:45,2025-09-09,30000.0
35496550,Black,Crédito,2023-01-03 00:00:20,2023-01-03 21:14:24,2027-09-16,42000.0
29622329,Black,Crédito,2024-10-23 00:00:20,2025-02-22 22:44:48,2027-11-23,20000.0
30223539,Black,Crédito,2023-04-23 00:00:20,2024-12-12 08:30:18,2027-06-28,27000.0
86084503,Black,Crédito,2023-01-02 00:00:20,2023-03-01 22:22:08,2026-03-16,40000.0
10527754,Platinum,Crédito,2023-05-25 00:00:20,2024-07-27 06:50:44,2027-04-13,21000.0
70961493,Maestro/Debit,Débito,2023-01-04 00:00:00,2023-06-10 14:00:12,2028-01-02,0.0
41623614,Gold,Crédito,2023-01-07 00:00:20,2023-01-07 02:40:36,2025-06-23,15000.0
91862099,Gold,Crédito,2023-01-03 00:00:20,2023-01-27 13:22:24,2026-08-17,13000.0
24826424,Black,Crédito,2023-01-09 00:00:20,2023-01-19 01:46:28,2026-07-23,33000.0
29317725,Platinum,Crédito,2023-01-01 00:00:20,2023-01-01 01:47:44,2026-03-21,23000.0
35114099,Platinum,Crédito,2023-01-02 00:00:20,2023-01-02 14:18:20,2025-01-21,22000.0
15974966,Platinum,Crédito,2024-09-26 00:00:20,2024-09-26 12:03:20,2028-01-02,20000.0
85197775,Gold,Crédito,2024-01-24 00:00:20,2024-01-24 21:31:41,2028-01-02,18000.0
75083229,Gold,Crédito,2023-05-27 00:00:20,2024-02-10 16:26:55,2026-07-21,23000.0
67023755,Platinum,Crédito,2023-01-01 00:00:20,2023-01-03 09:21:27,2027-02-15,14000.0
68056900,Platinum,Crédito,2023-01-09 00:00:20,2023-01-09 00:30:45,2027-01-03,15000.0
65025329,Maestro/Debit,Débito,2024-04-26 00:00:20,2024-05-19 23:24:28,2025-05-28,0.0
25995753,Standard,Crédito,2023-07-20 00:00:20,2024-07-03 15:37:58,2027-10-27,16000.0
89334477,Platinum,Crédito,2023-01-15 00:00:20,2023-01-24 04:29:05,2026-09-05,14000.0
34901164,Maestro/Debit,Débito,2023-02-15 00:00:00,2023-09-12 11:08:04,2028-01-02,0.0
78037373,Maestro/Debit,Débito,2024-06-27 00:00:20,2024-07-22 15:28:10,2025-09-02,0.0
42939783,Platinum,Crédito,2024-12-22 00:00:20,2024-12-27 11:56:07,2026-08-25,19000.0
70757395,Platinum,Crédito,2023-01-07 00:00:20,2023-01-07 02:04:53,2027-06-02,26000.0
43719854,Platinum,Crédito,2023-08-07 00:00:20,2024-07-17 23:23:38,2027-12-19,25000.0
66360128,Maestro/Debit,Débito,2023-05-31 00:18:50,2023-06-01 00:18:50,2028-01-02,0.0
91051657,Standard,Crédito,2023-01-02 00:00:20,2023-05-01 06:15:54,2027-09-07,6000.0
80139158,Black,Crédito,2023-02-15 00:00:20,2024-09-08 11:51:29,2027-07-14,22000.0
73702134,Platinum,Crédito,2023-11-16 00:00:20,2025-02-17 13:12:06,2027-06-24,23000.0
17401016,Gold,Crédito,2023-01-14 00:00:20,2023-02-01 16:36:30,2025-08-06,25000.0
87792140,Gold,Crédito,2023-01-03 00:00:20,2023-01-03 15:29:36,2026-07-02,18000.0
24895769,Black,Crédito,2023-01-06 00:00:20,2023-01-13 14:15:29,2025-10-22,21000.0
46144523,Maestro/Debit,Débito,2023-01-06 00:00:20,2023-01-06 16:37:42,2026-05-08,0.0
97159228,Gold,Crédito,2023-07-07 17:00:03,2023-07-08 17:00:03,2028-01-02,20000.0
92741887,Gold,Crédito,2024-12-18 00:00:20,2024-12-18 08:49:25,2027-12-02,8000.0
49187699,Maestro/Debit,Débito,2023-01-09 00:00:20,2023-01-09 08:23:04,2026-02-25,0.0
89922248,Standard,Crédito,2023-01-02 00:00:20,2023-04-05 16:50:44,2027-02-02,16000.0
84096530,Platinum,Crédito,2023-01-01 00:00:20,2023-02-09 06:02:12,2027-07-15,19000.0
81699082,Platinum,Crédito,2023-02-25 00:00:20,2024-05-09 11:05:55,2027-06-03,20000.0
29456762,Black,Crédito,2023-01-04 00:00:20,2023-01-04 01:08:48,2025-03-29,34000.0
64059104,Platinum,Crédito,2023-01-01 00:00:20,2023-01-01 00:46:15,2026-08-04,26000.0
46287793,Black,Crédito,2023-01-07 00:00:20,2023-01-07 02:42:58,2025-06-07,19000.0
61334398,Gold,Crédito,2023-01-02 00:00:00,2023-03-21 13:48:07,2028-01-02,13000.0
33024777,Platinum,Crédito,2023-01-01 00:00:00,2023-08-23 02:48:18,2028-01-02,11000.0
27192833,Black,Crédito,2023-03-16 00:00:20,2024-03-22 12:10:40,2025-05-05,43000.0
26371011,Black,Crédito,2023-09-09 13:29:33,2023-09-10 13:29:33,2028-01-02,22000.0
53127631,Black,Crédito,2023-01-08 00:00:20,2023-02-22 20:12:25,2027-03-10,22000.0
17831138,Standard,Crédito,2023-01-05 00:00:00,2023-04-03 18:15:38,2028-01-02,6000.0
46542685,Standard,Crédito,2023-07-19 00:00:20,2024-01-05 10:07:15,2027-08-05,12000.0
76927731,Gold,Crédito,2023-01-10 00:00:00,2023-01-22 07:53:34,2028-01-02,26000.0
51771462,Black,Crédito,2023-07-30 00:00:20,2024-10-30 11:27:09,2026-10-27,31000.0
86045741,Black,Crédito,2023-01-01 00:00:20,2023-02-27 17:04:16,2026-05-30,18000.0
18102843,Black,Crédito,2023-06-24 00:00:20,2024-09-12 03:40:08,2028-01-02,21000.0
39123150,Black,Crédito,2023-01-03 00:00:20,2023-01-15 01:35:58,2027-06-01,27000.0
76546828,Standard,Crédito,2023-12-20 00:00:20,2024-01-06 02:08:05,2026-09-03,10000.0
36056667,Platinum,Crédito,2023-01-14 00:00:20,2023-01-14 03:26:04,2027-07-23,20000.0
53072689,Platinum,Crédito,2023-01-05 00:00:20,2023-01-05 17:52:05,2028-01-02,13000.0
58445581,Black,Crédito,2023-01-01 00:00:20,2023-01-02 09:53:46,2026-02-10,15000.0
80415734,Platinum,Crédito,2023-01-03 00:00:20,2023-01-03 12:21:54,2027-08-03,17000.0
32173962,Gold,Crédito,2023-01-03 00:00:20,2023-01-03 14:14:22,2025-08-15,13000.0
48744726,Gold,Crédito,2023-08-31 00:00:20,2024-10-15 07:00:14,2026-06-07,23000.0
40462388,Platinum,Crédito,2023-01-30 00:00:20,2024-01-19 09:43:42,2027-08-24,26000.0
11670353,Black,Crédito,2023-01-02 00:00:20,2023-03-15 20:20:43,2026-10-14,27000.0
16157546,Platinum,Crédito,2024-04-26 00:00:20,2024-05-13 04:27:36,2026-10-19,21000.0
15096318,Platinum,Crédito,2023-01-03 00:00:20,2023-01-08 23:49:28,2027-09-20,14000.0
98226551,Platinum,Crédito,2023-01-05 00:00:20,2023-02-02 22:30:03,2027-07-27,24000.0
78217121,Maestro/Debit,Débito,2025-01-02 00:00:20,2025-01-02 19:27:50,2026-07-30,0.0
10386433,Gold,Crédito,2023-01-05 00:00:20,2023-02-03 02:23:33,2026-04-08,11000.0
37775989,Gold,Crédito,2023-01-13 00:00:20,2023-01-13 04:18:50,2027-03-08,16000.0
55918031,Platinum,Crédito,2023-01-02 00:00:20,2024-07-16 22:34:15,2025-07-13,22000.0
33854547,Platinum,Crédito,2023-12-17 00:00:20,2025-01-03 20:03:34,2028-01-02,20000.0
98983892,Platinum,Crédito,2025-01-01 00:00:20,2025-01-06 16:35:30,2027-08-25,19000.0
89622314,Gold,Crédito,2024-10-02 00:00:20,2024-10-11 13:28:38,2027-08-30,17000.0
57580060,Standard,Crédito,2024-05-24 00:00:20,2025-04-20 10:49:05,2025-10-22,14000.0
30500254,Black,Crédito,2023-07-04 00:00:20,2024-05-03 03:15:45,2027-12-29,17000.0
36133896,Platinum,Crédito,2023-03-05 00:00:00,2023-05-14 18:37:26,2028-01-02,20000.0
80402669,Platinum,Crédito,2023-01-02 00:00:20,2023-01-13 08:25:33,2026-01-11,29000.0
47537518,Standard,Crédito,2023-01-06 00:00:20,2023-01-13 03:22:19,2027-08-29,14000.0
59389462,Gold,Crédito,2023-01-19 00:00:20,2023-01-19 10:37:25,2026-02-04,9000.0
38220152,Gold,Crédito,2024-10-23 00:00:20,2024-10-23 04:01:08,2027-02-11,20000.0
99972211,Black,Crédito,2023-01-10 00:00:20,2023-02-11 07:08:14,2026-01-12,37000.0
23706042,Gold,Crédito,2023-04-17 00:00:20,2024-11-23 03:31:53,2026-01-10,9000.0
35186335,Black,Crédito,2023-05-15 00:18:50,2023-05-16 00:18:50,2028-01-02,28000.0
42449019,Platinum,Crédito,2023-01-03 00:00:20,2023-01-07 21:13:41,2027-12-11,23000.0
26435736,Black,Crédito,2023-01-06 00:00:20,2023-01-06 09:38:45,2027-08-24,26000.0
74371810,Gold,Crédito,2023-01-04 00:00:20,2023-01-04 06:12:50,2026-03-18,11000.0
96561809,Platinum,Crédito,2023-01-04 00:00:00,2023-02-27 04:21:05,2028-01-02,34000.0
41091458,Platinum,Crédito,2023-01-01 00:00:20,2023-01-01 14:42:29,2027-05-04,26000.0
61281564,Maestro/Debit,Débito,2023-08-06 00:00:20,2024-12-20 22:40:17,2028-01-02,0.0
48485594,Black,Crédito,2023-01-07 00:00:20,2023-01-25 06:29:12,2025-08-06,22000.0
69244703,Gold,Crédito,2023-01-05 00:00:00,2023-02-25 16:20:58,2028-01-02,16000.0
29755634,Platinum,Crédito,2023-09-21 00:00:20,2024-10-08 04:10:23,2026-05-14,17000.0
95981342,Black,Crédito,2023-07-19 00:00:20,2024-01-17 15:49:33,2027-11-08,32000.0
39490385,Standard,Crédito,2025-01-02 00:00:20,2025-01-02 03:59:27,2027-01-24,15000.0
47148681,Black,Crédito,2023-04-23 00:00:20,2025-01-23 16:15:24,2027-10-06,21000.0
45975010,Platinum,Crédito,2023-01-08 00:00:20,2023-01-20 20:12:11,2027-06-01,26000.0
31758075,Gold,Crédito,2023-01-07 00:00:20,2023-01-12 02:25:31,2027-10-12,16000.0
25972214,Gold,Crédito,2024-04-09 00:00:20,2024-04-09 04:59:12,2028-01-02,8000.0
76244170,Gold,Crédito,2023-01-04 00:00:20,2023-01-20 04:31:28,2027-11-05,21000.0
10290136,Platinum,Crédito,2023-01-21 00:00:20,2023-01-21 01:17:06,2026-03-07,24000.0
67281506,Black,Crédito,2023-01-07 00:00:20,2023-01-07 03:05:25,2026-05-13,36000.0
67151253,Standard,Crédito,2023-01-21 00:00:20,2023-02-23 22:36:07,2026-04-05,12000.0
77598152,Gold,Crédito,2023-01-06 00:00:20,2023-02-09 02:00:08,2026-05-02,15000.0
99076586,Maestro/Debit,Débito,2023-07-31 00:00:20,2024-11-11 22:37:28,2028-01-02,0.0
78633642,Maestro/Debit,Débito,2024-08-11 00:00:20,2024-08-24 04:36:24,2028-01-02,0.0
70343185,Maestro/Debit,Débito,2024-09-19 00:00:20,2024-09-25 03:50:20,2028-01-02,0.0
29185849,Platinum,Crédito,2024-03-14 00:00:20,2024-05-11 13:05:47,2027-10-26,29000.0
33759949,Black,Crédito,2023-01-14 00:00:20,2023-03-17 06:42:26,2026-06-04,32000.0
14877849,Standard,Crédito,2023-10-22 00:00:20,2024-11-09 03:52:10,2028-01-02,7000.0
53721328,Platinum,Crédito,2023-12-10 00:00:20,2024-10-25 19:49:06,2026-06-26,27000.0
76751959,Black,Crédito,2023-05-28 00:00:20,2024-07-23 09:06:55,2026-08-26,20000.0
75677746,Maestro/Debit,Débito,2023-01-03 00:00:20,2023-01-03 21:50:51,2025-06-30,0.0
58845311,Maestro/Debit,Débito,2023-06-14 00:00:20,2024-08-07 23:17:40,2027-08-05,0.0
50658268,Platinum,Crédito,2023-01-03 00:00:20,2023-01-06 10:51:22,2025-05-05,23000.0
67075129,Black,Crédito,2023-04-11 00:00:20,2024-01-27 19:37:05,2026-07-13,41000.0
77035328,Platinum,Crédito,2023-01-19 00:00:20,2025-01-06 06:46:59,2027-01-03,24000.0
34002133,Maestro/Debit,Débito,2023-01-06 00:00:20,2023-01-26 00:43:11,2026-02-14,0.0
12667046,Maestro/Debit,Débito,2023-01-08 00:00:20,2023-01-28 18:41:21,2026-10-28,0.0
90785731,Black,Crédito,2024-06-28 00:00:20,2024-07-04 14:29:15,2027-10-27,42000.0
97329731,Black,Crédito,2023-01-09 00:00:20,2023-01-09 11:25:18,2026-11-21,30000.0
53009994,Maestro/Debit,Débito,2023-01-10 00:00:20,2023-03-22 20:57:08,2026-06-03,0.0
29157285,Platinum,Crédito,2023-01-02 00:00:20,2023-01-02 06:25:56,2027-11-06,16000.0
12426166,Gold,Crédito,2024-12-14 00:00:20,2024-12-14 22:15:52,2026-01-02,23000.0
53244455,Maestro/Debit,Débito,2023-01-08 00:00:00,2023-02-04 11:51:51,2028-01-03,0.0
84046107,Black,Crédito,2023-09-13 00:00:20,2024-02-13 10:06:54,2026-04-28,17000.0
35036607,Gold,Crédito,2024-12-04 00:00:20,2024-12-09 15:57:48,2027-07-07,11000.0
43689584,Black,Crédito,2023-01-01 00:00:20,2023-01-01 13:30:39,2027-08-16,45000.0
47582807,Platinum,Crédito,2023-01-19 00:00:20,2023-01-19 06:19:29,2026-10-13,33000.0
70997982,Gold,Crédito,2023-01-21 00:00:20,2023-01-22 23:05:01,2027-07-28,8000.0
55492753,Platinum,Crédito,2023-01-19 00:00:20,2023-01-27 06:03:05,2027-10-30,17000.0
47416335,Maestro/Debit,Débito,2023-11-29 00:00:20,2024-07-08 04:18:35,2028-01-03,0.0
70638606,Gold,Crédito,2023-01-15 00:00:00,2023-03-23 01:51:50,2028-01-03,22000.0
87848098,Platinum,Crédito,2024-10-02 00:00:20,2025-01-07 15:17:44,2028-01-03,15000.0
15635214,Platinum,Crédito,2024-04-06 00:00:20,2024-04-21 04:39:12,2027-10-22,16000.0
26269561,Platinum,Crédito,2023-01-12 00:00:20,2023-01-12 18:36:15,2025-09-04,29000.0
24332607,Platinum,Crédito,2023-01-01 00:00:20,2023-01-01 19:28:39,2026-09-09,12000.0
27489242,Black,Crédito,2023-01-07 00:00:00,2023-01-31 08:15:15,2028-01-03,22000.0
76915504,Platinum,Crédito,2023-02-18 00:00:20,2024-09-04 13:29:44,2026-02-24,26000.0
88827608,Platinum,Crédito,2023-11-27 05:54:10,2023-11-28 05:54:10,2028-01-03,24000.0
38479095,Standard,Crédito,2023-08-15 00:00:20,2024-10-08 20:36:16,2027-03-20,11000.0
10183605,Gold,Crédito,2024-06-24 00:00:20,2024-06-24 07:53:21,2027-01-14,9000.0
79430995,Standard,Crédito,2023-01-07 00:00:20,2023-01-07 01:24:32,2027-01-24,7000.0
14679361,Black,Crédito,2023-03-17 00:00:20,2024-06-05 19:20:15,2025-08-07,39000.0
17436846,Platinum,Crédito,2023-06-20 00:00:20,2024-03-05 23:15:10,2027-06-20,13000.0
44948817,Gold,Crédito,2023-05-25 00:00:20,2024-07-05 15:04:02,2027-09-17,10000.0
70161557,Platinum,Crédito,2023-01-01 00:00:20,2023-02-07 13:53:12,2027-08-21,11000.0
36416979,Black,Crédito,2023-01-03 00:00:20,2023-01-13 17:42:47,2025-10-25,38000.0
72723230,Maestro/Debit,Débito,2023-12-01 00:00:20,2025-01-13 10:57:26,2026-07-10,0.0
74745882,Standard,Crédito,2023-01-15 00:00:20,2024-01-18 17:46:03,2026-08-18,7000.0
69748432,Gold,Crédito,2024-08-02 00:00:20,2024-08-02 03:51:08,2027-10-04,16000.0
72794599,Black,Crédito,2023-08-14 00:00:20,2024-11-07 11:07:44,2027-07-09,33000.0
37931635,Standard,Crédito,2023-01-05 00:00:20,2023-01-05 00:54:04,2027-10-06,16000.0
19628493,Platinum,Crédito,2024-06-09 00:00:20,2024-06-09 14:42:49,2026-12-06,21000.0
74346260,Standard,Crédito,2023-01-03 00:00:20,2023-01-03 06:36:22,2027-10-29,8000.0
73085952,Standard,Crédito,2023-03-09 09:28:24,2023-03-10 09:28:24,2028-01-03,7000.0
11424087,Maestro/Debit,Débito,2023-02-04 23:29:11,2023-02-05 23:29:11,2028-01-03,0.0
94533663,Platinum,Crédito,2023-01-10 00:00:20,2023-01-25 15:38:05,2026-10-07,30000.0
75768214,Black,Crédito,2023-04-11 00:00:20,2024-04-25 17:52:35,2026-08-14,39000.0
98237524,Gold,Crédito,2023-06-24 00:00:20,2024-05-29 19:06:57,2028-01-03,13000.0
36041305,Platinum,Crédito,2024-09-16 00:00:20,2024-09-16 16:36:25,2027-10-22,34000.0
51527626,Standard,Crédito,2023-12-02 00:00:20,2024-09-18 19:13:13,2026-09-19,16000.0
30222337,Black,Crédito,2023-11-18 00:00:20,2024-03-13 04:56:31,2026-04-02,38000.0
46727319,Black,Crédito,2023-01-13 00:00:20,2023-01-13 08:56:05,2027-09-12,39000.0
90518466,Maestro/Debit,Débito,2023-01-09 00:00:20,2023-02-01 13:33:04,2027-06-24,0.0
35584810,Standard,Crédito,2023-01-06 00:00:20,2023-03-07 06:39:18,2026-03-02,8000.0
91857651,Maestro/Debit,Débito,2024-07-07 00:00:20,2024-10-20 12:56:38,2026-02-28,0.0
58616805,Gold,Crédito,2023-01-02 00:00:20,2023-01-02 22:32:07,2025-04-23,16000.0
15431011,Gold,Crédito,2023-01-05 00:00:20,2023-01-05 04:41:02,2025-07-16,27000.0
47946628,Gold,Crédito,2023-02-15 00:00:20,2024-06-06 11:19:49,2025-11-14,11000.0
29394760,Standard,Crédito,2023-02-09 00:00:00,2023-10-09 09:08:33,2028-01-03,17000.0
23348892,Gold,Crédito,2023-01-03 00:00:20,2023-01-03 06:56:15,2027-10-15,20000.0
33060973,Gold,Crédito,2023-02-17 00:00:00,2023-08-17 20:17:25,2028-01-03,18000.0
31984768,Black,Crédito,2023-01-02 00:00:20,2023-01-02 09:21:02,2026-03-14,20000.0
69295075,Platinum,Crédito,2023-01-10 00:00:00,2023-01-17 07:41:15,2028-01-03,23000.0
37853166,Standard,Crédito,2023-01-05 00:00:20,2023-01-05 19:48:00,2026-10-31,12000.0
47637204,Platinum,Crédito,2023-01-04 00:00:20,2023-01-23 02:04:01,2026-11-20,22000.0
47834002,Platinum,Crédito,2023-01-19 00:00:20,2023-01-19 00:01:29,2026-03-04,19000.0
65149575,Platinum,Crédito,2023-01-07 00:00:20,2023-02-04 15:35:15,2027-05-31,16000.0
47026558,Platinum,Crédito,2023-01-01 00:00:20,2023-01-05 01:13:56,2026-08-21,21000.0
44031081,Black,Crédito,2023-01-10 00:00:20,2023-01-10 21:45:53,2026-07-23,44000.0
28966616,Platinum,Crédito,2023-11-27 00:00:20,2025-03-21 16:00:22,2026-01-12,25000.0
71681922,Maestro/Debit,Débito,2023-01-03 00:00:20,2023-01-03 17:39:31,2025-09-29,0.0
52265311,Gold,Crédito,2023-01-01 00:00:20,2023-01-11 20:43:44,2025-12-23,19000.0
96923242,Black,Crédito,2023-06-05 00:00:20,2025-02-07 03:24:21,2027-01-25,19000.0
18546897,Black,Crédito,2023-05-07 00:00:20,2024-05-29 11:37:26,2026-01-21,47000.0
46810585,Gold,Crédito,2023-10-21 00:00:20,2024-04-18 12:34:56,2025-10-14,24000.0
18120263,Platinum,Crédito,2023-01-02 00:00:20,2024-08-26 06:52:19,2025-04-09,23000.0
99593319,Maestro/Debit,Débito,2023-01-17 00:00:20,2023-01-23 03:35:22,2025-10-30,0.0
47575933,Gold,Crédito,2023-01-20 00:00:20,2023-04-05 15:51:33,2027-04-02,21000.0
40037710,Standard,Crédito,2023-01-08 00:00:20,2023-01-08 02:46:45,2026-01-08,10000.0
66778876,Platinum,Crédito,2023-01-01 00:00:00,2023-05-13 23:19:51,2028-01-03,25000.0
25955907,Gold,Crédito,2024-12-07 00:00:20,2024-12-08 13:03:55,2028-01-03,24000.0
38096989,Black,Crédito,2023-01-03 00:00:20,2023-01-27 02:04:00,2027-10-16,37000.0
15190282,Maestro/Debit,Débito,2023-01-05 00:00:20,2023-01-05 08:07:22,2026-08-19,0.0
37555804,Gold,Crédito,2023-01-11 00:00:20,2023-01-11 12:14:23,2026-12-18,15000.0
31790477,Platinum,Crédito,2023-01-02 00:00:20,2023-01-02 04:56:35,2025-11-24,30000.0
47680173,Black,Crédito,2023-10-04 00:00:20,2024-07-15 00:07:18,2027-11-28,28000.0
11384822,Black,Crédito,2024-10-06 00:00:20,2024-10-09 17:08:45,2026-01-03,36000.0
67297707,Gold,Crédito,2023-01-09 00:00:20,2023-01-09 06:44:32,2025-06-04,13000.0
54240220,Platinum,Crédito,2023-01-22 00:00:20,2023-01-22 13:31:02,2027-09-01,27000.0
87971262,Platinum,Crédito,2023-08-19 00:00:20,2025-01-04 05:45:44,2026-06-29,21000.0
93577766,Platinum,Crédito,2023-04-01 00:00:20,2024-06-27 22:59:13,2026-04-25,16000.0
37203844,Gold,Crédito,2023-02-05 00:00:20,2024-04-01 08:55:52,2027-02-11,13000.0
85548528,Maestro/Debit,Débito,2023-01-21 00:00:20,2023-01-21 20:01:12,2026-09-11,0.0
73067850,Standard,Crédito,2023-05-27 00:00:20,2024-11-12 11:38:53,2028-01-03,17000.0
30675206,Standard,Crédito,2024-01-05 00:00:20,2024-01-05 23:40:56,2028-01-03,13000.0
27993937,Black,Crédito,2023-01-05 00:00:20,2023-01-28 04:59:30,2025-10-20,42000.0
55301202,Black,Crédito,2023-01-04 00:00:20,2023-01-27 19:55:23,2025-04-20,37000.0
73121546,Gold,Crédito,2023-01-05 00:00:20,2023-02-05 09:45:03,2025-04-14,23000.0
68476952,Platinum,Crédito,2023-01-01 00:00:20,2023-01-06 18:56:41,2026-04-04,12000.0
42159792,Platinum,Crédito,2023-01-01 00:00:20,2023-02-01 23:01:50,2026-12-08,30000.0
96001370,Black,Crédito,2023-01-09 00:00:20,2023-01-09 16:23:06,2026-06-28,15000.0
20403757,Black,Crédito,2023-11-07 00:00:20,2025-01-03 16:56:15,2027-05-09,37000.0
50054758,Black,Crédito,2023-01-15 00:00:20,2023-04-12 00:34:33,2026-11-27,19000.0
63463397,Maestro/Debit,Débito,2023-01-05 00:00:20,2023-01-14 18:40:56,2027-09-30,0.0
93708374,Platinum,Crédito,2024-04-27 00:00:20,2024-04-27 21:29:13,2027-04-27,28000.0
73476495,Gold,Crédito,2023-01-06 00:00:20,2023-05-23 07:07:22,2026-06-29,14000.0
94074569,Black,Crédito,2023-03-03 00:00:20,2024-02-01 11:32:53,2027-06-02,15000.0
33689501,Gold,Crédito,2023-02-21 00:00:20,2024-08-08 17:10:16,2027-02-22,10000.0
75183073,Black,Crédito,2023-01-03 00:00:20,2023-01-30 07:02:51,2025-08-28,22000.0
71238076,Maestro/Debit,Débito,2024-05-28 00:00:20,2024-06-19 18:48:31,2027-04-27,0.0
75066490,Standard,Crédito,2023-01-07 00:00:20,2023-01-07 06:11:17,2027-06-25,10000.0
53114216,Platinum,Crédito,2023-01-08 00:00:20,2023-01-23 22:04:50,2027-03-11,26000.0
72124984,Maestro/Debit,Débito,2023-12-22 00:00:20,2024-12-17 13:51:25,2027-10-06,0.0
23796314,Maestro/Debit,Débito,2023-01-02 00:00:20,2023-02-21 04:13:47,2025-06-23,0.0
27504783,Maestro/Debit,Débito,2023-05-13 00:00:20,2024-06-17 04:29:17,2026-03-14,0.0
50720987,Maestro/Debit,Débito,2023-01-02 00:00:20,2023-01-02 12:50:59,2026-10-02,0.0
28923060,Platinum,Crédito,2023-01-06 00:00:20,2023-02-01 10:42:55,2025-10-15,17000.0
74070716,Gold,Crédito,2023-01-02 00:00:20,2023-01-16 07:31:02,2027-07-06,13000.0
39327178,Black,Crédito,2023-11-14 00:00:20,2024-07-06 08:46:11,2026-03-01,22000.0
13982952,Black,Crédito,2023-01-10 00:00:20,2023-04-14 23:16:18,2026-11-06,20000.0
97390681,Maestro/Debit,Débito,2024-05-06 00:00:20,2024-05-06 08:56:21,2026-11-30,0.0
12632306,Platinum,Crédito,2023-01-05 00:00:20,2023-01-28 15:55:37,2025-09-09,31000.0
19063642,Standard,Crédito,2023-01-26 00:00:00,2023-04-08 21:21:28,2028-01-03,6000.0
28907736,Maestro/Debit,Débito,2023-01-11 00:00:20,2023-01-11 06:32:33,2026-08-25,0.0
19408870,Maestro/Debit,Débito,2023-09-14 00:00:20,2024-10-25 20:19:06,2028-01-03,0.0
44085730,Maestro/Debit,Débito,2023-08-28 00:00:20,2024-05-19 13:11:02,2027-10-14,0.0
67669928,Platinum,Crédito,2023-01-12 00:00:20,2023-01-12 02:26:32,2027-12-31,22000.0
95421286,Black,Crédito,2024-03-01 00:00:20,2024-03-29 15:19:23,2025-11-26,17000.0
69394796,Platinum,Crédito,2023-02-27 00:00:20,2024-12-24 03:05:40,2026-05-18,28000.0
29883943,Black,Crédito,2024-02-03 00:00:20,2024-02-03 19:44:36,2027-09-25,28000.0
99012146,Black,Crédito,2023-01-09 00:00:20,2023-01-09 21:46:05,2026-04-26,22000.0
21268167,Platinum,Crédito,2023-05-04 00:00:20,2025-02-06 03:40:26,2025-06-13,12000.0
62305604,Standard,Crédito,2023-01-02 00:00:20,2023-05-15 02:43:24,2027-03-10,16000.0
19805665,Gold,Crédito,2023-01-03 00:00:20,2023-01-20 10:12:12,2026-11-08,16000.0
92771458,Black,Crédito,2023-01-06 00:00:20,2023-01-06 13:16:46,2025-09-04,40000.0
84168041,Gold,Crédito,2023-02-12 00:00:00,2023-07-30 07:23:27,2028-01-03,14000.0
85590586,Platinum,Crédito,2023-01-30 00:00:20,2024-10-29 04:46:00,2026-02-27,32000.0
49865916,Black,Crédito,2023-01-02 00:00:20,2023-01-11 20:27:15,2026-08-16,29000.0
93043828,Standard,Crédito,2023-09-03 00:00:20,2024-05-09 20:44:55,2026-02-03,7000.0
50391739,Gold,Crédito,2024-05-08 00:00:20,2024-05-30 08:54:19,2026-04-15,16000.0
39104080,Gold,Crédito,2023-01-03 00:00:20,2023-01-03 16:25:15,2025-08-09,13000.0
40162053,Black,Crédito,2023-04-20 00:00:20,2024-10-30 20:34:26,2026-06-22,40000.0
39132083,Maestro/Debit,Débito,2023-01-08 00:00:20,2023-01-08 16:06:24,2025-07-14,0.0
79083995,Gold,Crédito,2023-01-03 00:00:00,2023-03-29 15:17:02,2028-01-03,12000.0
34977258,Gold,Crédito,2024-08-01 00:00:20,2024-08-01 02:37:48,2028-01-03,12000.0
69790626,Gold,Crédito,2024-11-05 00:00:20,2024-11-12 20:52:43,2028-01-03,12000.0
16935476,Maestro/Debit,Débito,2023-01-08 00:00:20,2023-10-12 01:45:37,2027-10-21,0.0
91620366,Gold,Crédito,2023-01-07 00:00:20,2023-01-13 11:25:21,2026-12-26,14000.0
32124963,Platinum,Crédito,2023-07-22 00:00:20,2024-09-27 15:28:08,2025-12-18,36000.0
44763596,Maestro/Debit,Débito,2023-02-11 00:00:20,2023-02-11 06:12:37,2028-01-03,0.0
80299532,Standard,Crédito,2023-01-06 00:00:20,2023-01-06 12:48:28,2026-04-21,16000.0
64898003,Platinum,Crédito,2023-01-02 00:00:20,2023-03-16 14:06:48,2027-12-07,17000.0
37065747,Standard,Crédito,2023-01-10 00:00:20,2023-01-23 18:56:12,2027-03-14,7000.0
27726082,Platinum,Crédito,2023-08-19 00:00:20,2024-08-07 11:07:20,2026-04-03,16000.0
48673444,Platinum,Crédito,2023-08-31 00:00:20,2024-10-05 20:28:47,2026-03-25,9000.0
56186997,Gold,Crédito,2023-07-08 00:00:20,2024-08-13 00:49:33,2026-12-07,21000.0
12880176,Maestro/Debit,Débito,2023-04-21 00:00:20,2024-06-12 08:12:22,2025-05-16,0.0
54279196,Maestro/Debit,Débito,2023-03-28 00:00:20,2024-05-15 16:39:54,2025-07-28,0.0
81629781,Platinum,Crédito,2023-06-23 00:00:20,2024-02-11 20:00:21,2026-05-11,15000.0
37050312,Gold,Crédito,2023-03-10 00:00:20,2024-07-24 22:22:30,2026-12-17,11000.0
39404134,Platinum,Crédito,2023-01-16 00:00:20,2024-10-02 18:30:54,2026-09-03,9000.0
42322810,Maestro/Debit,Débito,2023-01-04 00:00:20,2023-01-04 16:52:52,2025-06-18,0.0
41306169,Maestro/Debit,Débito,2023-02-07 00:00:00,2023-09-15 01:22:43,2028-01-03,0.0
78872206,Gold,Crédito,2023-11-18 00:00:20,2024-03-09 13:25:37,2027-12-14,13000.0
66172283,Gold,Crédito,2024-05-01 00:00:20,2024-09-21 10:49:42,2026-04-26,19000.0
28450099,Standard,Crédito,2023-01-06 00:00:20,2023-01-06 03:23:11,2026-01-13,21000.0
86217755,Gold,Crédito,2023-07-30 00:00:20,2024-10-30 20:05:42,2026-06-25,12000.0
95183245,Black,Crédito,2023-01-06 00:00:20,2023-01-06 13:08:00,2026-05-04,44000.0
58362612,Platinum,Crédito,2023-12-10 00:00:20,2024-10-04 11:16:56,2026-01-16,21000.0
35485633,Gold,Crédito,2023-01-04 00:00:20,2023-01-04 18:50:25,2027-07-26,15000.0
99009292,Gold,Crédito,2023-01-01 00:00:20,2023-02-18 17:54:46,2025-10-08,20000.0
48851997,Platinum,Crédito,2023-05-16 00:00:20,2024-12-04 05:46:07,2026-04-24,25000.0
32342729,Maestro/Debit,Débito,2023-01-05 00:00:00,2023-06-27 14:51:43,2028-01-03,0.0
16692018,Black,Crédito,2024-09-01 00:00:20,2024-09-01 14:09:50,2026-12-26,26000.0
91108634,Platinum,Crédito,2023-05-14 00:00:20,2024-10-16 19:38:26,2026-12-30,33000.0
30837418,Gold,Crédito,2023-10-26 00:00:20,2024-08-11 20:07:53,2026-11-24,24000.0
57360515,Gold,Crédito,2024-06-17 00:00:20,2024-06-17 13:12:29,2028-01-03,14000.0
71073341,Gold,Crédito,2023-12-10 00:00:20,2024-01-30 16:41:51,2027-10-03,24000.0
64599962,Black,Crédito,2023-01-09 00:00:20,2023-02-01 16:28:34,2026-04-28,42000.0
67343127,Black,Crédito,2023-08-06 00:00:20,2025-03-04 03:19:11,2028-01-03,24000.0
61670207,Gold,Crédito,2023-01-16 00:00:20,2023-01-17 04:49:29,2027-11-17,18000.0
29199582,Gold,Crédito,2023-01-02 00:00:20,2023-01-28 05:50:47,2027-10-30,9000.0
72767520,Black,Crédito,2023-01-03 00:00:20,2023-01-27 03:48:54,2026-05-23,20000.0
50645558,Gold,Crédito,2023-01-07 00:00:20,2023-01-24 12:56:04,2025-12-02,18000.0
26877474,Platinum,Crédito,2023-01-09 00:00:20,2023-01-12 23:56:20,2025-10-22,21000.0
65327131,Gold,Crédito,2023-01-04 00:00:20,2024-06-23 23:36:24,2027-08-15,14000.0
95677215,Maestro/Debit,Débito,2023-01-03 00:00:20,2023-01-03 23:29:14,2026-06-22,0.0
16634148,Black,Crédito,2023-01-14 00:00:20,2023-01-14 04:16:25,2025-04-14,37000.0
58306973,Black,Crédito,2023-02-03 00:00:00,2023-09-16 13:25:46,2028-01-03,31000.0
73128952,Standard,Crédito,2024-09-12 00:00:20,2024-10-24 21:36:23,2028-01-03,13000.0
75858027,Gold,Crédito,2023-01-18 00:00:00,2023-03-27 14:26:28,2028-01-03,23000.0
62878644,Gold,Crédito,2024-03-23 00:00:20,2024-04-06 08:08:05,2028-01-03,10000.0
48260933,Gold,Crédito,2023-01-03 00:00:20,2023-01-09 16:53:13,2026-02-11,26000.0
62233106,Maestro/Debit,Débito,2024-05-06 00:00:20,2024-10-05 23:58:50,2025-12-21,0.0
57367077,Maestro/Debit,Débito,2024-05-16 00:00:20,2024-09-06 12:42:23,2026-08-03,0.0
19819777,Platinum,Crédito,2023-01-08 00:00:20,2023-02-10 03:57:21,2026-03-16,20000.0
48756868,Platinum,Crédito,2023-01-04 00:00:20,2023-01-24 09:50:43,2025-10-11,16000.0
20807285,Platinum,Crédito,2023-02-05 00:00:00,2023-08-10 21:24:48,2028-01-03,17000.0
61117240,Black,Crédito,2023-11-03 00:00:20,2024-11-20 14:34:28,2028-01-03,21000.0
38886479,Gold,Crédito,2024-03-21 00:00:20,2024-03-21 07:34:56,2028-01-03,13000.0
46866291,Platinum,Crédito,2023-09-30 00:00:20,2024-08-11 08:24:02,2027-06-10,16000.0
88326966,Maestro/Debit,Débito,2023-02-19 00:00:20,2024-08-28 07:56:24,2026-08-30,0.0
71959469,Gold,Crédito,2023-06-09 00:00:20,2024-02-10 05:05:46,2026-09-30,24000.0
51873156,Platinum,Crédito,2023-11-21 00:00:20,2025-02-16 15:39:55,2026-11-24,13000.0
79218114,Platinum,Crédito,2024-10-27 00:00:20,2024-11-10 17:07:19,2027-09-12,27000.0
17960458,Black,Crédito,2024-09-12 00:00:20,2024-09-16 01:47:27,2028-01-03,36000.0
73304414,Black,Crédito,2024-05-07 00:00:20,2024-09-11 13:56:49,2026-09-19,17000.0
58823139,Platinum,Crédito,2023-01-06 00:00:20,2023-01-20 11:23:40,2026-07-13,35000.0
42792793,Black,Crédito,2023-02-01 00:00:20,2024-09-27 20:24:28,2027-06-29,39000.0
73364025,Gold,Crédito,2024-01-17 00:00:20,2024-01-30 18:24:44,2028-01-03,19000.0
93312619,Maestro/Debit,Débito,2024-09-04 00:00:20,2024-09-04 01:41:35,2027-04-30,0.0
93795319,Maestro/Debit,Débito,2024-08-11 00:00:20,2024-08-11 22:40:46,2028-01-03,0.0
38600630,Gold,Crédito,2023-01-06 00:00:20,2023-01-13 19:30:54,2027-07-07,13000.0
43421745,Platinum,Crédito,2023-01-01 00:00:20,2023-01-01 00:46:35,2026-04-02,12000.0
25908468,Maestro/Debit,Débito,2023-01-04 00:00:20,2023-02-11 21:48:49,2027-06-24,0.0
99093767,Maestro/Debit,Débito,2023-01-06 00:00:00,2023-04-09 12:11:55,2028-01-03,0.0
81352615,Black,Crédito,2023-01-02 00:00:20,2023-01-21 21:59:10,2025-11-10,26000.0
37489393,Gold,Crédito,2023-04-07 00:00:20,2024-09-02 09:23:37,2027-07-21,23000.0
67832115,Platinum,Crédito,2023-01-02 00:00:20,2023-01-02 12:56:44,2027-11-18,30000.0
59368041,Maestro/Debit,Débito,2023-01-13 00:00:20,2023-02-04 07:31:27,2027-01-29,0.0
52012984,Maestro/Debit,Débito,2023-01-03 00:00:00,2023-02-24 15:17:02,2028-01-03,0.0
93584504,Black,Crédito,2024-07-06 00:00:20,2024-08-03 12:14:59,2025-08-06,34000.0
72796026,Maestro/Debit,Débito,2023-01-14 00:00:20,2023-05-25 04:44:52,2027-09-13,0.0
86140347,Gold,Crédito,2023-01-02 00:00:20,2023-01-02 10:58:05,2026-02-25,16000.0
54592251,Maestro/Debit,Débito,2024-11-16 00:00:20,2025-01-14 21:53:06,2027-09-30,0.0
93068230,Platinum,Crédito,2024-05-08 00:00:20,2024-08-04 05:07:33,2025-09-21,16000.0
48039179,Maestro/Debit,Débito,2023-01-04 00:00:00,2023-03-19 13:42:14,2028-01-03,0.0
85522936,Black,Crédito,2023-01-13 00:00:20,2023-01-13 14:57:34,2027-04-02,27000.0
98431588,Platinum,Crédito,2023-01-01 00:00:20,2023-01-01 15:31:03,2027-07-20,32000.0
47389414,Black,Crédito,2023-01-06 00:00:20,2023-01-06 19:21:31,2026-01-28,21000.0
59672560,Maestro/Debit,Débito,2025-01-02 00:00:20,2025-02-01 13:40:18,2026-10-19,0.0
13478560,Maestro/Debit,Débito,2023-02-03 00:00:00,2023-06-10 17:30:03,2028-01-03,0.0
77111112,Maestro/Debit,Débito,2023-01-26 00:00:20,2024-12-12 22:52:31,2028-01-03,0.0
75801475,Maestro/Debit,Débito,2023-01-09 00:00:20,2023-04-01 19:29:20,2027-09-28,0.0
81620947,Black,Crédito,2023-07-25 00:00:20,2024-07-08 21:46:02,2025-06-01,21000.0
16377293,Platinum,Crédito,2023-01-10 00:00:20,2023-01-10 09:58:46,2027-06-18,31000.0
44379616,Black,Crédito,2023-01-03 00:00:20,2023-01-03 17:51:09,2026-07-26,33000.0
45302982,Platinum,Crédito,2023-07-13 00:00:20,2024-07-06 05:38:15,2026-06-30,27000.0
72700080,Black,Crédito,2023-01-14 00:00:20,2023-02-01 19:03:02,2026-05-19,27000.0
37942997,Platinum,Crédito,2023-06-24 00:00:20,2024-06-14 23:16:50,2028-01-03,31000.0
52757573,Black,Crédito,2024-07-21 00:00:20,2024-07-21 15:48:57,2026-10-02,37000.0
55293873,Black,Crédito,2023-01-02 00:00:20,2023-01-04 02:51:55,2027-04-19,38000.0
36590324,Black,Crédito,2023-04-04 00:00:20,2024-10-27 02:30:51,2026-06-10,33000.0
30041456,Black,Crédito,2023-01-05 00:00:20,2023-01-05 23:55:39,2027-02-20,30000.0
36010057,Maestro/Debit,Débito,2023-01-07 00:00:20,2023-01-07 00:49:56,2025-03-21,0.0
41437651,Gold,Crédito,2023-11-22 00:00:20,2024-08-10 01:12:27,2028-01-03,23000.0
12866811,Maestro/Debit,Débito,2023-01-10 00:00:20,2023-01-10 17:45:31,2027-05-15,0.0
33222036,Platinum,Crédito,2023-01-01 00:00:20,2023-01-20 18:08:50,2025-05-04,17000.0
49439860,Platinum,Crédito,2023-01-14 00:00:20,2023-01-14 19:12:04,2026-11-21,29000.0
29075877,Gold,Crédito,2023-08-08 00:00:20,2024-10-29 23:07:32,2026-07-25,7000.0
51553132,Platinum,Crédito,2023-07-19 00:00:20,2024-12-25 13:56:42,2028-01-03,15000.0
17286694,Black,Crédito,2023-01-06 00:00:00,2023-02-10 11:45:09,2028-01-03,30000.0
16289662,Platinum,Crédito,2023-03-10 00:00:20,2024-08-09 14:21:03,2026-10-13,16000.0
80531874,Black,Crédito,2023-01-02 00:00:20,2023-01-02 09:21:16,2027-08-07,23000.0
61752014,Black,Crédito,2023-10-28 00:00:20,2024-06-01 05:15:18,2026-09-06,35000.0
58083009,Platinum,Crédito,2023-01-02 00:00:20,2023-01-02 11:55:50,2026-05-20,27000.0
47815837,Platinum,Crédito,2023-03-04 00:00:20,2024-02-14 22:59:44,2026-08-28,10000.0
83667740,Black,Crédito,2023-01-02 00:00:20,2023-01-02 06:34:38,2027-08-29,30000.0
29774001,Platinum,Crédito,2024-10-23 00:00:20,2024-11-25 16:06:10,2025-08-03,18000.0
19007530,Maestro/Debit,Débito,2024-06-17 00:00:20,2024-09-14 21:10:57,2028-01-03,0.0
10012655,Black,Crédito,2024-05-05 00:00:20,2024-05-05 10:25:51,2026-04-06,26000.0
16803380,Platinum,Crédito,2024-08-25 00:00:20,2024-08-25 18:21:04,2026-11-29,31000.0
24790999,Maestro/Debit,Débito,2023-01-01 00:00:20,2023-01-11 16:56:33,2025-07-14,0.0
75099099,Black,Crédito,2023-01-16 00:00:20,2023-01-16 20:58:55,2026-07-12,39000.0
25625043,Black,Crédito,2023-06-07 00:00:20,2024-04-12 01:12:49,2027-10-29,41000.0
44663530,Platinum,Crédito,2023-01-03 00:00:20,2023-01-03 22:40:44,2027-04-23,17000.0
32755316,Black,Crédito,2023-01-01 00:00:20,2023-01-01 01:00:26,2027-07-12,27000.0
61876945,Gold,Crédito,2023-01-06 00:00:20,2023-02-26 21:59:24,2025-10-01,10000.0
75166187,Gold,Crédito,2023-01-08 00:00:20,2023-01-08 06:34:34,2025-04-19,22000.0
11374985,Black,Crédito,2023-01-13 00:00:20,2023-01-27 13:23:50,2027-10-02,34000.0
18206401,Gold,Crédito,2023-01-08 00:00:20,2023-01-08 02:04:02,2026-12-21,18000.0
70197067,Gold,Crédito,2023-01-02 00:00:20,2023-04-06 07:57:30,2026-09-22,13000.0
79783917,Black,Crédito,2023-01-10 00:00:20,2023-01-14 08:31:31,2026-08-07,31000.0
33396681,Gold,Crédito,2024-05-09 00:00:20,2024-05-09 10:45:10,2027-06-22,17000.0
56452118,Platinum,Crédito,2023-01-01 00:00:20,2023-01-01 09:38:21,2026-01-03,16000.0
68386435,Platinum,Crédito,2023-01-04 00:00:20,2023-01-15 21:10:44,2027-01-15,21000.0
27732422,Black,Crédito,2023-01-17 00:00:20,2023-03-26 22:33:23,2026-09-30,45000.0
13848243,Platinum,Crédito,2024-02-21 00:00:20,2024-02-21 17:00:54,2026-01-12,17000.0
65525547,Platinum,Crédito,2023-01-07 00:00:20,2023-01-07 01:52:14,2027-08-18,21000.0
11473354,Maestro/Debit,Débito,2023-01-07 00:00:20,2023-01-07 00:12:45,2027-08-30,0.0
86562410,Black,Crédito,2023-01-07 00:00:00,2023-01-11 13:07:06,2028-01-03,38000.0
25432835,Platinum,Crédito,2023-01-02 00:00:20,2023-01-02 23:36:29,2027-07-02,19000.0
81629030,Platinum,Crédito,2023-01-19 00:00:20,2023-01-19 03:52:03,2025-07-24,24000.0
18040508,Standard,Crédito,2023-03-06 00:00:20,2025-01-19 20:56:42,2025-07-02,16000.0
40698665,Platinum,Crédito,2023-02-05 00:00:00,2023-05-13 09:41:42,2028-01-03,20000.0
50126776,Gold,Crédito,2024-12-27 00:00:20,2024-12-27 18:54:48,2026-10-15,8000.0
94545036,Standard,Crédito,2023-01-05 00:00:20,2023-01-05 16:02:02,2026-04-06,19000.0
12985712,Maestro/Debit,Débito,2023-01-08 00:00:00,2023-04-09 11:51:51,2028-01-03,0.0
92333394,Platinum,Crédito,2023-01-07 00:00:20,2023-01-20 16:06:04,2025-06-16,32000.0
70965641,Gold,Crédito,2023-10-14 00:00:20,2024-07-08 19:59:09,2028-01-03,20000.0
13016955,Maestro/Debit,Débito,2023-01-06 00:00:00,2023-03-19 01:31:40,2028-01-03,0.0
63102800,Maestro/Debit,Débito,2023-01-10 00:00:20,2023-01-12 06:31:42,2027-04-27,0.0
55510967,Maestro/Debit,Débito,2023-06-30 05:56:59,2023-07-01 05:56:59,2028-01-03,0.0
34265253,Platinum,Crédito,2023-01-18 00:00:20,2023-01-18 09:51:54,2027-01-08,11000.0
24602126,Black,Crédito,2023-01-07 00:00:20,2023-02-09 15:20:47,2026-10-13,26000.0
20937870,Platinum,Crédito,2023-07-02 00:00:20,2024-06-13 13:23:54,2027-06-11,31000.0
19147839,Standard,Crédito,2024-12-22 00:00:20,2025-01-13 10:16:24,2027-10-22,8000.0
61847122,Platinum,Crédito,2023-01-06 00:00:20,2023-01-08 22:08:14,2025-12-19,13000.0
61955543,Platinum,Crédito,2024-08-09 00:00:20,2024-09-09 08:23:34,2028-01-03,27000.0
67140918,Maestro/Debit,Débito,2023-01-05 00:00:20,2023-01-05 23:02:36,2026-06-24,0.0
81430091,Platinum,Crédito,2023-01-03 00:00:20,2023-02-06 08:39:04,2026-07-02,12000.0
47429493,Standard,Crédito,2023-01-05 00:00:20,2023-01-05 21:01:20,2026-05-11,13000.0
28845110,Platinum,Crédito,2023-01-02 00:00:20,2023-01-02 16:21:11,2026-10-05,11000.0
18169792,Platinum,Crédito,2023-01-26 00:00:20,2025-01-27 01:07:09,2026-09-12,23000.0
29239560,Platinum,Crédito,2023-01-04 00:00:20,2023-01-04 05:09:45,2025-11-22,34000.0
36750655,Standard,Crédito,2023-01-02 00:00:20,2023-01-12 08:56:39,2026-04-22,17000.0
72165471,Black,Crédito,2023-01-21 00:00:20,2023-01-21 08:45:55,2027-07-28,25000.0
30701931,Black,Crédito,2023-05-01 00:00:20,2024-09-04 02:47:46,2027-04-08,20000.0
46163920,Maestro/Debit,Débito,2023-06-30 00:54:57,2023-07-01 00:54:57,2028-01-03,0.0
55783454,Black,Crédito,2023-01-04 00:00:20,2024-06-04 22:39:37,2027-01-24,40000.0
48499882,Platinum,Crédito,2024-09-06 00:00:20,2024-10-21 07:41:08,2027-08-09,10000.0
90238471,Gold,Crédito,2024-04-17 00:00:20,2024-04-17 15:20:59,2026-09-30,24000.0
90106435,Platinum,Crédito,2023-01-17 00:00:20,2023-01-27 23:55:14,2027-03-14,21000.0
57233559,Platinum,Crédito,2023-12-26 00:00:20,2024-03-04 11:45:00,2028-01-03,25000.0
46747488,Platinum,Crédito,2024-12-16 00:00:20,2024-12-16 06:32:28,2027-12-16,30000.0
27655522,Gold,Crédito,2023-10-10 00:00:20,2025-01-21 17:29:57,2025-10-21,10000.0
40869900,Platinum,Crédito,2023-01-03 00:00:20,2023-01-17 21:14:17,2026-08-04,18000.0
57458964,Gold,Crédito,2023-01-02 00:00:20,2023-01-02 14:39:42,2026-10-08,15000.0
71125645,Black,Crédito,2024-07-24 00:00:20,2025-02-10 03:41:02,2025-07-15,30000.0
64098050,Platinum,Crédito,2023-01-09 00:00:20,2023-01-09 02:07:56,2027-12-13,14000.0
41480051,Black,Crédito,2024-05-16 00:00:20,2024-05-17 12:54:04,2026-12-29,31000.0
61837672,Platinum,Crédito,2023-01-06 00:00:20,2023-01-11 18:01:04,2026-09-18,21000.0
85309040,Black,Crédito,2023-02-17 00:00:00,2023-06-15 16:49:15,2028-01-03,22000.0
15264828,Black,Crédito,2023-06-25 00:00:20,2024-11-23 07:51:35,2025-09-28,23000.0
40340132,Maestro/Debit,Débito,2023-08-31 00:00:20,2024-10-01 04:59:41,2025-11-09,0.0
86550342,Platinum,Crédito,2024-12-22 00:00:20,2024-12-22 03:50:57,2028-01-03,28000.0
14515736,Maestro/Debit,Débito,2023-01-04 00:00:20,2024-03-07 00:27:20,2027-12-08,0.0
65415147,Maestro/Debit,Débito,2023-01-15 00:00:20,2023-01-15 21:23:34,2026-07-09,0.0
90639154,Gold,Crédito,2023-01-01 00:00:20,2023-01-01 00:02:39,2027-10-26,15000.0
43622152,Black,Crédito,2023-12-15 00:00:20,2024-06-22 03:54:34,2027-08-09,30000.0
89305630,Platinum,Crédito,2023-09-30 00:00:20,2024-08-09 04:27:41,2027-05-03,16000.0
66542406,Standard,Crédito,2023-01-16 00:00:20,2023-01-16 22:52:49,2026-06-25,12000.0
12182319,Platinum,Crédito,2023-01-12 00:00:20,2023-02-23 00:10:12,2026-11-10,29000.0
49880790,Black,Crédito,2023-02-01 00:00:20,2023-02-22 17:33:51,2026-02-10,18000.0
40030393,Gold,Crédito,2023-01-02 00:00:20,2023-01-02 05:52:04,2026-05-14,12000.0
46339936,Maestro/Debit,Débito,2024-07-13 00:00:20,2024-07-18 17:53:03,2025-03-03,0.0
83419124,Standard,Crédito,2023-10-07 00:00:20,2024-10-03 01:47:41,2027-11-22,13000.0
37367547,Black,Crédito,2023-01-02 00:00:20,2023-01-23 17:14:49,2025-08-04,31000.0
42790865,Gold,Crédito,2023-05-07 00:00:20,2024-03-23 08:55:14,2025-05-10,12000.0
60722848,Platinum,Crédito,2024-07-13 00:00:20,2024-08-17 21:15:18,2025-12-03,13000.0
90784958,Platinum,Crédito,2023-02-13 00:00:00,2023-05-15 15:54:00,2028-01-04,25000.0
71295781,Maestro/Debit,Débito,2023-01-07 00:00:20,2023-01-16 10:44:09,2026-01-19,0.0
19551007,Black,Crédito,2023-01-03 00:00:20,2023-01-03 12:50:55,2026-02-18,24000.0
40165692,Platinum,Crédito,2024-05-07 00:00:20,2024-05-16 09:56:49,2026-09-26,23000.0
94080146,Black,Crédito,2023-01-01 00:00:20,2023-01-05 21:50:26,2026-12-15,42000.0
24664373,Maestro/Debit,Débito,2023-01-11 00:00:20,2023-01-15 04:30:11,2027-06-06,0.0
85525831,Standard,Crédito,2023-01-08 00:00:20,2023-01-12 14:39:31,2027-06-15,12000.0
28919988,Gold,Crédito,2023-01-18 00:00:20,2023-02-12 14:47:19,2026-04-26,12000.0
35513054,Standard,Crédito,2024-08-21 00:00:20,2024-08-30 04:25:42,2026-11-27,13000.0
57913524,Black,Crédito,2023-01-03 00:00:20,2023-02-01 20:13:52,2025-12-26,38000.0
65645098,Platinum,Crédito,2023-10-11 00:00:20,2024-06-16 23:49:04,2025-04-19,14000.0
31235734,Platinum,Crédito,2023-02-14 00:00:20,2024-09-09 09:59:09,2025-08-28,13000.0
11070132,Black,Crédito,2023-01-15 00:00:20,2023-01-15 13:05:15,2027-12-20,40000.0
20558456,Platinum,Crédito,2023-01-22 00:00:20,2023-01-22 12:19:28,2027-11-20,21000.0
98260146,Maestro/Debit,Débito,2024-05-30 00:00:20,2024-05-30 22:18:41,2026-12-12,0.0
91829234,Black,Crédito,2023-01-02 00:00:20,2023-01-03 08:37:41,2025-11-29,33000.0
12636720,Platinum,Crédito,2023-01-07 00:00:20,2023-01-07 07:24:56,2026-02-26,26000.0
62245800,Platinum,Crédito,2023-01-02 00:00:20,2023-01-24 22:50:41,2026-10-02,29000.0
35644469,Platinum,Crédito,2023-01-06 00:00:20,2023-05-19 03:03:50,2025-12-08,18000.0
56141932,Maestro/Debit,Débito,2023-01-07 00:00:20,2023-01-07 05:04:04,2027-04-05,0.0
84846079,Platinum,Crédito,2024-07-07 00:00:20,2024-08-10 04:50:07,2026-11-28,15000.0
95382908,Platinum,Crédito,2023-01-09 00:00:20,2023-02-17 12:26:46,2026-10-30,23000.0
70605569,Standard,Crédito,2023-08-16 00:00:20,2024-04-09 11:28:27,2026-07-18,13000.0
76332455,Black,Crédito,2023-07-22 00:00:20,2024-10-17 17:01:49,2025-03-06,32000.0
16662699,Platinum,Crédito,2023-12-22 00:00:20,2024-12-02 22:00:47,2028-01-04,28000.0
80167588,Platinum,Crédito,2023-01-20 00:00:20,2023-02-20 02:19:19,2025-07-10,15000.0
44118907,Gold,Crédito,2023-01-01 00:00:20,2023-01-26 05:58:53,2025-11-30,20000.0
52764989,Maestro/Debit,Débito,2025-01-01 00:00:20,2025-01-08 08:18:31,2027-11-27,0.0
39957120,Standard,Crédito,2023-01-18 00:00:20,2023-01-19 07:04:37,2026-11-17,14000.0
63179170,Platinum,Crédito,2023-08-06 00:00:20,2024-09-12 21:36:04,2026-09-02,15000.0
13548218,Maestro/Debit,Débito,2023-11-08 00:00:20,2024-12-23 07:01:39,2027-01-31,0.0
30536113,Black,Crédito,2023-01-05 00:00:00,2023-06-04 00:07:18,2028-01-04,36000.0
92190292,Black,Crédito,2023-11-27 00:00:20,2024-09-01 21:27:53,2026-03-19,34000.0
52650745,Black,Crédito,2023-02-10 00:00:20,2023-06-07 16:25:34,2028-01-04,35000.0
26348944,Platinum,Crédito,2024-08-21 00:00:20,2024-08-21 21:43:36,2026-05-21,12000.0
18926642,Gold,Crédito,2023-01-09 00:00:20,2023-01-18 08:14:52,2025-11-04,9000.0
17059038,Platinum,Crédito,2024-05-25 00:00:20,2024-06-06 18:32:06,2028-01-04,16000.0
21626367,Maestro/Debit,Débito,2023-11-18 00:00:20,2024-11-08 20:54:16,2028-01-04,0.0
71200733,Gold,Crédito,2023-01-02 00:00:00,2023-06-08 13:26:24,2028-01-04,17000.0
25980266,Gold,Crédito,2023-01-04 00:00:20,2023-01-24 02:42:41,2026-11-16,13000.0
24529776,Black,Crédito,2023-01-04 00:00:20,2023-01-10 05:05:28,2027-01-11,42000.0
82351856,Black,Crédito,2023-01-05 00:00:20,2023-02-25 23:55:35,2026-07-19,19000.0
42585576,Gold,Crédito,2023-01-07 00:00:20,2023-01-09 23:18:27,2027-03-07,20000.0
47178584,Platinum,Crédito,2023-01-09 00:00:20,2023-01-16 22:50:46,2027-08-19,17000.0
54150355,Maestro/Debit,Débito,2023-01-06 00:00:20,2023-01-06 16:01:49,2027-06-01,0.0
24015021,Black,Crédito,2023-01-02 00:00:00,2023-01-05 20:45:01,2028-01-04,22000.0
79854874,Black,Crédito,2023-01-04 00:00:20,2023-01-15 15:49:31,2025-07-23,35000.0
22003042,Platinum,Crédito,2023-01-03 00:00:20,2023-01-03 03:07:44,2027-10-21,29000.0
44816725,Platinum,Crédito,2023-11-14 00:00:20,2024-10-13 08:16:19,2027-06-01,31000.0
90361540,Black,Crédito,2023-01-01 00:00:20,2023-04-21 10:36:24,2026-11-11,22000.0
25523480,Standard,Crédito,2023-01-07 00:00:20,2023-01-07 12:07:40,2027-11-23,7000.0
76108261,Black,Crédito,2023-01-04 00:00:00,2023-08-13 17:10:11,2028-01-04,33000.0
29284624,Gold,Crédito,2024-07-15 00:00:20,2024-08-19 09:53:15,2027-05-20,17000.0
39001905,Platinum,Crédito,2023-02-12 00:00:20,2024-09-09 04:42:35,2026-04-17,15000.0
63784896,Black,Crédito,2023-01-12 00:00:20,2023-01-23 17:45:24,2028-01-04,43000.0
68260591,Platinum,Crédito,2023-01-05 00:00:20,2023-01-05 17:25:02,2026-04-13,22000.0
15936926,Maestro/Debit,Débito,2023-01-01 00:00:20,2023-01-29 20:05:18,2026-03-14,0.0
13832346,Platinum,Crédito,2023-01-01 00:00:20,2023-01-22 01:15:02,2027-08-09,17000.0
41844940,Standard,Crédito,2024-10-01 00:00:20,2024-11-28 02:05:24,2028-01-04,11000.0
96868329,Black,Crédito,2023-01-17 00:00:20,2023-01-18 20:24:07,2026-06-11,13000.0
79202311,Standard,Crédito,2023-01-19 00:00:20,2023-01-24 10:17:21,2025-03-23,15000.0
94384878,Platinum,Crédito,2023-01-05 00:00:20,2023-01-30 11:53:54,2026-06-23,26000.0
34628967,Gold,Crédito,2023-06-23 00:00:20,2024-02-11 05:58:17,2025-09-13,21000.0
49938422,Gold,Crédito,2023-01-14 00:00:20,2023-01-14 17:00:46,2027-05-05,22000.0
26461135,Maestro/Debit,Débito,2023-01-24 00:00:20,2023-03-16 02:14:52,2027-11-26,0.0
53146911,Platinum,Crédito,2023-01-06 00:00:00,2023-01-10 18:45:47,2028-01-04,34000.0
23980315,Black,Crédito,2023-01-01 00:00:20,2023-01-10 20:15:38,2026-09-05,17000.0
35847245,Black,Crédito,2023-01-04 00:00:20,2023-01-04 03:55:49,2026-07-11,41000.0
42635698,Maestro/Debit,Débito,2024-09-10 00:00:20,2024-09-10 20:45:22,2025-11-23,0.0
44110563,Platinum,Crédito,2023-01-08 00:00:00,2023-06-22 13:36:05,2028-01-04,26000.0
58382190,Standard,Crédito,2023-01-10 00:00:20,2023-08-18 08:02:18,2026-01-11,13000.0
88246575,Platinum,Crédito,2023-01-11 00:00:20,2023-01-11 16:42:13,2026-01-23,26000.0
76913088,Platinum,Crédito,2023-01-02 00:00:20,2023-01-10 09:41:01,2027-09-24,26000.0
57827482,Black,Crédito,2023-01-10 00:00:20,2023-01-10 02:31:07,2027-12-04,33000.0
31626162,Maestro/Debit,Débito,2024-05-09 00:00:20,2024-08-10 17:46:58,2028-01-04,0.0
82402038,Gold,Crédito,2023-02-03 00:00:00,2023-02-06 21:44:55,2028-01-04,14000.0
63774286,Maestro/Debit,Débito,2024-02-03 00:00:20,2024-02-20 23:42:04,2026-06-11,0.0
69493676,Platinum,Crédito,2023-01-24 00:00:00,2023-01-26 19:31:51,2028-01-04,16000.0
28127692,Platinum,Crédito,2023-01-05 00:00:20,2023-01-18 14:29:03,2025-09-03,24000.0
53692660,Gold,Crédito,2023-01-01 00:00:20,2023-01-01 06:05:59,2026-07-25,19000.0
36803442,Platinum,Crédito,2023-01-20 00:00:20,2023-07-01 04:12:35,2026-09-04,12000.0
81606418,Maestro/Debit,Débito,2023-01-16 00:00:20,2023-03-07 13:11:44,2027-12-27,0.0
88595874,Maestro/Debit,Débito,2023-03-08 00:00:20,2024-01-22 13:57:38,2026-06-11,0.0
75943548,Maestro/Debit,Débito,2023-03-17 00:00:20,2024-03-13 01:28:05,2025-09-13,0.0
75195443,Standard,Crédito,2024-06-07 00:00:20,2024-09-10 05:50:15,2027-01-14,19000.0
79517442,Platinum,Crédito,2023-01-08 00:00:20,2023-06-29 07:15:19,2026-02-04,22000.0
26294329,Platinum,Crédito,2023-01-13 00:00:20,2023-01-19 11:48:10,2025-06-13,14000.0
26120148,Maestro/Debit,Débito,2023-01-01 00:00:00,2023-03-11 08:24:41,2028-01-04,0.0
82338883,Black,Crédito,2023-01-02 00:00:20,2023-01-16 03:11:46,2026-12-18,37000.0
37852702,Standard,Crédito,2023-01-02 00:00:20,2023-01-02 18:19:13,2027-11-03,8000.0
96083634,Standard,Crédito,2023-01-01 00:00:20,2023-01-01 12:37:55,2027-04-19,16000.0
31427752,Gold,Crédito,2023-01-01 00:00:00,2023-03-14 19:16:13,2028-01-04,10000.0
69060760,Maestro/Debit,Débito,2023-01-03 00:00:20,2023-01-30 14:47:25,2026-07-18,0.0
19981025,Platinum,Crédito,2023-01-10 00:00:20,2023-01-30 19:25:08,2027-11-14,19000.0
18417990,Platinum,Crédito,2023-01-18 00:00:20,2023-04-07 14:04:30,2026-04-03,21000.0
73869628,Black,Crédito,2023-01-01 00:00:20,2023-01-05 04:07:46,2027-11-10,25000.0
56295191,Platinum,Crédito,2023-01-10 00:00:20,2023-03-28 14:19:19,2027-01-04,16000.0
93719237,Black,Crédito,2023-01-05 00:00:20,2023-01-07 07:07:06,2025-06-19,34000.0
25106210,Platinum,Crédito,2023-01-02 00:00:20,2023-03-17 14:16:46,2026-02-05,12000.0
78133677,Maestro/Debit,Débito,2023-01-04 00:00:00,2023-01-19 04:56:16,2028-01-04,0.0
89507049,Maestro/Debit,Débito,2023-01-22 00:00:00,2023-04-02 23:37:16,2028-01-04,0.0
49297792,Black,Crédito,2023-02-22 00:00:00,2023-06-15 05:28:01,2028-01-04,30000.0
50225040,Platinum,Crédito,2025-01-02 00:00:20,2025-03-28 23:59:26,2026-07-11,27000.0
26835053,Maestro/Debit,Débito,2023-01-02 00:00:20,2023-02-04 09:03:19,2026-09-24,0.0
99998208,Black,Crédito,2023-01-08 00:00:20,2023-02-24 14:28:02,2027-03-19,29000.0
63113511,Black,Crédito,2023-03-22 00:00:20,2024-04-18 00:05:26,2027-10-22,32000.0
33410656,Black,Crédito,2023-01-08 00:00:20,2023-01-08 05:13:27,2026-11-15,31000.0
57943795,Gold,Crédito,2023-03-16 00:00:20,2024-01-21 14:40:32,2025-11-21,17000.0
99946761,Black,Crédito,2023-01-01 00:00:20,2023-01-06 10:24:10,2027-09-29,29000.0
62469160,Maestro/Debit,Débito,2023-01-08 00:00:20,2023-01-30 01:30:19,2027-11-12,0.0
21994528,Platinum,Crédito,2024-10-23 00:00:20,2024-10-28 09:54:08,2027-11-19,22000.0
67080170,Gold,Crédito,2023-01-12 00:00:00,2023-03-22 15:35:40,2028-01-04,22000.0
42753366,Platinum,Crédito,2023-01-01 00:00:20,2023-01-25 09:17:17,2027-12-05,24000.0
45498728,Platinum,Crédito,2023-01-04 00:00:20,2023-04-27 08:21:14,2026-06-04,19000.0
32964041,Platinum,Crédito,2023-09-13 00:00:20,2024-01-25 03:31:13,2026-01-27,28000.0
30264033,Standard,Crédito,2024-10-20 00:00:20,2024-10-20 08:32:59,2026-11-01,14000.0
29824290,Gold,Crédito,2023-02-06 00:00:20,2023-02-06 23:27:36,2026-07-10,21000.0
51270494,Gold,Crédito,2023-01-02 00:00:20,2023-02-08 10:20:06,2025-09-02,13000.0
15322859,Maestro/Debit,Débito,2023-01-03 00:00:20,2023-01-24 04:23:31,2026-06-18,0.0
91927309,Maestro/Debit,Débito,2023-01-05 00:00:20,2023-01-11 06:27:05,2026-07-25,0.0
24723314,Standard,Crédito,2023-01-03 00:00:20,2023-01-03 02:51:02,2027-12-27,16000.0
70213120,Black,Crédito,2024-10-18 00:00:20,2024-11-04 16:34:54,2026-11-24,28000.0
90200253,Black,Crédito,2024-05-19 00:00:20,2024-05-19 17:26:02,2026-07-12,18000.0
43863227,Platinum,Crédito,2023-01-27 00:00:20,2023-01-29 21:09:49,2025-05-19,17000.0
57863113,Gold,Crédito,2024-11-16 00:00:20,2024-12-03 08:28:18,2028-01-04,19000.0
76106312,Platinum,Crédito,2023-01-01 00:00:20,2023-01-01 03:59:50,2025-02-11,26000.0
36203043,Platinum,Crédito,2023-02-01 00:00:20,2023-02-01 16:44:23,2025-12-10,32000.0
25197682,Standard,Crédito,2023-01-07 00:00:20,2023-01-07 18:29:02,2027-07-12,11000.0
74716930,Standard,Crédito,2023-01-08 00:00:20,2023-02-08 14:12:34,2026-10-14,20000.0
99343697,Maestro/Debit,Débito,2023-12-17 00:00:20,2025-01-13 23:53:11,2028-01-04,0.0
98829817,Platinum,Crédito,2023-01-03 00:00:20,2023-01-23 21:27:10,2025-12-18,27000.0
85378375,Gold,Crédito,2023-01-16 00:00:20,2023-01-16 16:06:58,2027-10-25,21000.0
34323743,Platinum,Crédito,2023-05-28 00:00:20,2024-08-12 15:49:46,2026-09-22,25000.0
48116231,Black,Crédito,2024-12-05 00:00:20,2024-12-05 16:48:42,2026-01-13,25000.0
11545758,Black,Crédito,2023-01-09 00:00:20,2023-01-09 16:34:25,2027-03-16,34000.0
91719024,Black,Crédito,2023-01-14 00:00:00,2023-01-28 20:38:41,2028-01-04,25000.0
48867916,Platinum,Crédito,2023-12-30 00:00:20,2024-09-26 10:13:51,2026-12-27,11000.0
96666654,Gold,Crédito,2023-01-26 00:00:00,2023-03-10 11:57:29,2028-01-04,10000.0
84889132,Black,Crédito,2023-01-01 00:00:20,2023-01-01 13:39:16,2027-06-29,26000.0
56475816,Gold,Crédito,2024-07-02 00:00:20,2024-07-04 10:45:38,2026-08-21,20000.0
33241651,Gold,Crédito,2023-01-10 00:00:20,2023-01-16 19:44:24,2028-01-04,23000.0
42558630,Platinum,Crédito,2023-06-11 00:00:20,2024-06-22 02:34:23,2027-03-08,24000.0
29497544,Platinum,Crédito,2023-01-01 00:00:20,2023-02-26 04:44:56,2026-09-28,22000.0
68928330,Platinum,Crédito,2023-01-07 00:00:20,2023-01-30 08:03:49,2027-10-25,31000.0
68330682,Gold,Crédito,2023-01-07 00:00:20,2023-02-17 23:02:35,2026-09-22,11000.0
73715773,Platinum,Crédito,2023-01-01 00:00:00,2023-07-13 19:30:24,2028-01-04,11000.0
75646053,Black,Crédito,2023-01-05 00:00:20,2023-01-05 00:34:57,2026-09-15,47000.0
15511664,Black,Crédito,2023-01-03 00:00:20,2023-01-03 10:45:09,2027-04-07,30000.0
70206800,Gold,Crédito,2023-01-02 00:00:20,2023-01-15 11:15:55,2027-05-08,22000.0
41725883,Maestro/Debit,Débito,2023-01-18 00:00:20,2023-03-01 13:41:54,2025-05-06,0.0
81561898,Platinum,Crédito,2024-10-15 00:00:20,2024-10-23 20:14:56,2026-03-04,12000.0
75707988,Standard,Crédito,2023-07-31 00:00:20,2024-10-03 12:34:03,2028-01-04,18000.0
53754005,Gold,Crédito,2023-01-14 00:00:20,2023-01-14 17:41:27,2026-03-13,23000.0
81304762,Maestro/Debit,Débito,2023-10-11 00:00:20,2024-06-15 14:37:24,2026-01-19,0.0
57767638,Maestro/Debit,Débito,2023-01-01 00:00:20,2023-01-09 00:15:37,2026-03-11,0.0
90577943,Platinum,Crédito,2024-05-30 00:00:20,2024-06-29 02:17:23,2026-10-31,31000.0
35086984,Gold,Crédito,2023-02-19 00:00:20,2024-10-25 01:11:09,2026-01-13,21000.0
61727759,Maestro/Debit,Débito,2023-04-01 00:00:20,2024-07-13 09:50:15,2026-04-25,0.0
83204008,Platinum,Crédito,2023-01-01 00:00:20,2023-02-08 23:28:37,2026-01-04,12000.0
69922643,Platinum,Crédito,2023-04-17 00:00:20,2024-11-24 05:01:14,2026-08-28,24000.0
91999311,Black,Crédito,2023-01-07 00:00:00,2023-06-22 21:46:56,2028-01-04,15000.0
22569919,Maestro/Debit,Débito,2023-01-01 00:00:00,2023-06-23 19:30:24,2028-01-04,0.0
35931773,Maestro/Debit,Débito,2023-03-17 00:00:20,2024-03-29 06:34:01,2025-06-04,0.0
98953142,Black,Crédito,2023-12-18 00:00:20,2024-10-17 01:09:49,2026-11-04,25000.0
90029275,Gold,Crédito,2024-04-25 00:00:20,2024-04-25 05:43:57,2026-08-20,14000.0
69212575,Platinum,Crédito,2023-01-10 00:00:20,2023-01-16 00:30:19,2027-10-16,16000.0
11138982,Black,Crédito,2023-01-10 00:00:20,2023-01-26 11:23:16,2026-09-14,15000.0
26039111,Maestro/Debit,Débito,2023-01-01 00:00:20,2023-01-07 02:02:34,2025-04-29,0.0
45489046,Platinum,Crédito,2023-01-01 00:00:20,2023-02-05 04:51:54,2026-02-13,33000.0
53857235,Black,Crédito,2023-01-03 00:00:20,2023-01-07 10:17:42,2027-04-08,20000.0
87040511,Gold,Crédito,2023-02-20 12:29:20,2023-02-21 12:29:20,2028-01-04,10000.0
40656702,Standard,Crédito,2023-01-31 00:00:20,2024-02-02 14:11:43,2027-06-28,15000.0
10100988,Black,Crédito,2023-01-06 00:00:00,2023-08-21 04:21:18,2028-01-04,17000.0
15028960,Gold,Crédito,2023-01-04 00:00:20,2023-01-11 06:46:43,2027-11-25,14000.0
84991076,Platinum,Crédito,2023-02-09 00:00:00,2023-04-04 09:08:33,2028-01-04,26000.0
32987743,Black,Crédito,2023-01-02 00:00:20,2023-01-16 15:39:42,2025-09-19,25000.0
93682996,Black,Crédito,2023-02-01 00:00:20,2023-03-20 15:41:27,2025-11-27,20000.0
36922021,Gold,Crédito,2023-01-03 00:00:20,2023-01-03 08:12:26,2027-11-04,14000.0
57087108,Platinum,Crédito,2024-04-14 00:00:20,2024-04-27 12:47:41,2025-10-23,26000.0
96303094,Maestro/Debit,Débito,2023-01-31 00:00:20,2024-02-03 18:55:12,2026-10-30,0.0
75876759,Maestro/Debit,Débito,2023-06-17 00:00:20,2024-11-02 16:49:21,2028-01-04,0.0
23085674,Maestro/Debit,Débito,2024-04-18 00:00:20,2025-01-17 22:19:14,2026-03-07,0.0
25856540,Platinum,Crédito,2023-01-16 00:00:20,2023-01-16 19:31:31,2027-12-02,18000.0
68690010,Maestro/Debit,Débito,2023-01-11 00:00:20,2023-01-16 06:00:30,2027-10-11,0.0
25576604,Platinum,Crédito,2024-02-15 00:00:20,2024-02-15 11:34:16,2026-11-28,23000.0
18611735,Platinum,Crédito,2023-01-19 00:00:20,2023-01-19 17:51:11,2027-08-23,30000.0
78130889,Black,Crédito,2023-01-21 00:00:20,2023-11-15 22:34:34,2027-10-11,37000.0
55062988,Black,Crédito,2023-06-04 00:00:20,2025-01-02 16:32:25,2026-05-23,28000.0
18211732,Gold,Crédito,2023-01-05 00:00:00,2023-05-06 18:15:38,2028-01-04,27000.0
72334284,Platinum,Crédito,2023-12-04 00:00:20,2024-03-22 06:20:57,2027-08-01,27000.0
29447102,Platinum,Crédito,2023-01-05 00:00:20,2023-01-06 23:10:47,2026-07-05,25000.0
30495447,Gold,Crédito,2023-01-15 00:00:20,2023-02-20 19:12:21,2027-06-08,22000.0
78918707,Platinum,Crédito,2023-01-01 00:00:20,2023-01-01 20:56:28,2026-07-03,10000.0
98050180,Platinum,Crédito,2023-01-02 00:00:20,2023-01-02 13:01:12,2026-02-07,28000.0
74654376,Platinum,Crédito,2023-09-30 00:00:20,2024-07-17 04:54:11,2026-09-07,30000.0
16806364,Gold,Crédito,2023-06-04 00:00:20,2024-12-16 23:10:13,2026-06-04,20000.0
90980375,Gold,Crédito,2023-01-04 00:00:20,2023-01-14 11:39:18,2025-08-08,16000.0
22825857,Platinum,Crédito,2023-07-20 00:00:20,2024-10-12 09:06:36,2027-03-24,25000.0
58316439,Platinum,Crédito,2023-01-01 00:00:20,2023-01-03 14:15:37,2027-08-19,24000.0
60307802,Platinum,Crédito,2023-02-06 00:00:20,2023-07-01 05:18:46,2028-01-04,25000.0
46014801,Maestro/Debit,Débito,2024-05-05 00:00:20,2024-05-06 18:57:52,2025-07-30,0.0
27954403,Black,Crédito,2023-01-03 00:00:20,2023-01-20 17:30:27,2026-10-26,22000.0
21110671,Platinum,Crédito,2023-12-18 00:00:20,2024-10-08 07:20:39,2026-04-11,22000.0
37018916,Black,Crédito,2023-01-03 00:00:20,2023-02-02 08:01:18,2026-09-15,48000.0
39196975,Platinum,Crédito,2023-01-18 00:00:20,2023-01-20 11:29:38,2026-06-10,22000.0
24397417,Platinum,Crédito,2023-01-17 00:00:20,2023-02-19 20:27:33,2026-05-26,20000.0
54799881,Gold,Crédito,2024-07-24 00:00:20,2024-07-24 00:19:40,2025-08-23,10000.0
76239364,Black,Crédito,2023-01-05 00:00:20,2023-01-25 22:24:20,2026-08-25,41000.0
87832635,Platinum,Crédito,2023-07-24 10:07:46,2023-07-25 10:07:46,2028-01-04,18000.0
73936385,Maestro/Debit,Débito,2023-01-02 00:00:20,2023-02-09 12:11:41,2025-05-14,0.0
11365999,Maestro/Debit,Débito,2023-01-10 00:00:20,2023-01-10 20:59:19,2027-02-05,0.0
81273764,Platinum,Crédito,2023-01-03 00:00:20,2023-01-03 15:06:29,2026-07-03,29000.0
17850089,Platinum,Crédito,2023-01-26 00:00:20,2024-06-01 07:05:51,2025-12-24,22000.0
70459381,Platinum,Crédito,2023-02-05 00:00:20,2024-08-10 07:50:47,2027-07-09,24000.0
70818278,Maestro/Debit,Débito,2023-01-17 00:00:00,2023-02-11 14:23:49,2028-01-04,0.0
99552313,Black,Crédito,2023-04-22 00:00:20,2024-09-12 00:46:24,2026-01-26,23000.0
47952475,Maestro/Debit,Débito,2023-01-11 00:00:00,2023-07-16 12:22:47,2028-01-04,0.0
72692308,Platinum,Crédito,2023-02-06 00:00:00,2023-12-05 23:34:09,2028-01-04,11000.0
67735522,Platinum,Crédito,2023-01-07 00:00:20,2023-01-12 06:25:48,2025-06-03,24000.0
91031815,Black,Crédito,2023-01-01 00:00:20,2023-01-17 14:46:41,2027-11-13,15000.0
29947804,Platinum,Crédito,2023-01-04 00:00:20,2023-02-08 06:05:54,2025-12-25,32000.0
38715440,Platinum,Crédito,2023-01-22 00:00:20,2023-03-22 03:55:31,2028-01-02,28000.0
31140790,Black,Crédito,2024-04-13 00:00:20,2024-04-13 04:21:58,2025-08-29,32000.0
14645241,Gold,Crédito,2023-01-06 00:00:00,2023-06-22 10:10:12,2028-01-05,22000.0
45146764,Maestro/Debit,Débito,2023-01-10 00:00:20,2023-01-10 02:44:54,2025-09-04,0.0
25247865,Platinum,Crédito,2023-01-03 00:00:20,2023-02-02 22:45:32,2027-08-16,21000.0
72792581,Standard,Crédito,2023-01-03 00:00:20,2023-01-04 10:11:41,2026-12-31,13000.0
46984094,Black,Crédito,2023-01-02 00:00:20,2023-01-02 13:36:10,2025-12-20,21000.0
71700481,Platinum,Crédito,2023-06-09 00:00:20,2024-04-14 03:03:33,2027-03-09,31000.0
43285054,Black,Crédito,2023-01-02 00:00:20,2023-01-12 20:25:20,2026-06-22,26000.0
93128801,Gold,Crédito,2023-01-12 00:00:20,2023-02-07 01:14:46,2027-01-02,14000.0
82528395,Maestro/Debit,Débito,2023-10-06 00:00:20,2024-04-06 16:17:06,2026-09-06,0.0
86676079,Gold,Crédito,2023-01-10 00:00:20,2023-04-02 10:56:43,2026-11-22,10000.0
71676649,Black,Crédito,2023-01-06 00:00:20,2023-01-06 18:31:56,2025-03-18,17000.0
71572989,Platinum,Crédito,2024-11-04 00:00:20,2025-01-18 21:07:55,2026-06-04,19000.0
46304127,Gold,Crédito,2023-01-09 00:00:00,2023-03-15 03:48:29,2028-01-05,20000.0
11621224,Platinum,Crédito,2024-11-25 00:00:20,2024-11-25 10:37:51,2027-10-20,13000.0
21302546,Maestro/Debit,Débito,2024-12-07 00:00:20,2025-04-03 17:27:30,2027-09-06,0.0
57142368,Maestro/Debit,Débito,2023-01-02 00:00:20,2023-01-20 03:02:42,2027-07-22,0.0
37117018,Gold,Crédito,2023-11-23 00:00:20,2025-01-28 22:28:28,2028-01-05,20000.0
11533487,Platinum,Crédito,2023-01-06 00:00:20,2023-01-11 15:18:54,2025-11-18,20000.0
49978236,Black,Crédito,2023-02-07 00:00:00,2023-10-30 15:22:18,2028-01-05,33000.0
31131046,Black,Crédito,2023-10-27 00:00:20,2024-04-25 11:26:22,2026-10-28,29000.0
16766428,Platinum,Crédito,2024-04-13 00:00:20,2024-05-21 20:42:41,2028-01-05,12000.0
89449578,Platinum,Crédito,2023-01-08 00:00:20,2023-01-26 10:43:31,2027-04-11,32000.0
86778165,Gold,Crédito,2024-11-05 00:00:20,2024-11-15 23:50:08,2027-10-17,15000.0
62924617,Gold,Crédito,2023-01-20 00:00:20,2023-01-22 12:33:02,2025-07-21,21000.0
41773288,Black,Crédito,2023-01-03 00:00:20,2023-03-10 04:45:33,2027-07-02,38000.0
66219160,Platinum,Crédito,2023-01-22 00:00:20,2023-01-22 11:37:11,2027-08-08,20000.0
71574097,Black,Crédito,2023-01-03 00:00:20,2023-01-06 22:51:05,2025-11-27,29000.0
75716252,Black,Crédito,2023-01-05 00:00:20,2023-01-05 16:26:12,2026-10-06,22000.0
24157043,Maestro/Debit,Débito,2023-01-07 00:00:20,2023-02-20 03:13:21,2027-10-15,0.0
13307558,Black,Crédito,2023-02-06 00:00:00,2023-11-09 10:27:11,2028-01-05,20000.0
88476814,Platinum,Crédito,2023-01-03 00:00:20,2023-01-03 23:00:58,2025-06-15,33000.0
26499616,Black,Crédito,2023-01-03 00:00:20,2023-02-13 09:15:12,2026-02-09,38000.0
17759942,Maestro/Debit,Débito,2025-01-02 00:00:20,2025-01-12 15:47:53,2026-11-19,0.0
35369521,Gold,Crédito,2023-01-03 00:00:20,2023-01-30 08:03:42,2025-04-27,23000.0
13092246,Platinum,Crédito,2023-01-15 00:00:20,2023-02-11 01:39:06,2026-01-09,12000.0
21048230,Gold,Crédito,2024-10-09 00:00:20,2024-10-17 01:05:54,2027-10-28,9000.0
86493336,Standard,Crédito,2023-01-26 00:00:20,2023-02-24 09:11:02,2027-01-12,10000.0
59759601,Maestro/Debit,Débito,2023-01-12 00:00:20,2023-03-14 22:24:40,2027-05-25,0.0
16157100,Platinum,Crédito,2024-03-23 00:00:20,2024-08-11 06:41:54,2027-09-22,16000.0
82426069,Maestro/Debit,Débito,2023-11-05 00:00:20,2024-08-03 18:43:30,2027-03-17,0.0
61503195,Maestro/Debit,Débito,2023-07-25 00:00:20,2024-08-27 14:31:51,2026-01-30,0.0
29532407,Maestro/Debit,Débito,2023-01-03 00:00:20,2023-03-01 01:43:40,2025-07-30,0.0
94531293,Platinum,Crédito,2023-01-05 00:00:20,2023-02-20 14:08:51,2025-10-27,27000.0
91925702,Gold,Crédito,2023-11-16 00:00:20,2024-09-05 10:56:47,2026-07-10,11000.0
32795358,Platinum,Crédito,2023-01-09 00:00:20,2023-01-19 18:52:34,2026-11-17,12000.0
52783533,Gold,Crédito,2023-01-22 00:00:00,2023-02-17 05:44:59,2028-01-05,26000.0
27626715,Gold,Crédito,2023-01-04 00:00:20,2023-01-04 21:59:44,2026-01-31,23000.0
76326255,Platinum,Crédito,2023-01-18 00:00:20,2023-01-22 23:37:23,2026-04-03,18000.0
32264725,Platinum,Crédito,2023-01-03 00:00:20,2023-01-07 18:24:28,2027-03-28,15000.0
87841944,Standard,Crédito,2023-01-02 00:00:20,2023-01-19 14:53:15,2026-10-03,22000.0
47836091,Maestro/Debit,Débito,2023-07-31 00:00:20,2024-10-13 16:38:05,2028-01-05,0.0
52089559,Black,Crédito,2023-01-31 00:00:20,2024-02-26 03:23:37,2025-12-24,31000.0
55433826,Maestro/Debit,Débito,2024-10-09 00:00:20,2024-10-09 03:41:50,2027-05-06,0.0
22047241,Platinum,Crédito,2023-01-07 00:00:20,2023-01-07 23:34:51,2025-06-05,21000.0
56903094,Maestro/Debit,Débito,2023-01-28 00:00:20,2024-01-28 15:47:58,2027-09-29,0.0
18383505,Platinum,Crédito,2023-01-29 00:00:00,2023-10-19 00:05:39,2028-01-05,31000.0
93170520,Platinum,Crédito,2023-03-26 00:00:20,2024-11-03 08:32:57,2026-03-20,14000.0
38907984,Maestro/Debit,Débito,2023-01-05 00:00:20,2023-04-23 18:07:20,2027-08-28,0.0
90259690,Platinum,Crédito,2023-01-14 00:00:20,2023-02-01 20:25:27,2025-12-23,22000.0
78031604,Maestro/Debit,Débito,2024-05-19 00:00:20,2024-05-19 01:33:25,2027-03-28,0.0
68027992,Platinum,Crédito,2023-01-08 00:00:20,2023-01-10 08:02:44,2025-03-18,24000.0
43604203,Platinum,Crédito,2023-01-01 00:00:20,2023-01-01 10:54:39,2025-10-17,26000.0
93600136,Black,Crédito,2023-01-04 00:00:20,2023-01-04 21:41:23,2027-08-19,34000.0
58497324,Platinum,Crédito,2023-01-01 00:00:20,2023-01-01 18:08:38,2025-07-18,28000.0
99720790,Platinum,Crédito,2023-01-03 00:00:20,2023-04-12 00:15:59,2026-08-01,28000.0
30580128,Black,Crédito,2023-01-01 00:00:20,2023-01-01 18:19:13,2027-01-29,41000.0
32517302,Black,Crédito,2023-01-14 00:00:00,2023-03-02 15:12:52,2028-01-05,36000.0
38344874,Black,Crédito,2023-03-06 00:00:20,2023-03-06 00:00:20,2028-01-05,36000.0
21458614,Maestro/Debit,Débito,2023-01-02 00:00:20,2024-08-03 15:52:12,2025-09-14,0.0
65523313,Maestro/Debit,Débito,2023-01-30 00:00:20,2024-02-15 18:28:34,2027-11-14,0.0
88174840,Platinum,Crédito,2023-01-09 00:00:00,2023-01-27 09:20:59,2028-01-05,28000.0
25364724,Standard,Crédito,2023-01-12 00:00:20,2023-02-22 16:14:58,2027-05-02,12000.0
16980409,Black,Crédito,2023-11-25 00:00:20,2024-12-15 04:51:29,2026-09-15,33000.0
79044360,Gold,Crédito,2023-04-22 00:00:20,2024-10-09 22:52:29,2026-03-27,13000.0
63413226,Maestro/Debit,Débito,2024-12-04 00:00:20,2024-12-04 20:18:14,2027-07-11,0.0
83407751,Maestro/Debit,Débito,2023-01-08 00:00:20,2023-01-09 02:18:59,2026-07-29,0.0
55996069,Platinum,Crédito,2023-10-14 00:00:20,2024-05-24 12:31:43,2027-11-04,26000.0
93069855,Standard,Crédito,2023-01-17 00:00:20,2023-01-17 04:29:18,2027-09-14,16000.0
60998812,Platinum,Crédito,2023-01-01 00:00:20,2023-02-02 18:55:25,2027-07-18,34000.0
41564881,Maestro/Debit,Débito,2023-01-01 00:00:20,2023-01-05 19:24:26,2027-02-19,0.0
97874470,Black,Crédito,2023-01-14 00:00:20,2023-01-14 23:15:14,2027-11-19,24000.0
47000609,Gold,Crédito,2023-01-05 00:00:20,2023-02-04 02:53:14,2027-04-29,14000.0
51935995,Gold,Crédito,2023-01-06 00:00:20,2023-01-08 23:48:13,2026-08-30,13000.0
84141868,Gold,Crédito,2023-01-05 00:00:20,2023-02-13 19:15:36,2027-02-13,10000.0
47208848,Black,Crédito,2023-01-03 00:00:20,2023-01-03 02:29:49,2025-10-25,17000.0
38891687,Maestro/Debit,Débito,2023-01-12 00:00:20,2023-01-12 05:52:05,2027-06-09,0.0
78833837,Black,Crédito,2023-01-02 00:00:20,2023-01-29 21:38:25,2027-10-31,23000.0
25057807,Gold,Crédito,2023-01-11 00:00:20,2023-01-11 13:33:46,2026-10-27,18000.0
66710205,Platinum,Crédito,2024-11-23 00:00:20,2025-01-01 14:30:18,2025-12-03,21000.0
93824702,Black,Crédito,2023-01-01 00:00:20,2023-01-01 18:55:48,2027-04-26,37000.0
27686488,Gold,Crédito,2024-09-12 00:00:20,2024-09-12 19:49:26,2028-01-05,17000.0
45339475,Platinum,Crédito,2023-01-05 00:00:20,2023-01-05 10:49:43,2026-12-09,22000.0
66748716,Black,Crédito,2023-01-01 00:00:20,2023-01-14 09:10:45,2025-08-06,34000.0
84750478,Black,Crédito,2023-01-09 00:00:20,2023-01-09 18:26:22,2027-09-19,36000.0
21454921,Platinum,Crédito,2023-04-14 00:00:20,2024-04-01 00:26:37,2027-11-26,12000.0
95075158,Standard,Crédito,2024-05-09 00:00:20,2024-05-09 21:28:44,2028-01-05,7000.0
93609911,Maestro/Debit,Débito,2023-12-18 00:00:20,2024-12-01 22:10:56,2028-01-05,0.0
63707162,Black,Crédito,2024-08-09 00:00:20,2024-09-01 23:33:10,2028-01-05,30000.0
84018891,Platinum,Crédito,2023-11-18 00:00:20,2024-04-23 11:41:21,2026-05-19,23000.0
91059490,Black,Crédito,2023-01-07 00:00:20,2023-08-13 02:09:53,2027-09-30,37000.0
68189553,Black,Crédito,2023-01-05 00:00:20,2023-08-24 00:12:56,2027-04-22,19000.0
65846508,Platinum,Crédito,2024-06-27 00:00:20,2024-07-21 17:00:06,2025-12-25,18000.0
63570777,Gold,Crédito,2023-06-12 00:00:20,2024-09-04 06:07:32,2027-08-16,22000.0
57350641,Black,Crédito,2023-01-01 00:00:20,2023-01-16 03:28:27,2027-05-23,36000.0
94973950,Platinum,Crédito,2023-01-10 00:00:20,2023-01-10 07:13:11,2026-06-19,28000.0
61877834,Black,Crédito,2023-06-01 00:00:20,2024-03-22 21:55:18,2026-08-28,20000.0
77258722,Maestro/Debit,Débito,2023-01-02 00:00:20,2023-01-05 12:56:00,2028-01-04,0.0
93992249,Maestro/Debit,Débito,2023-01-06 00:00:20,2023-01-21 21:43:30,2027-05-20,0.0
43290541,Black,Crédito,2024-11-22 00:00:20,2024-11-22 15:48:43,2025-10-28,40000.0
91669999,Platinum,Crédito,2023-01-01 00:00:20,2023-01-01 12:06:25,2025-03-08,32000.0
30806925,Maestro/Debit,Débito,2023-01-07 00:00:20,2023-02-16 07:30:38,2027-05-19,0.0
45549353,Maestro/Debit,Débito,2023-11-26 00:00:20,2024-06-09 13:46:47,2025-07-23,0.0
18239265,Platinum,Crédito,2023-01-02 00:00:20,2023-04-11 00:30:58,2026-09-07,22000.0
72113273,Black,Crédito,2023-01-03 00:00:20,2023-02-05 14:28:13,2026-09-25,17000.0
10269333,Black,Crédito,2023-09-08 00:00:20,2024-03-23 01:51:16,2028-01-05,23000.0
55909151,Platinum,Crédito,2024-02-25 00:00:20,2024-03-19 14:03:37,2027-11-17,18000.0
37045796,Platinum,Crédito,2023-01-12 00:00:20,2023-02-19 20:26:22,2027-10-19,16000.0
39593943,Black,Crédito,2023-01-07 00:00:20,2023-01-25 04:10:18,2025-01-29,26000.0
99233094,Platinum,Crédito,2023-01-02 00:00:20,2023-01-02 08:42:49,2026-02-28,20000.0
95653146,Black,Crédito,2023-01-09 00:00:20,2023-04-22 23:52:43,2025-12-06,37000.0
45843789,Standard,Crédito,2024-12-22 00:00:20,2024-12-22 05:52:29,2026-09-23,9000.0
38356732,Platinum,Crédito,2023-08-28 00:00:20,2024-02-25 04:12:11,2026-04-17,16000.0
51383088,Black,Crédito,2024-09-05 00:00:20,2024-12-26 01:30:17,2025-12-24,23000.0
58927444,Gold,Crédito,2023-01-05 00:00:20,2023-01-21 21:54:20,2027-01-11,26000.0
83556226,Platinum,Crédito,2023-01-02 00:00:20,2023-01-23 07:04:35,2026-12-25,20000.0
10761695,Maestro/Debit,Débito,2023-02-15 00:00:20,2024-07-28 20:01:59,2025-05-06,0.0
67655045,Gold,Crédito,2024-10-27 00:00:20,2025-03-22 07:08:51,2026-02-01,25000.0
92556243,Platinum,Crédito,2023-01-03 00:00:20,2023-01-03 18:02:03,2027-05-06,17000.0
21585503,Standard,Crédito,2024-02-03 00:00:20,2024-02-19 21:53:13,2026-08-16,10000.0
85663116,Platinum,Crédito,2023-01-08 00:00:20,2023-10-05 22:49:48,2027-07-28,24000.0
17858757,Maestro/Debit,Débito,2023-01-09 00:00:20,2023-01-09 08:50:35,2026-05-19,0.0
56130765,Platinum,Crédito,2023-01-16 00:00:00,2023-12-27 06:59:47,2028-01-05,19000.0
67971411,Gold,Crédito,2023-02-10 00:00:20,2024-07-05 19:43:04,2027-06-17,7000.0
59651963,Black,Crédito,2023-01-10 00:00:20,2023-04-27 04:27:08,2027-06-05,21000.0
32028128,Platinum,Crédito,2023-11-03 00:00:20,2024-10-30 11:35:07,2027-08-09,19000.0
88935276,Maestro/Debit,Débito,2023-01-09 00:00:20,2023-02-04 11:38:49,2026-04-30,0.0
63151056,Maestro/Debit,Débito,2024-03-25 00:00:20,2024-03-25 15:32:12,2027-04-15,0.0
60031078,Platinum,Crédito,2023-02-17 00:00:00,2023-07-22 20:17:25,2028-01-05,28000.0
93922591,Black,Crédito,2023-02-13 00:00:20,2023-02-13 14:03:01,2027-12-30,28000.0
48110105,Maestro/Debit,Débito,2023-06-01 00:00:20,2024-04-29 21:09:22,2026-08-11,0.0
76664371,Maestro/Debit,Débito,2023-01-05 00:00:20,2023-01-15 20:35:43,2026-11-13,0.0
28840652,Black,Crédito,2023-01-05 00:00:20,2023-04-15 16:14:29,2027-10-03,21000.0
23095886,Platinum,Crédito,2024-05-25 00:00:20,2024-06-06 12:42:16,2028-01-05,31000.0
49964611,Platinum,Crédito,2023-06-05 00:00:20,2024-06-08 06:12:08,2025-08-19,18000.0
94497365,Standard,Crédito,2023-02-18 01:00:33,2023-02-19 01:00:33,2028-01-05,10000.0
42379250,Black,Crédito,2023-01-01 00:00:20,2023-01-01 05:19:16,2027-11-15,21000.0
59578460,Platinum,Crédito,2023-01-01 00:00:20,2023-01-19 01:04:09,2027-10-10,15000.0
71819406,Standard,Crédito,2023-01-04 00:00:00,2023-04-25 13:42:14,2028-01-05,19000.0
51107151,Black,Crédito,2023-12-05 00:00:20,2024-08-16 13:15:26,2025-10-19,31000.0
61147601,Platinum,Crédito,2023-01-07 00:00:20,2023-01-09 12:09:43,2025-08-29,26000.0
40116821,Platinum,Crédito,2023-01-05 00:00:00,2023-04-29 18:56:36,2028-01-05,33000.0
32454036,Platinum,Crédito,2023-01-08 00:00:20,2023-01-08 05:32:51,2026-10-31,23000.0
33242287,Platinum,Crédito,2023-11-14 00:00:20,2024-10-26 21:08:43,2027-12-06,24000.0
48109430,Gold,Crédito,2023-01-01 00:00:20,2023-03-25 01:04:27,2025-08-12,20000.0
12291180,Black,Crédito,2023-04-10 00:54:44,2023-04-11 00:54:44,2028-01-05,32000.0
71447431,Platinum,Crédito,2023-01-18 00:00:00,2023-07-17 16:50:23,2028-01-05,21000.0
33586179,Gold,Crédito,2023-08-07 00:00:20,2024-12-26 01:39:15,2027-06-24,11000.0
57569203,Standard,Crédito,2023-01-01 00:00:20,2023-01-04 23:57:10,2026-04-11,18000.0
27680390,Black,Crédito,2023-10-16 00:00:20,2024-06-26 19:54:03,2026-11-10,42000.0
43241168,Black,Crédito,2024-09-10 00:00:20,2025-03-13 04:07:11,2025-07-08,47000.0
61294034,Platinum,Crédito,2023-01-07 00:00:20,2023-01-07 17:38:24,2027-06-03,12000.0
49428822,Platinum,Crédito,2023-01-11 00:00:20,2023-02-08 21:16:16,2025-09-10,24000.0
97190789,Platinum,Crédito,2023-01-05 00:00:20,2023-04-10 19:29:06,2025-09-18,26000.0
28669255,Gold,Crédito,2023-01-07 00:00:20,2023-01-07 16:08:35,2027-01-07,27000.0
90038333,Black,Crédito,2023-01-22 00:00:20,2023-01-22 00:27:10,2026-05-30,43000.0
46919199,Black,Crédito,2023-01-12 00:00:20,2023-01-14 11:11:30,2027-03-14,16000.0
19147494,Platinum,Crédito,2023-01-08 00:00:20,2023-01-08 19:41:13,2026-06-05,32000.0
91619411,Gold,Crédito,2023-02-03 00:00:00,2023-10-28 17:30:03,2028-01-06,17000.0
67831214,Black,Crédito,2023-01-08 00:00:20,2024-10-22 15:22:27,2026-03-03,37000.0
95993453,Gold,Crédito,2023-01-06 00:00:20,2023-02-02 19:57:33,2026-10-08,15000.0
72599527,Platinum,Crédito,2023-11-10 00:00:20,2024-12-18 00:56:14,2026-02-16,19000.0
63766294,Standard,Crédito,2023-01-10 00:00:20,2023-03-25 10:26:09,2026-11-29,15000.0
64564724,Maestro/Debit,Débito,2023-01-02 00:00:20,2023-02-01 05:49:28,2027-11-24,0.0
73604571,Platinum,Crédito,2023-04-23 00:00:20,2024-12-30 15:55:30,2027-03-13,32000.0
33548723,Black,Crédito,2023-01-14 00:00:20,2023-03-19 07:36:38,2026-01-09,22000.0
35651902,Platinum,Crédito,2023-01-06 00:00:20,2023-01-06 20:22:30,2026-09-28,20000.0
19858329,Platinum,Crédito,2023-05-09 12:29:20,2023-05-10 12:29:20,2028-01-06,19000.0
57556345,Gold,Crédito,2023-01-05 00:00:20,2023-08-26 05:31:20,2027-12-06,16000.0
19088993,Maestro/Debit,Débito,2023-02-15 00:00:20,2024-05-21 13:10:47,2025-10-20,0.0
92045729,Gold,Crédito,2024-08-10 00:00:20,2024-10-15 09:16:53,2025-07-09,9000.0
53935001,Maestro/Debit,Débito,2023-01-09 00:00:20,2023-03-18 19:04:18,2027-02-28,0.0
25620089,Platinum,Crédito,2023-01-01 00:00:20,2023-01-25 16:43:03,2026-07-25,31000.0
99221435,Black,Crédito,2023-01-04 00:00:20,2023-01-04 08:05:16,2027-03-08,28000.0
27193635,Standard,Crédito,2024-12-16 00:00:20,2024-12-16 14:39:39,2027-03-23,21000.0
40045917,Platinum,Crédito,2023-01-02 00:00:20,2023-02-14 19:34:29,2027-02-14,19000.0
25997983,Gold,Crédito,2023-01-10 00:00:20,2023-01-10 15:35:31,2027-01-13,17000.0
26426773,Black,Crédito,2023-01-08 00:00:20,2023-05-02 20:31:24,2026-08-01,28000.0
47941396,Black,Crédito,2024-12-06 00:00:20,2024-12-28 06:53:05,2027-07-26,46000.0
47126712,Maestro/Debit,Débito,2023-01-09 00:00:00,2023-07-20 09:20:59,2028-01-06,0.0
28947261,Black,Crédito,2023-01-23 00:00:00,2023-06-01 19:39:34,2028-01-06,36000.0
76539337,Maestro/Debit,Débito,2023-01-15 00:00:00,2023-05-26 17:53:12,2028-01-06,0.0
36853156,Maestro/Debit,Débito,2023-01-06 00:00:20,2023-01-26 06:07:28,2026-02-12,0.0
31905445,Standard,Crédito,2023-01-07 00:00:20,2023-01-07 21:39:47,2026-08-04,14000.0
47106597,Gold,Crédito,2024-06-22 00:00:20,2024-06-22 06:29:16,2028-01-06,25000.0
56552932,Gold,Crédito,2023-05-02 00:00:20,2024-05-08 10:29:21,2027-03-28,19000.0
34786383,Maestro/Debit,Débito,2023-01-05 00:00:00,2023-02-20 03:40:33,2028-01-06,0.0
75692161,Platinum,Crédito,2023-01-07 00:00:20,2023-01-07 21:33:03,2027-08-03,12000.0
39481423,Platinum,Crédito,2024-07-07 00:00:20,2024-08-12 04:55:21,2027-10-19,26000.0
41305921,Gold,Crédito,2023-02-12 00:00:20,2024-02-25 22:27:25,2026-02-27,11000.0
22748561,Platinum,Crédito,2023-02-12 00:34:29,2023-02-13 00:34:29,2028-01-06,22000.0
82048653,Platinum,Crédito,2023-01-27 00:00:20,2023-01-29 23:21:32,2027-09-13,12000.0
99160463,Platinum,Crédito,2023-01-01 00:00:20,2023-01-01 01:08:58,2026-09-26,30000.0
23124427,Gold,Crédito,2023-11-14 00:00:20,2024-07-01 16:13:18,2026-02-23,13000.0
87942083,Maestro/Debit,Débito,2023-01-21 00:00:20,2023-01-22 12:33:28,2026-04-26,0.0
16369529,Platinum,Crédito,2023-09-16 00:00:20,2025-02-24 01:54:26,2026-07-22,34000.0
48869970,Maestro/Debit,Débito,2023-01-02 00:00:20,2023-04-11 19:50:49,2026-02-25,0.0
49014262,Platinum,Crédito,2023-01-09 00:00:20,2023-01-09 17:43:01,2026-02-07,29000.0
45922558,Maestro/Debit,Débito,2023-01-07 00:00:20,2023-02-19 23:57:35,2027-05-07,0.0
66473288,Gold,Crédito,2023-01-01 00:00:20,2023-07-04 09:28:35,2027-01-11,14000.0
31889312,Standard,Crédito,2023-01-06 00:00:20,2023-01-15 20:57:56,2027-10-04,18000.0
10356959,Black,Crédito,2023-01-03 00:00:20,2023-01-18 18:04:14,2026-09-19,21000.0
68237529,Maestro/Debit,Débito,2023-06-28 00:00:20,2025-01-08 19:17:29,2026-03-21,0.0
93968977,Black,Crédito,2023-08-08 00:00:20,2024-12-20 17:31:43,2028-01-06,17000.0
26305781,Maestro/Debit,Débito,2023-01-14 00:00:20,2023-02-03 13:30:37,2027-04-09,0.0
60580226,Maestro/Debit,Débito,2023-01-19 00:00:20,2023-01-21 11:19:13,2027-03-27,0.0
16809735,Black,Crédito,2023-01-04 00:00:20,2023-01-04 05:42:00,2026-06-24,19000.0
84270436,Platinum,Crédito,2023-01-04 00:00:20,2023-01-18 06:58:54,2026-05-21,26000.0
68190492,Gold,Crédito,2023-01-06 00:00:20,2023-08-05 09:09:40,2027-09-13,17000.0
28763632,Platinum,Crédito,2023-01-16 00:00:20,2023-02-22 13:27:50,2026-04-04,14000.0
95710897,Maestro/Debit,Débito,2023-05-27 00:00:20,2024-06-21 20:24:01,2027-06-28,0.0
21108523,Black,Crédito,2023-01-07 00:00:20,2023-06-19 18:11:06,2027-06-01,37000.0
73233399,Black,Crédito,2023-01-09 00:00:20,2023-06-09 02:04:33,2027-03-19,28000.0
96231753,Maestro/Debit,Débito,2023-01-01 00:00:20,2023-01-06 16:24:32,2027-11-30,0.0
76657133,Platinum,Crédito,2023-01-02 00:00:00,2023-04-30 14:20:27,2028-01-06,21000.0
89331538,Maestro/Debit,Débito,2023-07-16 00:00:20,2024-09-14 22:13:45,2026-02-01,0.0
76637164,Platinum,Crédito,2024-01-22 00:00:20,2024-03-04 02:24:34,2026-06-23,24000.0
35676491,Gold,Crédito,2023-01-13 00:00:20,2023-01-20 03:55:43,2027-11-19,17000.0
59356541,Gold,Crédito,2023-01-26 00:00:20,2024-06-11 22:54:59,2026-08-22,8000.0
96638867,Gold,Crédito,2023-01-04 00:00:20,2023-01-16 17:15:26,2027-02-27,22000.0
94596739,Gold,Crédito,2023-01-03 00:00:20,2023-01-16 12:04:22,2027-02-25,18000.0
56533866,Gold,Crédito,2023-03-06 00:00:20,2025-01-23 18:54:15,2025-11-28,15000.0
20614191,Platinum,Crédito,2023-01-01 00:00:20,2023-02-20 19:31:49,2027-06-01,34000.0
12948273,Black,Crédito,2023-12-13 12:07:45,2023-12-14 12:07:45,2028-01-06,30000.0
67575904,Standard,Crédito,2023-10-16 00:00:20,2024-08-02 06:09:53,2026-05-19,8000.0
39550063,Black,Crédito,2023-01-03 00:00:20,2023-01-17 10:40:27,2026-09-27,42000.0
57004421,Gold,Crédito,2023-01-08 00:00:20,2023-02-09 07:16:08,2027-01-27,27000.0
42155087,Black,Crédito,2023-06-18 00:00:20,2024-03-16 03:35:40,2025-10-11,40000.0
59371958,Platinum,Crédito,2023-01-05 00:00:20,2023-01-10 12:50:57,2027-03-11,29000.0
41939003,Standard,Crédito,2023-04-29 00:00:20,2025-09-17 22:07:06,2028-01-06,17000.0
27773695,Platinum,Crédito,2023-01-04 00:00:20,2023-02-18 17:42:59,2025-10-19,30000.0
29361835,Black,Crédito,2023-01-03 00:00:00,2023-01-06 11:56:00,2028-01-06,35000.0
34030003,Black,Crédito,2023-01-02 00:00:20,2023-04-05 12:00:41,2026-01-10,28000.0
62520130,Gold,Crédito,2023-01-05 00:00:20,2023-01-09 16:19:31,2026-06-29,21000.0
47638279,Maestro/Debit,Débito,2023-11-03 00:00:20,2025-02-13 14:32:53,2027-12-08,0.0
66679545,Black,Crédito,2023-01-03 00:00:20,2023-01-03 09:17:31,2026-07-08,23000.0
74012406,Standard,Crédito,2023-01-01 00:00:00,2023-05-17 23:19:51,2028-01-06,9000.0
88269514,Platinum,Crédito,2023-01-15 00:00:20,2023-03-03 21:50:28,2027-08-02,19000.0
92384841,Platinum,Crédito,2023-01-03 00:00:20,2023-01-05 23:03:58,2027-03-12,12000.0
35695466,Maestro/Debit,Débito,2023-01-04 00:00:20,2023-01-18 17:53:03,2026-08-01,0.0
37447825,Black,Crédito,2023-05-25 00:00:20,2024-09-03 12:13:12,2027-03-12,34000.0
21926833,Platinum,Crédito,2023-01-20 00:00:20,2023-02-12 14:40:31,2025-08-28,16000.0
18128809,Black,Crédito,2023-01-02 00:00:20,2023-02-08 03:06:13,2026-07-18,20000.0
42408415,Black,Crédito,2023-07-08 00:00:20,2024-08-29 14:02:27,2026-08-30,32000.0
44538675,Platinum,Crédito,2023-01-04 00:00:20,2023-02-07 22:42:53,2025-12-03,13000.0
62532697,Black,Crédito,2023-01-01 00:00:20,2023-03-09 01:18:22,2027-04-29,38000.0
53110910,Platinum,Crédito,2023-06-18 00:00:20,2024-08-13 17:03:24,2025-12-20,11000.0
88634441,Platinum,Crédito,2024-10-06 00:00:20,2024-10-06 15:34:22,2026-08-24,31000.0
64963570,Gold,Crédito,2023-01-10 00:00:20,2023-01-10 15:57:16,2027-02-28,11000.0
79150900,Black,Crédito,2023-01-03 00:00:20,2023-01-09 18:58:15,2026-09-25,22000.0
40923746,Platinum,Crédito,2023-01-01 00:00:20,2023-01-13 11:53:03,2025-10-27,11000.0
59192038,Gold,Crédito,2024-05-10 00:00:20,2024-05-10 00:51:00,2026-01-11,22000.0
15888310,Maestro/Debit,Débito,2023-01-05 00:00:20,2023-01-05 04:57:56,2026-11-09,0.0
92496494,Black,Crédito,2023-01-26 00:00:20,2023-01-26 02:02:34,2027-04-20,25000.0
11735352,Maestro/Debit,Débito,2023-01-05 00:00:20,2023-01-12 18:38:01,2026-04-02,0.0
59027286,Platinum,Crédito,2023-01-10 00:00:20,2023-01-10 08:46:18,2026-02-06,25000.0
52611758,Gold,Crédito,2023-01-01 00:00:20,2023-01-16 21:59:07,2027-01-31,17000.0
58669973,Gold,Crédito,2023-01-08 00:00:20,2023-01-30 10:17:17,2027-02-05,17000.0
13838656,Black,Crédito,2024-09-01 00:00:20,2024-12-01 14:14:15,2026-10-14,14000.0
83686783,Black,Crédito,2023-01-03 00:00:20,2023-03-12 04:32:34,2026-12-14,40000.0
68902625,Gold,Crédito,2023-01-07 00:00:20,2023-06-05 03:42:55,2026-04-28,17000.0
55691146,Black,Crédito,2023-04-09 00:00:20,2025-01-08 16:23:01,2026-09-29,18000.0
76925320,Maestro/Debit,Débito,2023-01-01 00:00:20,2023-01-01 10:02:40,2025-12-01,0.0
17553449,Platinum,Crédito,2023-01-03 00:00:20,2023-01-03 08:47:31,2027-06-07,25000.0
62220976,Black,Crédito,2023-07-27 00:00:20,2024-03-14 06:57:53,2027-05-06,39000.0
30430874,Gold,Crédito,2023-01-01 00:00:20,2023-02-27 04:25:53,2025-12-22,14000.0
67851434,Platinum,Crédito,2023-01-07 00:00:20,2023-01-07 13:29:16,2027-02-26,21000.0
26164208,Gold,Crédito,2023-01-05 00:00:20,2023-01-06 19:10:00,2028-01-06,20000.0
45499894,Gold,Crédito,2023-01-12 00:00:20,2023-01-12 23:44:51,2027-07-15,25000.0
42166741,Maestro/Debit,Débito,2023-01-07 00:00:20,2023-02-11 20:36:33,2027-02-25,0.0
93528269,Standard,Crédito,2023-01-13 00:00:20,2023-02-04 00:49:59,2026-02-16,18000.0
61639542,Platinum,Crédito,2023-01-03 00:00:20,2023-09-27 05:44:24,2025-02-12,20000.0
60671517,Gold,Crédito,2023-01-09 00:00:20,2023-01-25 06:47:33,2027-03-25,10000.0
74884059,Maestro/Debit,Débito,2023-01-07 00:00:20,2025-01-13 11:08:56,2027-04-23,0.0
74326054,Platinum,Crédito,2023-02-01 00:00:20,2024-10-06 19:14:55,2027-06-19,12000.0
54335371,Black,Crédito,2023-01-09 00:00:20,2023-01-20 16:37:01,2025-07-29,37000.0
84936069,Platinum,Crédito,2023-07-17 00:00:20,2024-12-24 01:24:48,2025-05-01,11000.0
22204099,Platinum,Crédito,2023-06-23 00:00:20,2024-02-27 05:48:27,2025-10-12,18000.0
95090547,Gold,Crédito,2023-01-02 00:00:20,2024-07-26 22:34:03,2025-04-05,11000.0
68992764,Platinum,Crédito,2023-01-08 00:00:20,2023-04-07 20:54:44,2027-07-10,19000.0
33881088,Gold,Crédito,2024-11-08 00:00:20,2024-12-18 00:00:38,2025-05-04,18000.0
18822704,Black,Crédito,2024-11-07 00:00:20,2024-11-12 17:35:08,2028-01-06,35000.0
89611097,Gold,Crédito,2023-01-01 00:00:20,2023-03-12 08:01:54,2026-04-24,10000.0
71054579,Platinum,Crédito,2023-01-10 00:00:20,2023-02-04 14:45:29,2027-07-01,32000.0
26062296,Platinum,Crédito,2023-05-26 00:00:20,2024-05-20 00:05:53,2026-06-05,19000.0
83439525,Gold,Crédito,2023-07-07 00:00:20,2024-06-22 07:31:11,2027-04-02,16000.0
28702757,Platinum,Crédito,2023-01-12 00:00:20,2023-01-24 01:02:02,2027-05-10,20000.0
62256884,Black,Crédito,2023-01-06 00:00:20,2023-02-01 02:08:31,2026-11-26,18000.0
69032435,Black,Crédito,2023-08-03 00:00:20,2024-12-30 11:26:10,2025-11-18,48000.0
61978874,Maestro/Debit,Débito,2023-01-05 00:00:20,2023-01-07 01:03:00,2028-01-02,0.0
86064318,Maestro/Debit,Débito,2023-01-05 00:00:20,2023-01-05 13:31:14,2026-07-12,0.0
79572974,Gold,Crédito,2023-06-05 00:00:20,2024-12-26 09:25:10,2027-08-02,22000.0
17895938,Black,Crédito,2023-01-12 00:00:20,2023-01-12 03:49:23,2026-12-12,31000.0
49675693,Platinum,Crédito,2023-01-02 00:00:20,2023-01-21 20:13:50,2025-05-30,15000.0
83984298,Standard,Crédito,2023-11-08 00:00:20,2025-04-22 06:02:13,2027-04-24,9000.0
54062385,Standard,Crédito,2023-01-01 00:00:20,2023-03-25 19:39:46,2025-09-21,10000.0
60730344,Black,Crédito,2023-01-04 00:00:20,2023-01-04 08:57:44,2027-12-06,31000.0
89499430,Black,Crédito,2023-12-20 00:00:20,2024-02-18 04:45:43,2028-01-07,39000.0
57307744,Standard,Crédito,2023-01-04 00:00:00,2023-02-10 16:27:29,2028-01-07,7000.0
11947845,Platinum,Crédito,2023-02-05 00:00:00,2023-08-21 13:13:03,2028-01-07,16000.0
78682457,Platinum,Crédito,2023-01-22 00:00:00,2023-03-23 23:37:16,2028-01-07,26000.0
65032254,Black,Crédito,2023-01-07 00:00:20,2023-01-07 04:13:56,2025-02-13,24000.0
11200871,Gold,Crédito,2023-01-21 00:00:00,2023-08-30 04:01:07,2028-01-07,21000.0
38634107,Maestro/Debit,Débito,2023-01-01 00:00:20,2023-01-07 04:32:00,2028-01-02,0.0
27641589,Maestro/Debit,Débito,2023-01-07 00:00:20,2023-02-16 01:00:36,2027-05-30,0.0
52691887,Gold,Crédito,2023-01-05 00:00:20,2023-03-12 13:43:17,2026-06-28,9000.0
35908264,Gold,Crédito,2023-11-05 00:00:20,2024-05-20 10:26:50,2027-02-05,9000.0
13695403,Black,Crédito,2023-01-06 00:00:20,2023-02-25 02:30:55,2026-01-10,21000.0
36610490,Gold,Crédito,2023-01-19 00:00:20,2025-01-26 02:13:06,2027-05-07,26000.0
75530629,Platinum,Crédito,2023-01-11 00:00:20,2023-01-25 19:14:01,2025-09-23,24000.0
10436212,Gold,Crédito,2023-08-21 00:31:24,2023-08-22 00:31:24,2028-01-07,20000.0
95531906,Platinum,Crédito,2023-02-06 00:00:00,2023-09-13 10:27:11,2028-01-07,25000.0
22713916,Platinum,Crédito,2024-12-22 00:00:20,2024-12-28 23:37:27,2026-12-29,22000.0
72761467,Black,Crédito,2024-05-07 00:00:20,2024-06-09 19:17:20,2026-05-19,44000.0
57409912,Platinum,Crédito,2023-01-05 00:00:20,2023-01-05 08:57:24,2027-07-28,27000.0
36629109,Black,Crédito,2023-02-01 00:00:20,2024-10-11 16:32:46,2027-12-04,38000.0
10448106,Black,Crédito,2023-10-14 00:00:20,2024-10-26 02:51:44,2027-12-14,30000.0
44127169,Maestro/Debit,Débito,2023-07-23 00:00:20,2024-02-13 15:28:38,2028-01-07,0.0
25570715,Platinum,Crédito,2024-07-11 00:00:20,2024-11-24 07:12:04,2028-01-07,22000.0
65499320,Gold,Crédito,2024-02-06 00:00:20,2024-04-03 02:46:51,2025-08-23,24000.0
88323435,Maestro/Debit,Débito,2024-09-10 00:00:20,2024-09-29 23:42:10,2028-01-07,0.0
70006848,Maestro/Debit,Débito,2025-01-01 00:00:20,2025-01-18 20:33:18,2027-07-31,0.0
73982170,Platinum,Crédito,2023-01-06 00:00:20,2023-01-21 19:59:31,2026-01-12,14000.0
23290347,Gold,Crédito,2023-10-28 00:00:20,2024-08-29 12:29:00,2026-08-30,16000.0
45200381,Black,Crédito,2023-01-27 00:00:20,2024-06-19 16:51:37,2026-07-27,15000.0
93752553,Platinum,Crédito,2023-11-18 00:00:20,2024-03-01 10:07:34,2028-01-07,16000.0
89973139,Platinum,Crédito,2023-01-17 00:00:20,2023-06-11 10:07:21,2026-11-28,23000.0
41305667,Gold,Crédito,2023-01-18 00:00:20,2023-01-23 23:04:11,2025-06-14,11000.0
33713834,Gold,Crédito,2023-04-23 00:00:20,2025-05-07 11:37:04,2027-07-14,24000.0
47642443,Platinum,Crédito,2023-09-11 00:00:20,2024-01-18 21:18:36,2027-06-10,17000.0
16039001,Black,Crédito,2023-01-07 00:00:20,2023-01-08 19:52:17,2027-05-11,26000.0
67813696,Gold,Crédito,2023-01-07 00:00:20,2023-01-07 20:53:06,2026-05-02,21000.0
67805969,Black,Crédito,2023-01-02 00:00:20,2023-07-16 15:20:46,2026-03-23,17000.0
66742847,Gold,Crédito,2023-01-01 00:00:20,2023-01-11 05:14:54,2027-05-16,21000.0
58076444,Gold,Crédito,2023-01-10 00:00:20,2023-01-25 05:58:24,2027-07-24,18000.0
30594704,Standard,Crédito,2023-10-14 00:00:20,2024-10-12 18:15:29,2028-01-07,13000.0
60273252,Gold,Crédito,2024-12-06 00:00:20,2024-12-06 20:01:02,2027-06-15,12000.0
36404581,Maestro/Debit,Débito,2023-05-13 00:00:20,2024-07-05 07:03:54,2026-11-30,0.0
66985533,Platinum,Crédito,2024-07-13 00:00:20,2024-10-12 18:21:45,2025-09-27,27000.0
89793757,Standard,Crédito,2023-07-08 00:00:20,2024-08-03 05:45:35,2026-03-31,8000.0
60707244,Gold,Crédito,2023-01-09 00:00:20,2023-03-02 01:30:10,2026-01-02,20000.0
29035934,Black,Crédito,2023-01-03 00:00:20,2023-01-03 01:49:12,2026-04-10,19000.0
84914314,Black,Crédito,2023-01-03 00:00:20,2023-01-03 21:58:44,2027-02-16,45000.0
44424231,Platinum,Crédito,2023-01-06 00:00:00,2023-02-18 04:21:18,2028-01-07,19000.0
56643821,Platinum,Crédito,2023-01-13 00:00:20,2023-01-13 00:23:38,2025-04-24,15000.0
24042961,Platinum,Crédito,2023-03-15 00:00:00,2023-04-11 03:40:06,2028-01-07,28000.0
96407081,Maestro/Debit,Débito,2023-01-12 00:00:20,2023-01-26 19:13:51,2027-03-22,0.0
55158303,Black,Crédito,2023-01-14 00:00:20,2023-04-16 12:18:21,2026-08-18,18000.0
76713576,Black,Crédito,2023-01-03 00:00:20,2023-02-04 01:14:32,2026-09-25,23000.0
46999238,Maestro/Debit,Débito,2023-01-03 00:00:20,2023-05-14 20:07:54,2027-09-24,0.0
94878589,Black,Crédito,2023-07-25 00:00:20,2024-07-07 02:37:20,2025-12-28,36000.0
27308110,Platinum,Crédito,2023-01-05 00:00:20,2023-01-28 09:11:25,2026-07-10,17000.0
92952073,Gold,Crédito,2023-01-05 00:00:20,2023-01-05 21:00:40,2027-09-20,22000.0
98592708,Platinum,Crédito,2023-01-03 00:00:20,2023-01-24 06:03:41,2027-03-13,26000.0
85767751,Black,Crédito,2023-03-18 00:00:20,2024-06-18 08:28:15,2026-02-19,28000.0
49466175,Black,Crédito,2023-01-14 00:00:20,2023-01-21 00:13:02,2028-01-03,31000.0
72764564,Black,Crédito,2024-02-06 00:00:20,2024-02-06 18:06:05,2028-01-02,22000.0
40395378,Gold,Crédito,2023-08-28 00:00:20,2024-06-24 02:16:38,2027-06-06,18000.0
79563435,Platinum,Crédito,2023-01-01 00:00:20,2023-01-30 09:33:54,2026-09-21,38000.0
30703738,Black,Crédito,2024-09-16 00:00:20,2024-12-08 09:39:39,2028-01-07,47000.0
31398629,Gold,Crédito,2023-01-07 00:00:20,2023-02-01 15:42:52,2027-07-19,17000.0
75101394,Maestro/Debit,Débito,2023-01-06 00:00:20,2023-01-06 13:48:00,2027-07-28,0.0
31583623,Black,Crédito,2023-01-02 00:00:20,2023-01-07 16:04:10,2027-05-16,34000.0
30047904,Platinum,Crédito,2024-10-06 00:00:20,2025-02-01 13:40:22,2026-07-04,32000.0
74998637,Gold,Crédito,2023-01-06 00:00:20,2023-01-06 05:15:30,2026-07-12,18000.0
96519983,Platinum,Crédito,2023-09-02 00:00:20,2024-01-08 10:10:35,2027-08-16,19000.0
60630982,Platinum,Crédito,2023-01-31 20:31:47,2023-02-01 20:31:47,2028-01-07,29000.0
42850022,Platinum,Crédito,2023-06-04 00:00:20,2025-05-15 07:35:52,2026-03-09,18000.0
59973968,Maestro/Debit,Débito,2023-05-14 00:00:20,2024-08-28 02:09:39,2027-02-06,0.0
66271644,Maestro/Debit,Débito,2024-05-10 00:00:20,2024-05-23 14:30:34,2025-12-10,0.0
96218386,Gold,Crédito,2023-01-02 00:00:20,2023-01-02 12:32:42,2027-07-24,13000.0
21592822,Standard,Crédito,2023-01-13 00:00:00,2023-04-11 16:07:21,2028-01-07,9000.0
80534546,Platinum,Crédito,2024-04-13 00:00:20,2024-08-27 21:42:37,2025-12-30,26000.0
94857456,Gold,Crédito,2023-01-05 00:00:20,2023-01-05 12:28:28,2027-01-27,11000.0
29479610,Platinum,Crédito,2023-12-12 00:00:20,2024-07-04 19:05:05,2027-11-27,30000.0
59760247,Black,Crédito,2023-01-07 00:00:20,2023-01-26 02:44:27,2026-07-24,40000.0
26375720,Standard,Crédito,2023-03-06 00:00:20,2025-06-24 07:13:09,2028-01-07,19000.0
86933828,Gold,Crédito,2023-06-17 00:00:20,2024-10-13 20:49:04,2028-01-07,21000.0
96087042,Platinum,Crédito,2024-12-16 00:00:20,2025-04-15 21:29:42,2028-01-07,14000.0
57154523,Maestro/Debit,Débito,2023-01-08 00:00:20,2023-05-07 19:55:08,2026-08-02,0.0
11042038,Black,Crédito,2023-02-24 00:00:20,2024-06-15 23:47:53,2027-05-20,28000.0
68701683,Platinum,Crédito,2024-02-03 00:00:20,2024-03-13 10:49:33,2027-10-04,12000.0
52570070,Black,Crédito,2023-09-19 16:19:58,2023-09-20 16:19:58,2028-01-07,18000.0
45607859,Standard,Crédito,2023-05-27 00:00:20,2024-02-22 14:09:48,2025-11-20,13000.0
32895980,Standard,Crédito,2023-05-27 00:00:20,2024-09-15 07:45:44,2027-10-17,17000.0
84303862,Black,Crédito,2023-01-01 00:00:20,2023-01-04 06:20:17,2027-05-14,27000.0
93149769,Gold,Crédito,2023-01-09 00:00:20,2023-01-09 23:23:55,2027-04-22,12000.0
66218915,Platinum,Crédito,2023-01-16 00:00:20,2023-02-25 21:29:18,2026-02-26,27000.0
73382107,Gold,Crédito,2023-01-06 00:00:20,2023-01-26 06:50:05,2025-10-01,19000.0
17079502,Platinum,Crédito,2023-01-01 00:00:20,2023-01-21 03:05:22,2027-03-07,28000.0
11769072,Platinum,Crédito,2023-01-01 00:00:00,2023-05-15 23:19:51,2028-01-07,19000.0
16631821,Maestro/Debit,Débito,2024-09-17 00:00:20,2024-10-24 22:47:53,2027-06-10,0.0
68643585,Platinum,Crédito,2023-01-01 00:00:20,2023-01-01 05:54:13,2026-02-20,14000.0
80317664,Black,Crédito,2023-01-11 00:00:20,2023-02-18 07:21:58,2027-06-25,37000.0
65017863,Platinum,Crédito,2023-01-03 00:00:20,2023-01-18 19:26:54,2027-01-06,13000.0
21381087,Maestro/Debit,Débito,2023-01-27 00:00:00,2023-05-26 01:43:51,2028-01-07,0.0
39874150,Platinum,Crédito,2023-01-09 00:00:20,2023-01-09 09:31:35,2027-03-10,16000.0
16777931,Black,Crédito,2023-01-03 00:00:00,2023-12-15 08:00:11,2028-01-07,25000.0
46999334,Platinum,Crédito,2023-02-08 00:00:00,2023-07-20 02:17:21,2028-01-07,18000.0
35249396,Gold,Crédito,2023-10-10 00:00:20,2024-06-12 15:17:58,2025-09-20,21000.0
74119490,Black,Crédito,2023-01-12 00:00:00,2023-06-11 00:32:56,2028-01-07,16000.0
10796547,Gold,Crédito,2024-06-27 00:00:20,2024-07-06 18:19:17,2025-05-11,18000.0
98561430,Maestro/Debit,Débito,2023-01-01 00:00:20,2023-05-13 05:37:17,2026-09-26,0.0
25685350,Platinum,Crédito,2023-01-02 00:00:20,2023-01-02 12:15:44,2027-02-01,27000.0
88289508,Platinum,Crédito,2023-01-01 00:00:20,2023-01-01 17:02:47,2025-10-18,30000.0
89129647,Platinum,Crédito,2024-11-07 00:00:20,2025-05-25 17:41:47,2028-01-08,21000.0
49831836,Black,Crédito,2023-01-01 00:00:00,2023-08-19 06:19:12,2028-01-08,33000.0
65213606,Maestro/Debit,Débito,2023-01-04 00:00:00,2023-06-04 02:21:10,2028-01-08,0.0
80153439,Platinum,Crédito,2023-01-02 00:00:00,2023-03-15 05:51:32,2028-01-08,27000.0
20472169,Platinum,Crédito,2023-01-02 00:00:20,2023-02-23 08:42:46,2027-02-09,23000.0
17809257,Gold,Crédito,2023-01-17 00:00:20,2023-01-17 13:09:00,2026-03-31,18000.0
87144119,Platinum,Crédito,2023-07-10 00:00:20,2024-09-25 12:42:45,2028-01-08,13000.0
30244027,Platinum,Crédito,2023-09-19 00:00:20,2024-10-25 23:45:52,2027-05-27,14000.0
89093785,Black,Crédito,2024-12-27 00:00:20,2024-12-27 07:07:22,2028-01-08,33000.0
23825352,Maestro/Debit,Débito,2023-01-10 00:00:20,2023-01-10 21:10:23,2027-10-28,0.0
96972221,Maestro/Debit,Débito,2023-01-27 00:00:20,2023-04-15 16:33:45,2026-01-15,0.0
49228003,Gold,Crédito,2023-01-01 00:00:20,2023-01-08 03:47:47,2026-07-12,13000.0
97763681,Maestro/Debit,Débito,2024-04-14 00:00:20,2024-06-17 07:35:27,2025-03-31,0.0
23514603,Black,Crédito,2023-03-04 00:00:20,2024-03-16 12:34:02,2027-12-03,18000.0
53013186,Platinum,Crédito,2024-02-05 00:00:20,2024-02-06 17:36:02,2028-01-08,17000.0
30278608,Gold,Crédito,2023-03-08 00:00:00,2023-07-31 15:23:02,2028-01-08,23000.0
79534517,Gold,Crédito,2023-04-22 00:00:20,2024-11-27 21:16:12,2026-10-09,16000.0
62712363,Platinum,Crédito,2023-01-10 00:00:20,2023-01-24 09:12:14,2026-11-10,17000.0
16082971,Platinum,Crédito,2023-01-12 00:00:20,2023-01-14 03:01:46,2025-05-06,15000.0
52337653,Black,Crédito,2023-01-21 00:00:20,2023-03-03 02:28:41,2027-04-29,41000.0
63253699,Platinum,Crédito,2024-02-21 00:00:20,2024-09-23 04:54:24,2025-12-06,13000.0
56756277,Black,Crédito,2023-09-17 00:00:20,2024-04-06 23:01:32,2027-04-14,35000.0
93049127,Gold,Crédito,2023-02-10 00:00:00,2023-04-14 02:04:29,2028-01-08,12000.0
77391044,Platinum,Crédito,2023-01-10 00:00:20,2023-04-15 16:10:56,2026-11-03,30000.0
24350479,Black,Crédito,2023-08-18 00:00:20,2024-10-15 14:11:11,2028-01-08,18000.0
21335512,Gold,Crédito,2023-06-13 00:00:20,2024-12-09 12:26:27,2028-01-08,25000.0
15580934,Gold,Crédito,2023-01-12 00:00:00,2023-05-24 02:25:46,2028-01-08,20000.0
29076203,Maestro/Debit,Débito,2023-01-04 00:00:00,2023-05-07 16:14:23,2028-01-08,0.0
95812198,Gold,Crédito,2023-12-02 00:00:20,2024-12-16 06:55:24,2026-08-23,19000.0
72926897,Platinum,Crédito,2023-01-01 00:00:20,2023-01-01 19:37:20,2026-09-23,33000.0
53107935,Maestro/Debit,Débito,2024-01-08 00:00:20,2024-01-20 20:37:50,2026-03-24,0.0
23737351,Platinum,Crédito,2024-02-06 00:00:20,2024-10-21 14:39:12,2027-11-29,26000.0
37420253,Black,Crédito,2024-08-02 00:00:20,2025-01-07 14:37:51,2027-09-26,43000.0
34821647,Gold,Crédito,2023-05-13 00:00:20,2024-09-11 20:47:31,2026-10-06,10000.0
34695200,Maestro/Debit,Débito,2023-01-19 00:00:20,2023-03-22 02:51:22,2026-05-11,0.0
91651076,Platinum,Crédito,2024-07-29 00:00:20,2024-07-29 11:56:58,2028-01-08,20000.0
53707659,Platinum,Crédito,2023-01-10 00:00:20,2023-01-22 21:54:51,2026-10-31,11000.0
87533202,Black,Crédito,2023-09-17 00:00:20,2024-03-12 05:44:00,2026-12-05,20000.0
16769442,Black,Crédito,2024-10-27 00:00:20,2025-04-24 20:49:19,2027-12-11,28000.0
81975786,Platinum,Crédito,2023-02-08 00:00:00,2023-05-15 20:58:19,2028-01-08,31000.0
99159689,Gold,Crédito,2023-01-03 00:00:20,2023-01-27 08:15:06,2027-03-29,17000.0
33713842,Black,Crédito,2023-01-06 00:00:20,2023-02-02 13:24:30,2026-03-21,32000.0
64085140,Maestro/Debit,Débito,2023-11-27 00:00:20,2024-08-27 09:15:36,2025-11-06,0.0
59177710,Standard,Crédito,2023-01-18 00:00:20,2023-04-06 17:58:43,2027-09-14,12000.0
25884708,Platinum,Crédito,2024-06-19 00:00:20,2024-09-15 12:25:55,2026-05-06,29000.0
37182030,Maestro/Debit,Débito,2023-01-08 00:00:20,2023-02-04 02:14:51,2027-07-03,0.0
84939645,Black,Crédito,2023-01-20 00:00:20,2023-01-20 19:52:16,2027-03-02,41000.0
23698152,Platinum,Crédito,2023-10-03 00:00:20,2024-03-02 07:01:17,2026-09-14,18000.0
96700281,Gold,Crédito,2023-01-06 00:00:20,2023-01-11 15:24:44,2025-11-21,10000.0
51623946,Maestro/Debit,Débito,2023-01-13 00:00:00,2023-05-19 19:33:01,2028-01-08,0.0
30315817,Standard,Crédito,2024-02-03 00:00:20,2024-06-09 17:15:29,2026-11-13,11000.0
74049118,Platinum,Crédito,2023-12-10 00:00:20,2025-01-18 15:45:05,2026-04-09,11000.0
47026540,Maestro/Debit,Débito,2023-02-06 00:00:00,2023-06-27 11:30:02,2028-01-08,0.0
25371387,Black,Crédito,2023-01-06 00:00:20,2023-02-12 07:18:04,2026-05-07,23000.0
41882917,Maestro/Debit,Débito,2023-01-02 00:00:20,2023-01-02 06:34:44,2027-12-03,0.0
84618525,Maestro/Debit,Débito,2023-01-17 00:00:20,2023-01-17 17:01:57,2025-11-25,0.0
77587299,Black,Crédito,2023-01-04 00:00:20,2023-01-04 02:45:14,2027-11-27,26000.0
16150354,Gold,Crédito,2023-01-11 00:00:20,2023-01-11 01:42:03,2027-06-03,22000.0
32928702,Black,Crédito,2023-01-31 00:00:20,2024-02-14 10:25:26,2028-01-08,42000.0
12634395,Platinum,Crédito,2023-01-04 00:00:00,2023-06-25 08:15:28,2028-01-08,20000.0
90415217,Gold,Crédito,2023-01-14 00:00:20,2023-01-29 05:00:45,2025-03-17,23000.0
47554937,Gold,Crédito,2023-01-13 00:00:20,2023-04-14 05:19:25,2027-02-16,12000.0
40664591,Maestro/Debit,Débito,2023-01-04 00:00:20,2023-02-20 11:05:18,2027-07-28,0.0
81999495,Platinum,Crédito,2024-03-12 00:00:20,2024-03-12 07:10:43,2026-12-28,18000.0
79901578,Platinum,Crédito,2023-12-17 00:00:20,2025-01-29 01:49:18,2027-12-18,16000.0
19813649,Gold,Crédito,2024-07-19 00:00:20,2024-07-26 23:06:14,2027-01-08,23000.0
93126886,Maestro/Debit,Débito,2023-01-05 00:00:20,2023-01-05 01:01:57,2026-02-19,0.0
85404563,Black,Crédito,2024-09-01 00:00:20,2024-10-06 10:29:23,2026-08-21,37000.0
78476853,Maestro/Debit,Débito,2023-11-26 00:00:20,2025-02-26 15:22:17,2025-06-20,0.0
34493754,Black,Crédito,2023-07-07 00:00:20,2024-06-25 18:37:35,2026-12-17,43000.0
88469801,Maestro/Debit,Débito,2024-12-04 00:00:20,2025-01-02 08:47:28,2027-03-30,0.0
44842943,Platinum,Crédito,2023-02-26 00:00:20,2025-02-28 20:15:04,2027-04-21,24000.0
25421201,Black,Crédito,2024-08-28 00:00:20,2024-09-19 18:02:58,2025-10-17,25000.0
84717107,Platinum,Crédito,2023-01-03 00:00:20,2023-02-02 02:47:33,2025-04-30,28000.0
35995496,Gold,Crédito,2023-01-09 00:00:20,2023-01-09 12:06:43,2025-08-04,24000.0
45690849,Platinum,Crédito,2023-01-01 00:00:20,2023-05-09 09:58:38,2025-03-24,25000.0
72341237,Black,Crédito,2023-01-04 00:00:20,2023-01-04 22:46:47,2026-01-09,24000.0
73551710,Gold,Crédito,2024-03-23 00:00:20,2024-03-23 13:29:33,2027-11-25,22000.0
74685380,Maestro/Debit,Débito,2024-04-27 00:00:20,2024-06-12 13:05:12,2027-02-26,0.0
79091273,Platinum,Crédito,2024-04-13 00:00:20,2024-05-05 22:18:42,2026-02-02,24000.0
38259275,Platinum,Crédito,2023-01-01 00:00:00,2023-02-18 06:19:12,2028-01-09,27000.0
66728078,Platinum,Crédito,2023-01-19 00:00:20,2023-05-28 02:36:15,2025-05-13,23000.0
54807874,Black,Crédito,2023-01-07 00:00:00,2023-04-25 08:02:42,2028-01-09,17000.0
47514146,Maestro/Debit,Débito,2023-01-07 00:00:20,2023-01-21 00:17:37,2026-09-22,0.0
21939393,Maestro/Debit,Débito,2023-01-12 00:00:20,2023-01-12 16:42:20,2027-06-05,0.0
20621331,Gold,Crédito,2023-01-09 00:00:20,2023-01-09 04:24:22,2025-09-17,10000.0
27768436,Platinum,Crédito,2023-01-03 00:00:20,2023-04-26 03:30:58,2026-10-06,25000.0
12010832,Standard,Crédito,2024-12-19 00:00:20,2024-12-30 19:03:23,2025-11-16,16000.0
63789352,Gold,Crédito,2023-11-13 00:00:20,2024-03-12 21:40:39,2025-12-16,7000.0
12159585,Maestro/Debit,Débito,2023-02-03 00:00:00,2023-08-29 20:17:28,2028-01-09,0.0
80415460,Platinum,Crédito,2023-01-06 00:00:20,2023-01-18 17:13:34,2025-10-27,24000.0
73018298,Standard,Crédito,2023-01-27 00:00:00,2023-09-20 04:52:37,2028-01-09,7000.0
53312015,Gold,Crédito,2023-01-15 00:00:20,2023-01-23 22:58:29,2026-01-21,23000.0
37895375,Platinum,Crédito,2023-01-08 00:00:00,2023-12-25 03:33:13,2028-01-09,17000.0
39927371,Maestro/Debit,Débito,2023-10-13 00:00:20,2024-12-20 23:59:19,2026-06-15,0.0
45866372,Gold,Crédito,2023-09-06 00:00:20,2024-09-29 09:54:58,2025-12-16,26000.0
15749378,Gold,Crédito,2023-01-04 00:00:20,2023-01-09 03:27:30,2026-12-09,12000.0
99433504,Platinum,Crédito,2023-01-06 00:00:20,2023-01-24 15:03:01,2027-11-11,12000.0
63023970,Gold,Crédito,2023-01-02 00:00:20,2023-10-01 15:25:54,2026-10-24,18000.0
97808887,Platinum,Crédito,2024-02-25 00:00:20,2024-02-25 20:36:32,2028-01-09,29000.0
27547586,Black,Crédito,2023-01-10 00:00:20,2023-02-22 08:25:53,2027-03-07,24000.0
23321237,Black,Crédito,2023-01-22 00:00:20,2023-02-07 05:32:39,2025-11-10,22000.0
51210439,Gold,Crédito,2023-04-28 00:00:20,2024-05-14 22:53:04,2027-04-11,17000.0
63526724,Gold,Crédito,2023-01-14 00:00:20,2023-01-25 02:58:18,2026-07-09,20000.0
27824499,Platinum,Crédito,2024-12-05 00:00:20,2025-04-17 04:04:06,2026-05-08,23000.0
66466600,Platinum,Crédito,2023-11-16 00:00:20,2025-05-21 14:42:26,2026-07-20,30000.0
28067526,Gold,Crédito,2024-01-22 00:00:20,2024-08-15 22:40:49,2027-06-08,22000.0
21458567,Black,Crédito,2023-09-17 00:00:20,2024-04-08 16:36:59,2027-02-25,37000.0
95004062,Platinum,Crédito,2024-01-24 00:00:20,2024-02-15 13:00:47,2027-12-02,16000.0
85590907,Black,Crédito,2023-01-05 00:00:20,2023-01-05 12:36:51,2027-01-13,30000.0
22216482,Black,Crédito,2023-04-15 00:00:20,2024-12-28 23:08:08,2026-08-21,44000.0
89248740,Platinum,Crédito,2023-10-05 00:00:20,2025-01-23 16:42:07,2026-10-25,15000.0
59089488,Platinum,Crédito,2024-07-22 00:00:20,2024-11-08 02:32:14,2026-03-06,25000.0
12418296,Black,Crédito,2023-02-05 00:00:00,2023-08-07 13:13:03,2028-01-09,28000.0
33596453,Platinum,Crédito,2023-02-07 00:00:00,2023-08-22 15:22:18,2028-01-09,20000.0
38166267,Gold,Crédito,2023-01-12 00:00:20,2023-01-17 00:39:35,2027-06-02,21000.0
84465645,Platinum,Crédito,2023-07-23 00:00:20,2024-06-02 02:48:29,2028-01-09,13000.0
85489516,Platinum,Crédito,2023-01-09 00:00:20,2023-01-09 09:04:18,2025-12-31,14000.0
88391089,Maestro/Debit,Débito,2023-12-24 00:00:20,2024-09-06 22:16:25,2028-01-09,0.0
32332463,Black,Crédito,2023-01-09 00:00:00,2023-08-17 06:50:59,2028-01-09,43000.0
30451685,Gold,Crédito,2023-04-15 00:00:20,2024-11-16 00:07:14,2027-02-24,13000.0
76062894,Black,Crédito,2023-01-02 00:00:20,2023-02-21 09:30:04,2026-01-08,33000.0
65729902,Black,Crédito,2023-01-10 00:00:20,2023-02-19 22:36:57,2026-02-23,17000.0
95490804,Gold,Crédito,2023-01-01 00:00:20,2023-03-17 11:33:29,2026-01-05,14000.0
77280554,Gold,Crédito,2023-08-28 00:00:20,2024-02-18 09:07:34,2026-01-29,12000.0
76049676,Maestro/Debit,Débito,2023-01-19 00:00:20,2023-03-14 00:25:09,2027-10-27,0.0
14695936,Gold,Crédito,2024-03-14 00:00:20,2024-07-01 08:51:51,2027-03-28,16000.0
21902537,Maestro/Debit,Débito,2024-08-21 00:00:20,2024-09-18 20:01:30,2026-10-06,0.0
25646076,Black,Crédito,2023-01-10 00:00:20,2023-04-11 01:46:16,2025-12-13,15000.0
11856472,Black,Crédito,2024-10-23 00:00:20,2024-12-02 08:06:25,2025-09-02,18000.0
58317459,Black,Crédito,2023-01-10 00:00:20,2023-01-10 19:25:16,2025-10-22,32000.0
56018158,Black,Crédito,2023-01-06 00:00:20,2023-05-17 01:58:16,2026-05-04,30000.0
69988911,Gold,Crédito,2023-01-02 00:00:20,2023-01-02 15:29:17,2026-10-28,14000.0
25398829,Gold,Crédito,2023-11-16 00:00:20,2024-07-04 01:15:11,2027-07-08,19000.0
34974198,Black,Crédito,2023-01-05 00:00:20,2023-02-08 06:23:58,2027-04-03,16000.0
35548847,Maestro/Debit,Débito,2023-01-06 00:00:00,2023-11-08 04:21:18,2028-01-09,0.0
84454064,Maestro/Debit,Débito,2024-02-14 00:00:20,2024-04-18 08:09:01,2026-08-01,0.0
22666888,Black,Crédito,2023-01-01 00:00:00,2023-05-26 22:08:09,2028-01-09,19000.0
99935586,Black,Crédito,2023-11-14 00:00:20,2024-10-15 17:24:50,2028-01-09,32000.0
33305608,Black,Crédito,2024-06-08 00:00:20,2024-06-08 11:40:34,2026-03-25,19000.0
40571408,Black,Crédito,2023-01-03 00:00:20,2023-02-18 10:59:06,2026-04-02,35000.0
24458009,Black,Crédito,2024-09-10 00:00:20,2025-01-06 23:50:07,2028-01-09,34000.0
87924446,Gold,Crédito,2024-09-21 00:00:20,2024-10-04 07:14:51,2027-08-03,23000.0
57614027,Platinum,Crédito,2024-08-19 00:00:20,2024-12-05 16:51:30,2027-12-15,27000.0
88564188,Platinum,Crédito,2023-01-14 00:00:00,2023-08-24 15:07:10,2028-01-09,32000.0
72070930,Maestro/Debit,Débito,2023-11-22 00:00:20,2024-04-21 00:22:09,2028-01-09,0.0
31869601,Gold,Crédito,2024-10-15 00:00:20,2024-11-23 11:43:01,2026-01-02,10000.0
58492163,Maestro/Debit,Débito,2023-12-18 00:00:20,2024-08-14 23:19:24,2025-09-29,0.0
42155615,Black,Crédito,2023-12-18 00:00:20,2024-08-20 13:27:01,2026-06-15,45000.0
97369663,Platinum,Crédito,2023-01-11 00:00:20,2023-01-17 08:00:20,2027-03-14,12000.0
23441643,Gold,Crédito,2023-02-03 00:00:00,2023-05-18 20:17:28,2028-01-10,17000.0
23548322,Black,Crédito,2023-01-04 00:00:20,2023-01-04 15:51:15,2026-06-17,32000.0
97337713,Black,Crédito,2023-01-03 00:00:20,2023-01-29 06:15:24,2025-07-24,25000.0
33918645,Gold,Crédito,2023-08-14 07:10:52,2023-08-14 07:10:52,2028-01-10,18000.0
11802901,Platinum,Crédito,2023-01-02 00:00:20,2023-01-02 10:45:49,2025-03-23,24000.0
28478572,Platinum,Crédito,2023-01-10 00:00:20,2023-01-23 09:08:51,2026-09-14,29000.0
74651155,Platinum,Crédito,2023-02-15 00:00:20,2024-10-12 09:31:11,2027-04-24,33000.0
99201221,Platinum,Crédito,2023-01-03 00:00:00,2023-04-06 20:36:22,2028-01-10,10000.0
25507204,Black,Crédito,2023-01-01 00:00:20,2023-02-20 02:09:43,2026-06-19,25000.0
99738914,Platinum,Crédito,2024-04-18 00:00:20,2024-05-09 13:26:53,2025-07-24,24000.0
45313079,Black,Crédito,2023-01-03 00:00:20,2023-08-22 14:19:36,2026-10-09,30000.0
73138413,Black,Crédito,2023-07-20 00:00:20,2024-06-24 09:41:10,2027-04-21,31000.0
64081646,Maestro/Debit,Débito,2024-11-09 00:00:20,2024-12-01 13:31:02,2026-02-16,0.0
40181852,Gold,Crédito,2023-01-03 00:00:20,2023-01-22 08:52:37,2025-07-12,27000.0
14578275,Standard,Crédito,2024-11-05 00:00:20,2024-11-05 14:23:02,2028-01-08,14000.0
99206940,Platinum,Crédito,2023-01-26 00:00:00,2023-02-07 21:21:28,2028-01-10,20000.0
66205046,Platinum,Crédito,2023-01-20 00:00:20,2023-01-20 04:51:30,2026-01-27,28000.0
21390644,Platinum,Crédito,2023-01-21 00:00:00,2023-10-22 04:01:07,2028-01-10,19000.0
62495979,Black,Crédito,2023-01-31 00:00:20,2025-04-06 13:29:55,2026-10-11,23000.0
15283879,Black,Crédito,2024-10-03 00:00:20,2024-11-18 14:14:13,2027-01-21,37000.0
44123039,Standard,Crédito,2024-06-17 00:00:20,2024-07-15 11:42:00,2027-09-25,6000.0
77606008,Gold,Crédito,2023-01-19 00:00:20,2023-01-21 02:30:09,2028-01-10,15000.0
80015280,Gold,Crédito,2024-07-06 00:00:20,2025-03-07 14:57:31,2025-04-07,21000.0
16157905,Platinum,Crédito,2024-05-06 00:00:20,2024-05-27 05:44:26,2026-05-06,24000.0
35705216,Maestro/Debit,Débito,2023-01-31 00:00:20,2024-06-12 13:46:07,2026-08-26,0.0
20006567,Black,Crédito,2023-01-02 00:00:20,2023-01-04 12:43:27,2027-08-18,25000.0
38068535,Platinum,Crédito,2023-01-09 00:00:20,2023-01-09 05:45:43,2026-12-26,13000.0
18082382,Black,Crédito,2023-11-22 00:00:20,2024-07-29 04:14:17,2028-01-10,34000.0
66319677,Standard,Crédito,2023-11-01 00:31:24,2023-11-02 00:31:24,2028-01-10,10000.0
10055675,Maestro/Debit,Débito,2023-01-07 00:00:00,2023-09-25 08:02:42,2028-01-10,0.0
24379483,Platinum,Crédito,2024-02-13 00:00:20,2024-02-13 18:48:20,2026-05-08,18000.0
23355418,Standard,Crédito,2023-01-10 00:00:20,2023-02-13 00:28:45,2026-09-13,17000.0
31119560,Maestro/Debit,Débito,2023-01-12 00:00:20,2023-04-01 07:03:11,2026-10-26,0.0
71847784,Platinum,Crédito,2024-05-16 00:00:20,2024-09-02 20:27:08,2026-07-06,25000.0
23914547,Platinum,Crédito,2023-01-14 00:00:00,2023-03-03 15:23:33,2028-01-10,27000.0
39904177,Platinum,Crédito,2023-01-17 00:00:20,2023-12-27 01:15:34,2025-10-07,11000.0
58956432,Maestro/Debit,Débito,2023-01-06 00:00:00,2023-06-30 01:31:40,2028-01-10,0.0
24399125,Black,Crédito,2023-01-22 00:00:00,2023-05-24 05:44:59,2028-01-10,18000.0
88741051,Gold,Crédito,2023-01-28 00:00:00,2023-04-16 23:43:50,2028-01-10,13000.0
61471269,Platinum,Crédito,2023-01-05 00:00:20,2023-01-26 14:22:18,2026-08-04,13000.0
87940504,Gold,Crédito,2023-01-05 00:00:20,2023-01-05 14:06:59,2025-10-25,9000.0
38883569,Platinum,Crédito,2023-01-03 00:00:20,2023-01-26 15:33:15,2026-09-11,15000.0
13457795,Gold,Crédito,2023-01-03 00:00:00,2023-01-17 23:27:10,2028-01-10,17000.0
54158310,Maestro/Debit,Débito,2023-12-22 00:00:20,2025-01-22 20:29:59,2028-01-10,0.0
24138001,Gold,Crédito,2023-01-01 00:00:20,2023-06-21 10:32:03,2026-11-08,9000.0
23227915,Standard,Crédito,2025-01-02 00:00:20,2025-01-20 02:35:06,2026-04-18,13000.0
74122144,Black,Crédito,2023-09-02 00:00:20,2024-03-01 12:43:03,2027-10-03,46000.0
31997442,Gold,Crédito,2023-01-08 00:00:20,2023-01-08 16:41:57,2027-08-01,22000.0
39583992,Black,Crédito,2024-06-11 00:00:20,2024-09-18 17:39:07,2027-07-16,15000.0
97460878,Platinum,Crédito,2024-07-21 00:00:20,2024-10-09 16:15:43,2025-11-12,25000.0
85473982,Gold,Crédito,2024-09-19 00:00:20,2024-09-19 16:50:40,2027-11-10,16000.0
48293914,Platinum,Crédito,2023-12-24 00:00:20,2024-12-17 22:37:43,2027-12-09,16000.0
28271153,Platinum,Crédito,2023-01-14 00:00:20,2023-01-26 15:28:05,2027-12-14,21000.0
75279681,Maestro/Debit,Débito,2023-01-14 00:00:20,2023-01-14 05:24:07,2027-07-06,0.0
74520705,Black,Crédito,2023-03-18 00:00:20,2024-07-03 03:58:35,2026-01-22,41000.0
54759998,Gold,Crédito,2023-07-12 05:56:59,2023-07-13 05:56:59,2028-01-10,16000.0
65989964,Platinum,Crédito,2023-01-12 00:00:20,2023-02-01 13:51:32,2027-07-14,25000.0
20064004,Black,Crédito,2023-07-16 00:00:20,2025-01-08 00:47:10,2025-09-28,30000.0
98904441,Black,Crédito,2024-09-10 00:00:20,2024-09-10 09:44:14,2028-01-10,28000.0
54040682,Maestro/Debit,Débito,2023-01-02 00:00:20,2023-02-10 16:29:03,2025-08-12,0.0
59115419,Maestro/Debit,Débito,2023-01-06 00:00:20,2023-01-17 14:08:04,2027-11-20,0.0
67928693,Maestro/Debit,Débito,2023-01-04 00:00:20,2023-04-19 21:45:25,2025-11-10,0.0
70488070,Maestro/Debit,Débito,2023-02-07 00:00:20,2023-02-07 03:12:34,2027-12-30,0.0
36231222,Platinum,Crédito,2023-01-27 00:00:00,2023-11-04 04:52:37,2028-01-11,31000.0
62403497,Platinum,Crédito,2023-01-03 00:00:20,2023-02-12 09:01:52,2026-02-18,11000.0
38228516,Platinum,Crédito,2023-01-11 00:00:20,2023-04-19 00:19:59,2027-09-16,21000.0
45120922,Platinum,Crédito,2023-01-06 00:00:00,2023-03-09 10:09:11,2028-01-11,14000.0
79898768,Platinum,Crédito,2023-01-03 00:00:20,2023-05-07 01:50:11,2027-12-10,23000.0
91558998,Platinum,Crédito,2023-01-05 00:00:20,2023-06-24 11:07:34,2027-08-23,26000.0
61080939,Gold,Crédito,2023-02-12 00:00:20,2024-03-01 23:52:39,2026-09-15,15000.0
74521773,Gold,Crédito,2023-01-14 00:00:20,2023-01-18 15:25:14,2026-11-01,23000.0
75550515,Black,Crédito,2023-01-08 00:00:20,2023-03-12 07:24:34,2027-03-29,20000.0
35766881,Platinum,Crédito,2023-01-07 00:00:20,2023-01-24 10:23:31,2026-04-13,11000.0
84991926,Platinum,Crédito,2023-02-06 00:00:00,2023-03-21 23:34:09,2028-01-11,26000.0
59599961,Gold,Crédito,2023-01-05 00:00:20,2023-01-05 13:49:55,2026-07-20,10000.0
48373207,Platinum,Crédito,2023-12-03 00:00:20,2024-03-29 17:23:56,2025-12-25,30000.0
78760265,Standard,Crédito,2023-01-31 00:00:20,2024-03-01 08:40:41,2027-04-26,18000.0
69079273,Black,Crédito,2023-03-08 00:00:00,2023-08-27 15:23:02,2028-01-11,34000.0
61020894,Platinum,Crédito,2023-01-01 00:00:20,2023-02-09 12:11:02,2027-10-28,38000.0
71385647,Standard,Crédito,2023-02-18 00:00:20,2024-12-07 09:28:15,2025-12-11,12000.0
89028403,Gold,Crédito,2023-08-06 00:00:20,2024-12-09 23:08:42,2028-01-11,9000.0
84240229,Black,Crédito,2024-08-21 00:00:20,2025-01-23 17:22:26,2025-12-18,42000.0
13431595,Gold,Crédito,2023-09-04 13:42:15,2023-09-05 13:42:15,2028-01-11,23000.0
24706930,Gold,Crédito,2023-01-02 00:00:00,2023-11-06 00:53:17,2028-01-11,14000.0
63555463,Standard,Crédito,2024-10-27 00:00:20,2024-11-04 02:53:36,2026-02-11,16000.0
43903955,Gold,Crédito,2023-01-06 00:00:20,2023-01-24 17:56:29,2025-10-26,19000.0
29350103,Gold,Crédito,2023-02-05 00:00:00,2023-02-24 21:24:48,2028-01-11,16000.0
96559022,Platinum,Crédito,2024-04-03 00:00:20,2024-06-15 05:08:34,2027-11-28,32000.0
34671888,Black,Crédito,2023-01-19 00:00:20,2023-02-23 16:12:46,2026-11-04,32000.0
16815381,Platinum,Crédito,2023-10-03 00:00:20,2024-06-10 15:23:24,2026-07-14,15000.0
62684701,Platinum,Crédito,2023-02-22 00:00:00,2023-09-19 05:28:01,2028-01-11,25000.0
91132743,Gold,Crédito,2023-01-01 00:00:20,2023-01-07 16:35:10,2027-05-20,19000.0
21190005,Gold,Crédito,2024-06-20 00:00:20,2024-10-03 16:53:32,2025-08-15,9000.0
12241486,Platinum,Crédito,2023-09-11 00:00:20,2024-02-24 22:14:24,2026-12-13,29000.0
59122811,Black,Crédito,2024-09-01 00:00:20,2024-12-11 10:02:48,2026-04-30,44000.0
55699166,Platinum,Crédito,2023-01-15 00:00:20,2024-08-08 18:00:45,2026-04-28,19000.0
97004181,Platinum,Crédito,2023-01-07 00:00:20,2023-01-25 04:32:14,2025-06-24,24000.0
42359529,Standard,Crédito,2023-01-01 00:00:20,2023-01-02 01:43:21,2027-07-10,6000.0
41271650,Black,Crédito,2024-04-13 00:00:20,2024-10-24 02:48:22,2026-01-08,33000.0
54510853,Gold,Crédito,2023-01-03 00:00:20,2023-01-05 01:14:27,2025-05-16,10000.0
98570676,Maestro/Debit,Débito,2023-01-27 00:00:00,2023-02-15 04:52:37,2028-01-11,0.0
87678649,Black,Crédito,2023-01-01 00:00:20,2023-03-10 02:08:54,2026-06-10,19000.0
63514166,Platinum,Crédito,2023-07-04 00:00:20,2025-03-29 18:19:43,2027-09-25,28000.0
93492975,Black,Crédito,2024-06-08 00:00:20,2024-12-01 08:31:55,2026-08-28,33000.0
57604621,Gold,Crédito,2023-01-06 00:00:20,2023-01-06 13:20:47,2025-07-13,28000.0
54020477,Gold,Crédito,2023-01-08 00:00:20,2023-01-30 07:53:34,2027-02-05,16000.0
28066191,Platinum,Crédito,2023-01-07 00:00:20,2023-01-12 07:58:34,2027-11-07,34000.0
33451543,Gold,Crédito,2023-02-16 00:00:20,2025-01-04 23:48:57,2026-08-27,14000.0
97197049,Maestro/Debit,Débito,2023-11-16 00:00:20,2024-09-25 06:20:31,2026-01-16,0.0
81304225,Black,Crédito,2023-01-14 00:00:00,2023-02-10 15:23:33,2028-01-11,36000.0
71520616,Black,Crédito,2023-09-16 00:00:20,2025-01-15 06:51:16,2026-07-22,24000.0
44932590,Standard,Crédito,2024-11-09 00:00:20,2024-11-17 12:34:01,2025-08-25,18000.0
26265447,Gold,Crédito,2023-11-25 00:00:20,2024-10-06 09:05:49,2026-03-05,16000.0
12340591,Standard,Crédito,2023-01-03 00:00:20,2023-02-03 21:50:42,2027-03-01,15000.0
33638612,Gold,Crédito,2023-01-01 00:00:20,2023-02-27 08:47:21,2026-03-15,9000.0
27887574,Maestro/Debit,Débito,2023-01-04 00:00:00,2023-01-19 16:14:23,2028-01-11,0.0
81713605,Platinum,Crédito,2024-06-17 00:00:20,2024-12-30 22:18:54,2027-07-12,18000.0
69401768,Gold,Crédito,2023-01-06 00:00:20,2023-01-06 13:25:50,2026-09-19,16000.0
80993397,Maestro/Debit,Débito,2023-01-16 00:00:20,2023-05-29 21:13:30,2028-01-01,0.0
85148592,Gold,Crédito,2023-01-07 00:00:20,2023-02-22 05:01:40,2025-12-18,12000.0
76496815,Black,Crédito,2023-10-27 00:00:20,2024-07-03 21:05:02,2027-09-26,28000.0
70278468,Black,Crédito,2023-08-19 00:00:20,2024-05-01 14:36:41,2028-01-12,18000.0
91757110,Black,Crédito,2023-01-18 00:00:20,2023-06-24 04:48:03,2026-09-26,41000.0
49142847,Platinum,Crédito,2023-01-07 00:00:20,2023-02-06 03:13:24,2026-12-31,23000.0
13399560,Platinum,Crédito,2024-03-10 00:00:20,2024-07-06 04:34:38,2027-11-21,12000.0
85145251,Gold,Crédito,2023-05-21 00:00:20,2024-04-18 12:45:21,2026-05-05,10000.0
14043382,Gold,Crédito,2023-04-15 00:00:20,2025-02-11 18:28:16,2027-04-02,13000.0
35460584,Platinum,Crédito,2023-11-22 00:00:20,2024-04-04 15:05:16,2028-01-12,22000.0
20847427,Gold,Crédito,2023-01-10 00:00:20,2023-01-12 07:17:00,2028-01-12,12000.0
66971620,Black,Crédito,2023-01-08 00:00:20,2023-02-01 18:57:39,2026-09-01,32000.0
28211031,Black,Crédito,2023-01-02 00:00:00,2023-04-20 14:20:27,2028-01-12,21000.0
83117958,Black,Crédito,2023-01-01 00:00:20,2023-02-19 13:56:39,2026-08-25,18000.0
84919955,Platinum,Crédito,2024-07-19 00:00:20,2025-05-21 16:28:47,2027-01-20,24000.0
62546506,Platinum,Crédito,2023-05-03 05:01:16,2023-05-04 05:01:16,2028-01-12,18000.0
71899999,Platinum,Crédito,2023-01-04 00:00:20,2023-02-18 08:08:31,2027-09-14,14000.0
99408742,Platinum,Crédito,2023-04-14 17:56:05,2023-04-15 17:56:05,2028-01-12,13000.0
72087070,Maestro/Debit,Débito,2023-01-21 00:00:00,2023-02-23 19:10:43,2028-01-12,0.0
63449016,Black,Crédito,2023-01-04 00:00:20,2023-06-07 05:56:13,2026-01-20,26000.0
69209692,Gold,Crédito,2023-01-02 00:00:20,2023-01-02 10:59:51,2026-03-22,11000.0
25019386,Gold,Crédito,2023-07-04 00:00:20,2024-05-04 18:12:06,2027-11-18,20000.0
70983385,Standard,Crédito,2023-01-02 00:00:20,2023-01-09 19:46:11,2027-03-31,8000.0
13542965,Maestro/Debit,Débito,2023-01-10 00:00:20,2023-01-15 07:04:29,2026-06-20,0.0
96418831,Black,Crédito,2023-05-21 00:00:20,2024-08-12 01:27:30,2026-11-08,32000.0
94172837,Black,Crédito,2024-01-08 00:00:20,2024-09-10 09:21:53,2026-08-03,17000.0
22454448,Maestro/Debit,Débito,2024-06-24 00:00:20,2024-10-14 02:35:37,2027-02-01,0.0
99389998,Platinum,Crédito,2024-04-04 00:00:20,2024-04-11 09:20:40,2025-12-30,25000.0
64363194,Gold,Crédito,2023-01-29 00:00:20,2023-03-11 14:13:02,2028-01-12,11000.0
61344439,Gold,Crédito,2023-06-27 00:00:20,2024-02-23 20:45:10,2025-12-30,13000.0
40099124,Platinum,Crédito,2024-07-02 00:00:20,2024-07-02 01:02:58,2025-11-02,16000.0
61846293,Maestro/Debit,Débito,2023-01-06 00:00:00,2023-02-20 10:10:12,2028-01-12,0.0
83416565,Maestro/Debit,Débito,2023-01-17 00:00:20,2023-05-28 16:30:10,2027-01-16,0.0
68636062,Standard,Crédito,2023-01-05 00:00:20,2023-11-21 10:13:31,2026-02-13,9000.0
55266796,Platinum,Crédito,2023-05-17 23:13:07,2023-05-18 23:13:07,2028-01-12,13000.0
79528180,Maestro/Debit,Débito,2023-01-06 00:00:20,2023-03-15 18:44:00,2026-03-10,0.0
87141910,Black,Crédito,2023-01-09 00:00:20,2023-01-17 02:32:18,2025-07-30,29000.0
20190495,Platinum,Crédito,2023-01-02 00:00:20,2023-01-20 00:21:32,2026-12-12,19000.0
50737235,Maestro/Debit,Débito,2023-01-05 00:00:20,2023-03-24 20:42:18,2025-11-02,0.0
65732188,Black,Crédito,2025-01-01 00:00:20,2025-01-01 23:07:23,2028-01-12,37000.0
40872434,Platinum,Crédito,2023-01-02 00:00:20,2023-01-02 12:58:34,2026-09-16,13000.0
81622536,Black,Crédito,2023-09-19 00:00:20,2024-10-25 04:46:20,2026-11-29,25000.0
40251205,Standard,Crédito,2023-11-06 00:00:20,2024-04-26 08:26:30,2025-10-17,11000.0
33378918,Gold,Crédito,2023-01-07 00:00:20,2023-02-27 11:20:43,2027-10-16,14000.0
92200562,Gold,Crédito,2023-01-02 00:00:20,2023-04-21 09:05:22,2026-12-27,20000.0
24614439,Black,Crédito,2023-01-14 00:00:20,2023-03-04 13:52:49,2025-06-24,18000.0
64198785,Standard,Crédito,2024-03-02 00:00:20,2024-03-17 22:09:24,2027-02-19,20000.0
38684681,Standard,Crédito,2023-01-07 00:00:20,2023-03-11 00:42:35,2026-11-03,13000.0
62107028,Platinum,Crédito,2023-01-04 00:00:20,2023-07-30 06:15:55,2027-11-20,16000.0
20935068,Platinum,Crédito,2023-10-28 00:00:20,2024-10-25 01:46:55,2027-12-30,21000.0
40241440,Platinum,Crédito,2023-01-02 00:00:20,2023-02-27 03:24:57,2027-04-17,28000.0
92741440,Maestro/Debit,Débito,2024-07-29 00:00:20,2024-08-25 05:12:12,2028-01-13,0.0
31519172,Platinum,Crédito,2023-10-04 00:00:20,2024-08-02 07:43:49,2027-04-07,22000.0
43594960,Maestro/Debit,Débito,2023-01-25 00:00:20,2023-01-25 13:01:13,2027-06-18,0.0
35831850,Platinum,Crédito,2023-01-04 00:00:20,2023-11-24 12:19:22,2025-12-18,28000.0
63252821,Gold,Crédito,2023-01-14 00:00:20,2023-05-15 14:20:21,2027-05-20,17000.0
76561118,Standard,Crédito,2024-02-05 00:00:20,2024-02-05 23:32:48,2028-01-13,8000.0
65962131,Gold,Crédito,2023-01-02 00:00:20,2023-02-19 03:52:37,2026-12-19,16000.0
99588093,Maestro/Debit,Débito,2024-08-03 00:00:20,2024-08-13 17:52:20,2026-04-24,0.0
96856368,Platinum,Crédito,2023-01-01 00:00:20,2023-01-01 12:46:42,2027-02-25,12000.0
13699218,Black,Crédito,2023-09-01 00:00:20,2024-10-16 02:44:41,2028-01-13,44000.0
82225387,Gold,Crédito,2024-04-17 00:00:20,2024-05-14 12:55:03,2026-05-16,14000.0
85523556,Gold,Crédito,2023-01-10 00:00:20,2023-02-24 09:29:23,2027-01-03,22000.0
69384355,Gold,Crédito,2023-01-01 00:00:20,2023-05-21 14:44:27,2027-11-25,21000.0
69001685,Platinum,Crédito,2023-04-30 00:00:20,2024-11-11 00:50:12,2028-01-13,15000.0
13935694,Gold,Crédito,2023-01-10 00:00:20,2023-08-06 19:06:16,2025-06-14,14000.0
48450584,Platinum,Crédito,2023-01-10 00:00:20,2023-03-27 10:26:37,2026-05-21,14000.0
81048850,Platinum,Crédito,2023-05-25 00:00:20,2024-09-04 19:43:57,2026-12-31,24000.0
82300712,Gold,Crédito,2023-01-04 00:00:20,2023-02-05 04:59:41,2026-01-23,14000.0
99275164,Standard,Crédito,2024-05-26 00:00:20,2024-08-06 03:22:26,2026-03-09,18000.0
44915702,Black,Crédito,2023-06-18 00:00:20,2024-05-05 11:08:48,2025-11-22,18000.0
26124936,Platinum,Crédito,2023-07-17 00:00:20,2024-10-27 09:15:06,2026-01-03,30000.0
93973235,Platinum,Crédito,2023-01-16 00:00:00,2023-05-09 13:39:13,2028-01-13,13000.0
19781321,Black,Crédito,2023-02-03 00:00:00,2023-03-04 05:38:50,2028-01-13,24000.0
37096144,Gold,Crédito,2023-07-14 04:18:13,2023-07-15 04:18:13,2028-01-13,12000.0
58893360,Maestro/Debit,Débito,2023-01-01 00:00:00,2023-04-03 14:30:28,2028-01-13,0.0
86851396,Platinum,Crédito,2023-01-01 00:00:20,2023-01-01 23:30:54,2025-09-06,21000.0
49593484,Gold,Crédito,2023-01-31 00:00:20,2024-04-07 00:33:39,2028-01-13,16000.0
48068891,Standard,Crédito,2024-07-29 00:00:20,2024-08-23 11:27:02,2028-01-13,13000.0
74189013,Maestro/Debit,Débito,2023-01-16 00:00:20,2023-01-18 04:56:01,2027-05-21,0.0
60708852,Black,Crédito,2023-02-15 00:00:00,2023-05-13 06:19:23,2028-01-13,14000.0
14550014,Maestro/Debit,Débito,2023-10-14 00:00:20,2025-02-02 15:24:05,2027-12-23,0.0
34138979,Platinum,Crédito,2023-11-06 00:00:20,2024-04-15 15:11:28,2025-10-24,17000.0
50326701,Black,Crédito,2023-01-09 00:00:20,2023-01-14 00:27:00,2028-01-13,39000.0
56872327,Black,Crédito,2023-01-18 00:00:20,2023-01-19 07:11:14,2025-06-08,20000.0
29635375,Platinum,Crédito,2023-10-07 00:00:20,2024-12-28 09:54:39,2027-07-24,16000.0
44822581,Black,Crédito,2023-02-08 00:00:00,2023-08-20 20:58:19,2028-01-14,30000.0
53152338,Platinum,Crédito,2023-04-27 17:50:15,2023-04-28 17:50:15,2028-01-14,20000.0
93319877,Platinum,Crédito,2023-01-02 00:00:20,2023-01-02 17:02:25,2027-08-10,26000.0
93470842,Maestro/Debit,Débito,2024-05-28 00:00:20,2024-12-24 20:48:42,2028-01-14,0.0
64175364,Standard,Crédito,2023-01-08 00:00:20,2023-01-27 14:09:56,2026-08-27,17000.0
43629011,Black,Crédito,2023-01-04 00:00:20,2023-04-08 00:15:26,2026-04-12,18000.0
82801612,Standard,Crédito,2023-01-18 00:00:20,2023-01-18 08:19:31,2025-04-26,7000.0
72930877,Maestro/Debit,Débito,2023-03-27 00:00:20,2024-05-19 00:07:44,2027-11-29,0.0
31256017,Standard,Crédito,2023-01-19 00:00:20,2023-12-25 16:39:10,2027-05-28,16000.0
75565117,Black,Crédito,2023-10-06 00:00:20,2024-06-29 01:19:11,2026-08-23,29000.0
36444946,Platinum,Crédito,2023-03-06 00:00:20,2024-01-17 07:53:56,2028-01-14,21000.0
42867057,Maestro/Debit,Débito,2023-01-08 00:00:00,2023-01-25 10:35:42,2028-01-14,0.0
94059442,Platinum,Crédito,2023-01-06 00:00:20,2023-02-03 21:31:59,2027-10-25,13000.0
38749647,Platinum,Crédito,2023-01-03 00:00:20,2023-01-06 03:51:12,2027-10-11,26000.0
17098436,Gold,Crédito,2023-10-31 00:00:20,2024-08-29 01:11:54,2026-10-20,19000.0
78735082,Gold,Crédito,2023-01-19 00:00:20,2023-02-06 05:36:41,2026-02-08,16000.0
99493216,Gold,Crédito,2023-04-01 00:00:20,2024-09-19 19:34:06,2026-03-09,20000.0
72776240,Black,Crédito,2023-07-13 04:52:29,2023-07-14 04:52:29,2028-01-14,20000.0
83207716,Black,Crédito,2023-01-08 00:00:00,2023-01-14 12:56:00,2028-01-14,21000.0
72070483,Maestro/Debit,Débito,2023-01-02 00:00:20,2023-02-20 06:13:25,2027-08-08,0.0
43262692,Maestro/Debit,Débito,2023-01-04 00:00:20,2023-04-23 13:23:53,2026-04-26,0.0
11473192,Black,Crédito,2023-10-12 00:00:20,2024-06-16 20:52:01,2027-12-11,34000.0
30995989,Maestro/Debit,Débito,2023-02-05 00:00:00,2023-04-30 04:43:05,2028-01-14,0.0
51427683,Platinum,Crédito,2023-01-04 00:00:20,2023-01-29 11:41:59,2025-03-29,13000.0
17414401,Gold,Crédito,2023-01-04 00:00:20,2023-01-25 06:58:49,2026-07-20,26000.0
15017401,Gold,Crédito,2023-01-05 00:00:20,2023-01-05 08:39:54,2025-08-14,10000.0
61283105,Gold,Crédito,2023-08-06 00:00:20,2024-09-20 17:48:39,2026-11-09,9000.0
63073924,Maestro/Debit,Débito,2024-02-03 00:00:20,2024-08-09 04:18:48,2026-06-03,0.0
94576892,Black,Crédito,2023-01-07 00:00:00,2023-06-05 16:30:47,2028-01-14,26000.0
77055042,Maestro/Debit,Débito,2023-01-21 00:00:00,2023-06-17 04:01:07,2028-01-14,0.0
56446291,Black,Crédito,2023-07-03 00:00:20,2024-12-08 13:38:51,2026-11-30,25000.0
77377007,Gold,Crédito,2023-01-02 00:00:20,2023-01-10 16:54:49,2025-12-13,12000.0
63254049,Gold,Crédito,2023-01-10 00:00:20,2023-02-23 22:57:18,2026-11-09,16000.0
14050441,Gold,Crédito,2023-01-04 00:00:20,2023-08-27 11:41:22,2027-06-18,8000.0
10147793,Platinum,Crédito,2023-01-01 00:00:20,2023-01-23 03:42:22,2026-02-16,27000.0
93876924,Maestro/Debit,Débito,2023-01-01 00:00:20,2023-02-01 03:22:00,2027-03-17,0.0
41417398,Black,Crédito,2023-11-07 00:00:20,2025-07-29 14:36:16,2027-08-30,36000.0
84635381,Black,Crédito,2024-11-20 00:00:20,2024-12-07 05:05:35,2027-01-09,24000.0
21614900,Standard,Crédito,2023-02-03 00:00:00,2023-04-13 20:17:28,2028-01-14,9000.0
42800409,Platinum,Crédito,2023-01-04 00:00:20,2023-01-15 08:32:31,2026-06-06,21000.0
55406316,Maestro/Debit,Débito,2023-07-11 00:00:20,2024-11-09 13:18:55,2025-12-13,0.0
59875732,Platinum,Crédito,2025-01-01 00:00:20,2025-01-01 00:00:20,2026-09-17,19000.0
28181723,Black,Crédito,2023-11-13 00:00:20,2024-09-01 02:33:24,2028-01-15,33000.0
28694607,Maestro/Debit,Débito,2023-08-03 00:00:20,2024-11-03 19:34:38,2028-01-15,0.0
20742515,Gold,Crédito,2024-02-05 00:00:20,2024-03-18 22:06:04,2027-09-13,23000.0
57774670,Black,Crédito,2024-01-06 13:43:57,2024-01-07 13:43:57,2028-01-15,42000.0
14387255,Standard,Crédito,2024-01-05 00:00:20,2024-02-04 15:11:48,2027-12-31,15000.0
98285271,Gold,Crédito,2024-12-04 00:00:20,2024-12-14 10:28:26,2027-07-23,12000.0
87705772,Gold,Crédito,2023-01-02 00:00:00,2023-01-15 07:11:00,2028-01-15,16000.0
60009648,Platinum,Crédito,2023-11-22 00:00:20,2025-02-19 09:59:19,2028-01-15,19000.0
19355557,Maestro/Debit,Débito,2023-01-07 00:00:20,2023-03-10 16:25:46,2026-10-19,0.0
14396767,Maestro/Debit,Débito,2024-09-04 00:00:20,2025-10-03 11:46:16,2027-12-04,0.0
96269131,Gold,Crédito,2023-01-02 00:00:20,2023-01-03 09:22:28,2025-12-24,22000.0
98644137,Black,Crédito,2023-01-19 00:00:20,2023-12-23 19:29:15,2025-07-27,39000.0
63388503,Maestro/Debit,Débito,2023-01-01 00:00:20,2023-02-10 18:18:41,2027-11-17,0.0
84915101,Gold,Crédito,2023-01-10 00:00:20,2023-01-15 10:39:00,2028-01-10,22000.0
48878859,Gold,Crédito,2024-10-02 00:00:20,2025-06-19 14:39:32,2028-01-07,15000.0
61943454,Platinum,Crédito,2023-02-17 00:00:00,2023-04-15 16:49:15,2028-01-15,23000.0
59199736,Maestro/Debit,Débito,2024-09-17 00:00:20,2025-01-10 10:56:16,2027-08-22,0.0
76694740,Standard,Crédito,2023-01-02 00:00:20,2023-02-14 15:37:16,2025-12-01,12000.0
38025763,Black,Crédito,2023-01-30 00:00:20,2025-06-11 19:12:04,2025-05-12,26000.0
90612820,Platinum,Crédito,2023-04-04 00:00:20,2023-04-04 00:00:20,2026-12-09,17000.0
53188479,Maestro/Debit,Débito,2023-01-18 00:00:20,2023-11-13 16:17:13,2025-09-15,0.0
30811924,Black,Crédito,2023-01-18 00:00:20,2023-07-01 12:33:25,2026-05-12,42000.0
59118886,Maestro/Debit,Débito,2023-01-01 00:00:00,2023-08-31 05:41:42,2028-01-15,0.0
58108627,Gold,Crédito,2023-02-02 00:00:00,2023-05-11 09:29:56,2028-01-15,22000.0
98362603,Gold,Crédito,2023-01-05 00:00:00,2023-06-15 18:15:38,2028-01-15,15000.0
75211209,Platinum,Crédito,2023-11-14 00:00:20,2024-10-16 14:18:03,2028-01-15,27000.0
29592516,Platinum,Crédito,2023-01-07 00:00:00,2023-06-28 21:46:56,2028-01-15,12000.0
73407536,Maestro/Debit,Débito,2023-01-16 00:00:20,2023-10-10 13:07:42,2026-08-10,0.0
79570848,Platinum,Crédito,2023-01-16 00:00:20,2023-04-18 04:19:32,2027-03-29,18000.0
39659701,Standard,Crédito,2023-09-03 00:00:20,2024-05-30 01:40:53,2026-07-29,15000.0
72388616,Platinum,Crédito,2023-11-22 00:00:20,2024-05-27 20:01:41,2027-08-26,27000.0
25046781,Black,Crédito,2023-01-02 00:00:20,2023-01-30 15:07:59,2026-02-17,18000.0
73638745,Black,Crédito,2023-01-02 00:00:20,2023-06-20 00:10:58,2027-12-19,26000.0
74326151,Gold,Crédito,2023-01-06 00:00:00,2023-01-15 22:51:00,2028-01-15,21000.0
95876906,Maestro/Debit,Débito,2023-01-19 00:00:20,2023-01-19 15:42:15,2025-03-14,0.0
56825309,Platinum,Crédito,2023-01-01 00:00:20,2023-02-24 22:25:11,2025-11-03,21000.0
61532489,Platinum,Crédito,2023-01-02 00:00:20,2023-02-27 13:08:16,2027-05-08,23000.0
79748544,Platinum,Crédito,2024-07-15 00:00:20,2024-07-15 09:11:23,2027-05-06,23000.0
39138273,Gold,Crédito,2023-01-01 00:00:00,2023-01-16 00:59:00,2028-01-16,15000.0
76962905,Platinum,Crédito,2023-03-03 00:00:20,2024-07-09 08:06:42,2027-10-08,23000.0
97058948,Maestro/Debit,Débito,2023-01-12 00:00:20,2024-04-05 19:07:24,2026-08-27,0.0
92650457,Gold,Crédito,2024-12-01 00:00:20,2024-12-12 22:40:27,2027-03-12,21000.0
45005379,Gold,Crédito,2023-01-04 00:00:00,2023-02-25 04:21:05,2028-01-16,19000.0
61080978,Black,Crédito,2024-12-22 00:00:20,2024-12-30 07:29:25,2026-02-14,44000.0
73239917,Maestro/Debit,Débito,2023-01-04 00:00:00,2023-03-26 17:10:11,2028-01-16,0.0
34583111,Platinum,Crédito,2023-12-08 00:00:20,2024-01-23 23:12:36,2025-11-30,35000.0
90916733,Black,Crédito,2023-01-01 00:00:20,2023-07-15 05:35:30,2027-04-16,18000.0
44677653,Gold,Crédito,2023-01-01 00:00:20,2023-11-01 05:35:56,2026-07-02,14000.0
67851023,Gold,Crédito,2023-01-03 00:00:20,2023-01-26 14:12:10,2025-09-28,12000.0
37528779,Platinum,Crédito,2023-05-07 07:10:52,2023-05-08 07:10:52,2028-01-16,28000.0
44241105,Platinum,Crédito,2023-01-26 00:00:20,2024-12-22 11:06:52,2027-11-17,23000.0
93719232,Gold,Crédito,2023-01-03 00:00:20,2023-03-16 19:39:29,2025-07-01,16000.0
78723777,Black,Crédito,2023-02-21 00:00:20,2025-08-04 23:14:26,2026-10-18,40000.0
95194230,Gold,Crédito,2023-01-01 00:00:20,2023-01-21 06:42:06,2026-12-04,14000.0
88055649,Gold,Crédito,2023-01-04 00:00:20,2023-01-30 05:55:54,2026-05-21,10000.0
18316218,Platinum,Crédito,2023-02-05 00:00:00,2023-06-01 02:42:36,2028-01-16,23000.0
73230781,Platinum,Crédito,2023-01-11 00:00:20,2023-01-29 18:51:51,2027-08-30,25000.0
61407329,Platinum,Crédito,2023-01-19 00:00:20,2023-02-16 18:22:28,2027-12-29,27000.0
70352545,Standard,Crédito,2024-09-06 00:00:20,2024-09-06 18:29:17,2028-01-16,17000.0
20687633,Platinum,Crédito,2023-12-26 00:00:20,2024-12-17 11:27:01,2027-06-25,9000.0
64557850,Platinum,Crédito,2023-01-08 00:00:20,2023-10-22 20:52:17,2026-10-26,23000.0
84238232,Gold,Crédito,2023-01-12 00:00:20,2023-01-16 19:40:00,2028-01-16,11000.0
32407487,Maestro/Debit,Débito,2023-01-11 00:00:20,2023-04-21 04:41:41,2026-08-08,0.0
90888369,Platinum,Crédito,2023-04-01 00:00:20,2024-06-27 20:37:09,2026-04-30,11000.0
68342100,Maestro/Debit,Débito,2023-01-27 00:00:20,2023-01-27 00:02:13,2028-01-16,0.0
36035942,Platinum,Crédito,2023-02-11 12:29:20,2023-02-12 12:29:20,2028-01-17,14000.0
16588125,Black,Crédito,2023-08-28 00:00:20,2024-07-19 16:09:54,2026-05-16,26000.0
82830861,Black,Crédito,2023-01-15 00:00:00,2023-05-13 13:18:16,2028-01-17,44000.0
44572489,Platinum,Crédito,2023-04-21 00:00:20,2025-02-02 14:54:19,2028-01-17,12000.0
36539321,Platinum,Crédito,2023-01-01 00:00:20,2023-03-03 21:04:30,2027-05-01,32000.0
93462293,Black,Crédito,2023-06-11 00:00:20,2024-04-05 19:07:05,2028-01-17,25000.0
48552753,Maestro/Debit,Débito,2024-12-27 00:00:20,2025-02-04 16:28:45,2028-01-17,0.0
12260527,Gold,Crédito,2023-01-05 00:00:00,2023-08-10 11:11:55,2028-01-17,8000.0
25874054,Standard,Crédito,2023-01-05 00:00:00,2023-07-18 03:40:33,2028-01-17,17000.0
93947161,Black,Crédito,2023-12-04 00:00:20,2024-12-28 10:33:01,2027-06-12,37000.0
14510109,Black,Crédito,2023-01-02 00:00:20,2023-05-02 13:25:53,2025-04-26,35000.0
57177612,Black,Crédito,2023-01-09 00:00:20,2023-02-16 17:29:50,2027-02-02,47000.0
14759829,Standard,Crédito,2023-02-12 00:00:20,2024-09-08 12:23:20,2026-08-21,14000.0
57964176,Maestro/Debit,Débito,2023-02-15 00:00:00,2023-03-01 06:19:23,2028-01-17,0.0
32519961,Platinum,Crédito,2023-05-25 00:00:20,2024-03-24 14:27:01,2028-01-17,17000.0
61222145,Black,Crédito,2023-01-12 00:00:20,2023-05-12 21:02:31,2026-12-15,15000.0
45359486,Platinum,Crédito,2023-05-07 10:36:35,2023-05-08 10:36:35,2028-01-17,23000.0
38147357,Platinum,Crédito,2023-01-27 00:00:20,2023-02-15 21:26:33,2025-09-01,13000.0
22087869,Platinum,Crédito,2023-01-01 00:00:20,2023-04-19 05:43:13,2027-10-18,15000.0
27495558,Platinum,Crédito,2024-11-22 00:00:20,2024-12-10 01:50:53,2028-01-18,16000.0
89688385,Standard,Crédito,2024-05-08 00:00:20,2024-10-02 09:42:16,2025-08-12,12000.0
45807287,Black,Crédito,2023-06-13 00:00:20,2025-03-08 14:32:00,2028-01-18,39000.0
32198152,Black,Crédito,2024-05-25 00:00:20,2025-06-03 17:37:42,2027-12-07,43000.0
82868703,Maestro/Debit,Débito,2023-01-03 00:00:20,2023-01-23 17:26:11,2025-08-23,0.0
67838555,Black,Crédito,2023-06-04 00:00:20,2024-12-24 17:33:00,2026-02-10,26000.0
69603939,Black,Crédito,2023-01-08 00:00:00,2023-04-02 03:33:13,2028-01-18,16000.0
24404483,Black,Crédito,2023-01-08 00:00:00,2023-10-03 10:35:42,2028-01-18,46000.0
64516007,Black,Crédito,2023-12-18 00:00:20,2025-10-11 20:09:41,2028-01-18,35000.0
19656955,Platinum,Crédito,2023-01-10 00:00:20,2023-03-01 19:35:11,2026-12-03,18000.0
80335315,Gold,Crédito,2023-01-08 00:00:20,2023-02-13 03:11:18,2027-11-19,12000.0
81379275,Platinum,Crédito,2023-01-04 00:00:20,2023-07-24 04:28:23,2025-03-30,19000.0
85983198,Platinum,Crédito,2023-01-03 00:00:20,2023-03-16 08:44:36,2027-03-14,12000.0
40364326,Platinum,Crédito,2023-07-22 00:00:20,2025-05-29 19:56:39,2025-08-19,12000.0
28148056,Platinum,Crédito,2023-01-02 00:00:20,2023-02-10 21:40:56,2027-04-11,18000.0
40125045,Maestro/Debit,Débito,2023-02-05 00:00:00,2023-12-10 04:43:05,2028-01-18,0.0
70668018,Standard,Crédito,2023-01-07 00:00:00,2023-09-08 16:30:47,2028-01-18,9000.0
97492251,Black,Crédito,2023-01-23 00:00:00,2023-10-20 20:58:17,2028-01-18,25000.0
43383867,Gold,Crédito,2024-04-26 00:00:20,2024-04-26 18:58:13,2026-10-21,11000.0
64308236,Platinum,Crédito,2023-01-04 00:00:20,2023-04-18 00:41:04,2025-07-21,10000.0
14134566,Maestro/Debit,Débito,2023-04-11 00:00:20,2024-01-16 13:04:06,2026-08-11,0.0
89264468,Platinum,Crédito,2023-02-05 00:00:00,2023-10-31 09:08:58,2028-01-18,9000.0
19047611,Maestro/Debit,Débito,2023-08-19 00:00:20,2024-04-04 10:18:39,2028-01-18,0.0
79416861,Gold,Crédito,2023-01-05 00:00:20,2023-06-29 10:35:53,2026-06-07,17000.0
47111466,Platinum,Crédito,2023-07-20 00:00:20,2024-10-02 11:32:12,2025-12-19,25000.0
76926462,Gold,Crédito,2023-01-06 00:00:00,2023-07-11 10:09:11,2028-01-18,16000.0
21129682,Maestro/Debit,Débito,2023-11-13 00:00:20,2024-08-04 17:40:59,2027-12-13,0.0
34195114,Standard,Crédito,2023-01-28 00:00:00,2023-09-24 23:43:50,2028-01-18,16000.0
91046139,Black,Crédito,2023-01-01 00:00:20,2023-04-04 05:27:08,2027-06-25,29000.0
56743979,Standard,Crédito,2023-01-05 00:00:00,2023-06-19 14:51:43,2028-01-19,7000.0
66937433,Platinum,Crédito,2023-06-05 00:00:20,2024-05-27 11:12:36,2025-06-01,22000.0
64016440,Black,Crédito,2023-08-03 00:00:20,2024-11-20 14:40:47,2028-01-19,31000.0
50749843,Platinum,Crédito,2023-01-07 00:00:20,2023-05-08 15:50:46,2026-05-19,21000.0
26818938,Platinum,Crédito,2023-01-02 00:00:20,2023-01-03 22:24:50,2026-07-27,19000.0
78325102,Maestro/Debit,Débito,2023-01-15 00:00:20,2023-01-28 07:45:31,2027-12-07,0.0
78840328,Platinum,Crédito,2023-07-30 00:00:20,2024-12-18 05:49:41,2026-12-27,18000.0
86968086,Maestro/Debit,Débito,2023-01-01 00:00:20,2023-01-13 17:10:57,2027-06-01,0.0
61375279,Black,Crédito,2023-11-03 00:00:20,2025-04-01 18:34:52,2027-10-21,42000.0
66333237,Platinum,Crédito,2024-05-10 00:00:20,2024-08-17 04:44:12,2026-08-06,32000.0
44016881,Platinum,Crédito,2023-01-07 00:00:20,2023-04-10 09:54:51,2026-09-02,22000.0
37945338,Platinum,Crédito,2023-08-15 00:00:20,2024-12-11 05:19:36,2027-02-07,15000.0
84136118,Black,Crédito,2023-06-20 00:00:20,2024-07-17 01:49:46,2027-01-25,25000.0
54042747,Black,Crédito,2023-01-03 00:00:00,2023-04-17 17:16:30,2028-01-19,31000.0
40608357,Gold,Crédito,2023-01-03 00:00:20,2025-04-09 19:49:24,2027-11-17,21000.0
40146978,Platinum,Crédito,2023-01-19 00:00:00,2023-08-17 16:39:05,2028-01-19,29000.0
45381509,Platinum,Crédito,2023-01-08 00:00:20,2023-01-14 04:00:13,2027-05-11,15000.0
57447660,Platinum,Crédito,2023-11-22 00:00:20,2025-03-07 14:31:47,2028-01-20,13000.0
32759974,Standard,Crédito,2024-02-09 00:00:20,2024-03-27 18:06:19,2025-11-09,13000.0
22383081,Maestro/Debit,Débito,2023-01-02 00:00:20,2023-03-24 09:23:33,2026-10-03,0.0
84426091,Platinum,Crédito,2023-03-20 00:00:20,2025-07-12 14:11:34,2025-12-20,15000.0
86706108,Platinum,Crédito,2023-02-18 00:00:00,2023-03-23 22:00:26,2028-01-20,12000.0
21014713,Black,Crédito,2023-01-03 00:00:20,2023-03-24 20:35:45,2026-10-11,32000.0
96604906,Maestro/Debit,Débito,2023-09-24 04:18:13,2023-09-25 04:18:13,2028-01-20,0.0
98473935,Black,Crédito,2023-11-27 00:00:20,2024-08-27 02:52:56,2025-09-02,19000.0
41412435,Black,Crédito,2023-01-14 00:00:00,2023-02-07 15:05:38,2028-01-20,22000.0
15576329,Platinum,Crédito,2023-10-20 00:00:20,2025-10-22 03:14:20,2027-12-22,16000.0
37523702,Platinum,Crédito,2023-01-02 00:00:20,2023-06-22 18:43:19,2027-09-18,18000.0
64574655,Black,Crédito,2023-12-02 00:00:20,2024-10-14 09:34:41,2027-05-21,42000.0
81554412,Gold,Crédito,2023-01-11 00:00:20,2023-06-17 22:56:59,2026-02-09,11000.0
73417901,Black,Crédito,2023-01-18 00:00:00,2023-01-26 14:26:28,2028-01-20,30000.0
72296358,Gold,Crédito,2023-09-09 00:00:20,2025-01-08 18:01:35,2027-04-04,20000.0
28108479,Black,Crédito,2023-01-01 00:00:20,2023-01-04 10:39:02,2027-09-02,23000.0
20843343,Black,Crédito,2023-01-04 00:00:00,2023-02-14 10:13:09,2028-01-20,17000.0
17146280,Maestro/Debit,Débito,2023-01-09 00:00:20,2023-01-18 20:57:27,2025-12-22,0.0
97188096,Black,Crédito,2023-02-05 00:00:00,2023-06-25 04:43:05,2028-01-20,21000.0
26394834,Gold,Crédito,2023-08-08 00:00:20,2025-05-02 04:53:20,2026-06-02,23000.0
67582844,Gold,Crédito,2023-06-01 00:00:20,2024-08-11 18:09:12,2026-10-16,17000.0
61778177,Black,Crédito,2023-07-19 00:00:20,2025-04-28 08:48:06,2028-01-21,40000.0
61402440,Maestro/Debit,Débito,2023-01-07 00:00:20,2023-01-11 18:45:15,2026-11-13,0.0
93185837,Platinum,Crédito,2023-01-03 00:00:20,2023-02-05 19:31:14,2026-12-07,11000.0
38817651,Standard,Crédito,2023-03-05 00:00:20,2025-03-09 14:35:49,2027-06-29,12000.0
43169235,Black,Crédito,2023-01-03 00:00:20,2023-05-22 12:07:40,2026-02-10,19000.0
56419716,Maestro/Debit,Débito,2023-02-18 00:00:00,2023-05-20 22:00:26,2028-01-21,0.0
46550938,Black,Crédito,2023-01-22 00:00:20,2023-04-20 06:44:43,2026-08-10,30000.0
66745193,Platinum,Crédito,2023-01-27 00:00:20,2023-04-28 18:16:29,2026-10-11,12000.0
61329388,Gold,Crédito,2023-01-13 00:00:00,2023-10-04 10:03:14,2028-01-21,15000.0
23001562,Maestro/Debit,Débito,2023-01-27 00:00:00,2023-06-10 01:43:51,2028-01-21,0.0
55416861,Maestro/Debit,Débito,2023-01-04 00:00:20,2023-06-08 04:31:11,2026-12-28,0.0
33923108,Maestro/Debit,Débito,2023-02-02 00:00:00,2023-05-01 09:29:56,2028-01-21,0.0
52319673,Maestro/Debit,Débito,2023-01-04 00:00:20,2025-01-12 18:11:52,2026-08-25,0.0
11386313,Black,Crédito,2023-01-05 00:00:20,2023-08-26 02:06:31,2025-08-26,27000.0
30694267,Platinum,Crédito,2023-09-25 00:00:20,2025-01-03 11:32:14,2026-11-27,27000.0
69764183,Platinum,Crédito,2023-01-01 00:00:20,2023-04-27 18:56:10,2026-11-21,32000.0
98034547,Platinum,Crédito,2023-01-06 00:00:20,2023-03-10 02:09:27,2027-09-29,29000.0
74986162,Platinum,Crédito,2023-01-01 00:00:20,2023-02-06 03:43:25,2027-12-27,18000.0
56987566,Platinum,Crédito,2023-01-26 00:00:00,2023-05-03 11:57:29,2028-01-22,31000.0
28441495,Black,Crédito,2023-11-17 00:00:20,2024-12-04 02:09:46,2028-01-22,27000.0
71871700,Gold,Crédito,2023-01-07 00:00:20,2023-01-12 18:37:13,2027-04-29,10000.0
75911310,Black,Crédito,2024-06-27 00:00:20,2024-12-04 23:58:47,2026-04-27,45000.0
18572149,Black,Crédito,2023-01-06 00:00:20,2023-01-06 14:31:13,2026-09-23,18000.0
69511297,Platinum,Crédito,2023-12-15 00:00:20,2025-01-29 05:40:21,2028-01-22,29000.0
43223461,Gold,Crédito,2023-01-28 00:00:00,2023-07-22 23:43:50,2028-01-22,18000.0
60770749,Standard,Crédito,2024-10-03 00:00:20,2025-04-15 11:06:02,2026-09-20,13000.0
54752423,Gold,Crédito,2023-01-02 00:00:20,2023-01-03 21:52:17,2027-08-04,24000.0
46023188,Black,Crédito,2024-12-06 00:00:20,2025-03-21 09:16:00,2028-01-06,22000.0
45470268,Gold,Crédito,2023-01-12 00:00:00,2023-01-24 00:32:56,2028-01-22,8000.0
13473432,Black,Crédito,2023-12-01 23:13:07,2023-12-02 23:13:07,2028-01-22,36000.0
53596874,Platinum,Crédito,2023-10-13 00:00:20,2025-09-17 10:40:25,2026-04-12,27000.0
79878343,Platinum,Crédito,2024-04-26 00:00:20,2024-09-10 10:53:28,2025-06-12,27000.0
69362508,Black,Crédito,2023-01-10 00:00:20,2023-02-18 02:40:41,2025-12-05,37000.0
58417158,Platinum,Crédito,2023-01-17 00:00:20,2023-02-15 23:11:13,2027-07-08,17000.0
57441801,Maestro/Debit,Débito,2024-11-16 00:00:20,2025-02-21 18:13:36,2027-05-18,0.0
68336842,Maestro/Debit,Débito,2023-01-05 00:00:20,2023-11-07 05:44:04,2025-09-07,0.0
48688039,Platinum,Crédito,2023-01-02 00:00:20,2023-01-26 23:12:21,2027-01-28,10000.0
10658783,Black,Crédito,2023-01-10 00:00:20,2023-01-10 21:03:12,2025-07-08,37000.0
34819303,Black,Crédito,2023-01-01 00:00:20,2023-01-13 14:36:25,2027-02-03,30000.0
11377154,Platinum,Crédito,2024-10-09 00:00:20,2025-02-18 03:08:04,2028-01-23,25000.0
62557315,Maestro/Debit,Débito,2023-01-08 00:00:20,2023-04-13 12:22:56,2025-05-21,0.0
26912738,Black,Crédito,2023-01-03 00:00:20,2023-02-17 03:02:32,2027-05-01,18000.0
21189154,Standard,Crédito,2023-01-02 00:00:20,2023-01-04 05:21:35,2026-05-22,8000.0
62680172,Black,Crédito,2023-01-08 00:00:20,2023-02-11 10:24:55,2026-08-18,27000.0
95211598,Maestro/Debit,Débito,2023-01-01 00:00:20,2023-05-05 21:25:28,2027-04-27,0.0
67924695,Platinum,Crédito,2023-02-01 00:00:20,2023-05-17 18:36:29,2025-12-23,26000.0
29071431,Gold,Crédito,2023-01-14 00:00:00,2023-01-23 22:59:00,2028-01-23,22000.0
85666057,Platinum,Crédito,2023-01-04 00:00:20,2023-01-04 16:17:55,2027-03-24,12000.0
17099268,Gold,Crédito,2024-06-22 00:00:20,2024-06-22 08:37:11,2025-09-26,21000.0
56663478,Black,Crédito,2023-02-12 00:00:20,2025-06-13 06:26:40,2026-07-11,33000.0
56234387,Black,Crédito,2023-01-11 00:00:20,2023-02-04 13:44:57,2026-02-23,41000.0
83771313,Maestro/Debit,Débito,2023-02-03 00:00:20,2023-03-27 05:21:27,2027-12-24,0.0
86407914,Maestro/Debit,Débito,2023-03-28 00:00:20,2024-09-29 23:14:16,2028-01-24,0.0
79464165,Standard,Crédito,2023-03-15 00:00:00,2023-08-23 03:40:06,2028-01-24,18000.0
14251758,Gold,Crédito,2023-01-07 00:00:20,2023-02-12 05:00:10,2026-05-12,19000.0
98769966,Maestro/Debit,Débito,2024-06-21 00:00:20,2024-06-21 16:41:16,2028-01-24,0.0
50427470,Black,Crédito,2023-01-04 00:00:20,2023-03-07 09:57:16,2026-07-13,27000.0
95028040,Platinum,Crédito,2023-01-10 00:00:20,2023-06-15 14:32:32,2025-10-31,33000.0
93096234,Platinum,Crédito,2023-01-06 00:00:20,2023-04-09 13:33:19,2027-08-14,31000.0
79557780,Gold,Crédito,2023-01-02 00:00:20,2023-06-27 09:46:41,2027-10-19,16000.0
94907933,Platinum,Crédito,2023-01-06 00:00:20,2023-02-22 01:50:42,2027-11-10,29000.0
52115370,Black,Crédito,2023-01-08 00:00:00,2023-04-18 11:51:51,2028-01-24,38000.0
15695529,Gold,Crédito,2023-01-12 00:00:00,2023-10-08 00:32:56,2028-01-25,21000.0
31840856,Maestro/Debit,Débito,2023-01-02 00:00:20,2023-07-27 16:04:09,2027-02-26,0.0
78211467,Platinum,Crédito,2023-01-06 00:00:00,2023-09-15 16:22:58,2028-01-25,11000.0
51644064,Black,Crédito,2023-01-03 00:00:20,2023-01-03 09:56:46,2025-08-14,15000.0
96837636,Black,Crédito,2023-01-06 00:00:20,2023-01-07 19:22:38,2026-02-06,36000.0
42500389,Black,Crédito,2023-01-02 00:00:00,2023-03-27 14:20:27,2028-01-25,28000.0
83627706,Platinum,Crédito,2023-01-03 00:00:20,2023-02-19 11:05:23,2027-11-25,32000.0
83103676,Gold,Crédito,2023-01-04 00:00:20,2023-02-09 07:35:25,2026-05-09,23000.0
47689237,Gold,Crédito,2023-01-03 00:00:20,2023-08-29 21:40:18,2026-09-23,19000.0
11640477,Gold,Crédito,2023-06-14 00:00:20,2024-09-24 03:45:06,2026-11-12,13000.0
57594641,Platinum,Crédito,2023-02-21 00:00:20,2024-10-21 21:50:05,2027-08-22,28000.0
26547193,Maestro/Debit,Débito,2023-11-22 00:00:20,2024-10-05 15:54:19,2027-04-26,0.0
74992506,Platinum,Crédito,2023-01-02 00:00:00,2023-04-19 16:28:57,2028-01-25,12000.0
77113999,Platinum,Crédito,2023-02-02 00:00:00,2023-02-24 09:29:56,2028-01-25,20000.0
92661557,Maestro/Debit,Débito,2023-01-02 00:00:20,2023-11-13 06:58:40,2027-04-13,0.0
11379375,Black,Crédito,2023-01-03 00:00:20,2023-01-03 14:30:49,2026-03-20,19000.0
83418768,Black,Crédito,2023-01-02 00:00:00,2023-02-22 05:51:32,2028-01-25,30000.0
17969331,Maestro/Debit,Débito,2023-01-01 00:00:20,2023-02-04 04:15:48,2026-08-09,0.0
55763003,Platinum,Crédito,2023-01-04 00:00:00,2023-01-25 23:07:00,2028-01-25,26000.0
32867664,Gold,Crédito,2023-01-01 00:00:20,2023-02-06 22:41:12,2026-02-28,9000.0
23411434,Black,Crédito,2023-04-28 00:00:20,2024-07-10 17:16:15,2027-08-24,25000.0
39974559,Gold,Crédito,2023-11-18 00:00:20,2025-02-23 23:18:05,2027-12-25,20000.0
82435994,Platinum,Crédito,2023-01-16 00:00:20,2025-06-28 22:05:49,2026-08-09,34000.0
52331811,Black,Crédito,2023-11-14 00:00:20,2025-02-01 04:37:12,2026-05-08,37000.0
94459523,Gold,Crédito,2023-05-02 00:00:20,2024-05-15 00:57:43,2026-09-06,18000.0
47671149,Platinum,Crédito,2023-05-07 00:00:20,2024-04-04 04:08:34,2025-10-31,17000.0
84852797,Platinum,Crédito,2023-08-03 00:00:20,2025-09-26 08:56:02,2028-01-26,29000.0
17492175,Black,Crédito,2023-01-02 00:00:00,2023-03-07 04:13:15,2028-01-26,41000.0
17188831,Black,Crédito,2023-08-03 00:00:20,2025-02-03 16:15:37,2028-01-26,17000.0
41183496,Platinum,Crédito,2023-01-01 00:00:20,2023-01-30 02:11:58,2026-11-10,21000.0
45106227,Black,Crédito,2023-02-05 00:00:20,2023-08-08 02:46:07,2028-01-24,18000.0
34701880,Maestro/Debit,Débito,2024-10-18 00:00:20,2024-10-19 13:04:18,2027-06-17,0.0
22275577,Black,Crédito,2023-04-05 07:10:52,2023-04-06 07:10:52,2028-01-26,35000.0
99667669,Platinum,Crédito,2024-10-23 00:00:20,2024-10-23 07:18:25,2026-07-10,16000.0
11859355,Black,Crédito,2023-01-03 00:00:20,2023-01-03 11:27:00,2026-11-12,23000.0
50234537,Platinum,Crédito,2023-01-07 00:00:20,2023-08-14 15:27:47,2027-12-24,31000.0
98282745,Maestro/Debit,Débito,2023-08-28 00:00:20,2024-09-22 03:54:06,2027-08-03,0.0
63469537,Black,Crédito,2023-05-30 00:00:20,2024-09-13 19:05:54,2026-10-11,17000.0
23394585,Maestro/Debit,Débito,2023-01-03 00:00:00,2023-06-17 17:20:43,2028-01-27,0.0
99094165,Platinum,Crédito,2023-01-06 00:00:20,2023-02-17 16:25:25,2026-06-09,14000.0
64376298,Gold,Crédito,2023-01-09 00:00:20,2023-05-07 23:17:45,2026-11-23,17000.0
50161723,Gold,Crédito,2024-02-03 00:00:20,2024-02-16 03:59:08,2027-01-02,16000.0
79692484,Maestro/Debit,Débito,2024-08-10 00:00:20,2024-09-26 02:18:37,2026-01-05,0.0
78917029,Platinum,Crédito,2023-01-02 00:00:20,2023-02-18 00:46:42,2027-10-17,24000.0
47504399,Gold,Crédito,2023-01-01 00:00:20,2023-01-01 09:41:51,2025-06-30,21000.0
94629863,Black,Crédito,2023-01-01 00:00:20,2023-01-01 14:25:34,2025-06-27,20000.0
42905592,Black,Crédito,2023-01-03 00:00:20,2023-09-09 09:48:04,2027-05-23,39000.0
76719971,Maestro/Debit,Débito,2023-01-04 00:00:00,2023-05-05 16:14:23,2028-01-28,0.0
78774218,Platinum,Crédito,2023-06-17 00:00:20,2025-03-12 10:01:46,2027-10-03,18000.0
74568740,Platinum,Crédito,2023-01-08 00:00:20,2023-04-27 13:59:58,2027-10-20,14000.0
43471635,Standard,Crédito,2023-01-17 00:00:20,2023-04-02 15:24:29,2026-10-05,11000.0
50995966,Black,Crédito,2023-01-03 00:00:20,2023-05-10 11:43:37,2026-07-05,29000.0
77886090,Maestro/Debit,Débito,2023-02-18 00:00:00,2023-08-19 22:00:26,2028-01-28,0.0
90678152,Gold,Crédito,2023-01-22 00:00:20,2023-04-14 05:27:14,2026-01-22,22000.0
78066101,Gold,Crédito,2023-02-05 00:00:00,2023-09-01 13:13:03,2028-01-28,20000.0
55158539,Standard,Crédito,2023-02-01 00:00:00,2023-02-11 07:00:11,2028-01-28,13000.0
10233033,Black,Crédito,2023-01-01 00:00:20,2023-02-02 07:49:20,2026-11-18,36000.0
26408915,Platinum,Crédito,2024-08-07 00:00:20,2024-10-12 21:48:34,2027-05-15,13000.0
50425050,Platinum,Crédito,2023-01-07 00:00:20,2023-02-23 07:04:12,2026-01-20,28000.0
73087341,Platinum,Crédito,2023-01-08 00:00:20,2023-05-30 15:30:12,2027-08-26,15000.0
72654201,Standard,Crédito,2024-07-18 00:00:20,2024-07-18 12:32:10,2028-01-29,12000.0
95253447,Maestro/Debit,Débito,2024-08-21 00:00:20,2024-08-26 01:36:44,2027-01-26,0.0
74347262,Platinum,Crédito,2023-02-13 00:00:00,2023-08-16 05:15:42,2028-01-29,29000.0
70489115,Platinum,Crédito,2023-01-16 00:00:20,2023-06-06 03:25:45,2027-04-18,14000.0
75729051,Maestro/Debit,Débito,2023-01-09 00:00:20,2023-04-04 14:16:24,2026-07-05,0.0
13737381,Platinum,Crédito,2023-09-13 00:00:20,2025-08-23 11:38:03,2028-01-30,9000.0
67271799,Platinum,Crédito,2023-01-14 00:00:00,2023-07-27 15:12:52,2028-01-30,21000.0
31142869,Platinum,Crédito,2023-05-16 00:00:20,2025-09-09 14:01:41,2025-08-01,18000.0
63533887,Maestro/Debit,Débito,2023-02-03 00:00:00,2023-10-15 23:26:06,2028-01-30,0.0
66986054,Gold,Crédito,2023-01-06 00:00:20,2023-01-06 10:42:09,2027-11-25,11000.0
26582646,Standard,Crédito,2023-09-14 00:00:20,2023-09-14 00:00:20,2028-01-19,10000.0
88643716,Maestro/Debit,Débito,2023-01-09 00:00:20,2023-03-13 10:44:02,2026-06-06,0.0
89939258,Platinum,Crédito,2023-03-20 00:00:00,2023-09-28 04:08:27,2028-01-30,22000.0
44203925,Platinum,Crédito,2023-06-07 00:00:20,2024-08-23 06:04:21,2028-01-08,17000.0
93398869,Gold,Crédito,2023-01-06 00:00:20,2023-01-19 16:08:45,2025-08-27,8000.0
69401841,Platinum,Crédito,2023-01-21 00:00:00,2023-07-22 02:06:05,2028-01-31,31000.0
57949933,Standard,Crédito,2023-12-03 00:00:20,2024-03-03 10:33:09,2025-11-03,18000.0
76358196,Maestro/Debit,Débito,2023-02-16 00:00:00,2023-11-12 23:11:38,2028-01-31,0.0
89042975,Gold,Crédito,2024-03-21 00:00:20,2024-05-15 19:23:14,2028-01-31,19000.0
65080121,Gold,Crédito,2023-10-06 00:00:20,2024-03-13 09:18:07,2027-03-09,11000.0
83464997,Gold,Crédito,2023-01-13 00:00:00,2023-09-10 10:03:14,2028-01-31,14000.0
81777545,Gold,Crédito,2023-01-23 00:00:20,2024-10-12 09:51:11,2026-03-19,16000.0
90934274,Platinum,Crédito,2024-04-16 00:00:20,2024-04-16 05:05:32,2028-01-31,17000.0
88247196,Black,Crédito,2023-01-13 00:00:20,2023-01-25 15:29:42,2027-08-18,39000.0
88985513,Platinum,Crédito,2023-01-02 00:00:20,2023-04-07 22:17:53,2026-11-19,19000.0
53333648,Gold,Crédito,2023-01-01 00:00:00,2023-04-08 18:35:57,2028-01-31,14000.0
93645743,Platinum,Crédito,2023-01-13 00:00:00,2023-04-01 02:08:29,2028-01-31,24000.0
75889633,Gold,Crédito,2023-01-01 00:00:20,2023-02-13 17:43:40,2027-06-10,17000.0
34634044,Platinum,Crédito,2023-02-08 00:00:00,2023-07-30 02:17:21,2028-02-01,26000.0
71185372,Gold,Crédito,2023-01-04 00:00:20,2023-06-05 05:39:53,2026-01-19,11000.0
26028100,Black,Crédito,2023-04-21 00:00:20,2024-06-11 04:10:12,2025-09-04,24000.0
26319996,Standard,Crédito,2023-01-15 00:00:20,2023-01-22 01:23:20,2027-08-17,8000.0
53044068,Platinum,Crédito,2023-02-01 00:00:00,2023-02-27 07:00:11,2028-02-01,19000.0
10172672,Platinum,Crédito,2023-01-12 00:00:20,2023-01-12 22:31:59,2025-01-29,26000.0
65366599,Platinum,Crédito,2023-01-11 00:00:20,2023-02-27 15:36:51,2026-09-05,34000.0
36556696,Standard,Crédito,2024-05-28 00:00:20,2024-05-28 20:06:36,2027-08-12,21000.0
19291985,Platinum,Crédito,2024-11-04 00:00:20,2025-01-30 22:53:00,2026-07-09,17000.0
98534939,Platinum,Crédito,2023-01-05 00:00:20,2023-02-15 18:28:57,2026-09-19,22000.0
25728964,Maestro/Debit,Débito,2024-03-25 00:00:20,2025-01-29 13:31:51,2027-05-08,0.0
63055290,Standard,Crédito,2023-12-31 04:06:15,2024-01-01 04:06:15,2028-02-01,16000.0
54249688,Maestro/Debit,Débito,2023-02-07 00:00:00,2023-08-24 01:22:43,2028-02-01,0.0
67647398,Platinum,Crédito,2023-06-11 00:00:20,2024-05-11 05:30:59,2025-12-18,16000.0
99856649,Platinum,Crédito,2024-03-02 00:00:20,2024-10-20 15:55:48,2027-12-13,23000.0
67960090,Maestro/Debit,Débito,2023-01-02 00:00:20,2023-06-29 10:49:30,2026-07-25,0.0
85249339,Gold,Crédito,2023-11-18 00:00:20,2025-05-10 00:02:50,2028-02-01,20000.0
11993605,Gold,Crédito,2023-01-04 00:00:20,2023-01-20 19:27:26,2027-09-21,14000.0
54092134,Platinum,Crédito,2023-01-01 00:00:00,2023-07-03 01:12:32,2028-02-01,15000.0
26413528,Platinum,Crédito,2024-12-21 00:00:20,2024-12-29 13:38:34,2028-02-01,25000.0
68457651,Black,Crédito,2024-02-25 00:00:20,2024-11-14 14:43:42,2028-02-01,39000.0
10274278,Platinum,Crédito,2023-01-05 00:00:20,2023-08-06 22:49:39,2026-10-14,31000.0
11513567,Black,Crédito,2023-01-26 00:00:20,2023-04-01 00:27:56,2026-12-21,30000.0
83912943,Black,Crédito,2023-01-07 00:00:00,2023-06-06 08:15:49,2028-02-02,33000.0
34653706,Maestro/Debit,Débito,2024-04-26 00:00:20,2024-06-25 06:39:36,2026-08-04,0.0
73608334,Platinum,Crédito,2023-01-05 00:00:20,2023-01-05 11:11:33,2026-04-18,18000.0
14287017,Platinum,Crédito,2024-11-22 00:00:20,2025-07-29 15:34:55,2027-06-02,18000.0
74631590,Maestro/Debit,Débito,2023-01-01 00:00:20,2023-02-15 04:57:28,2027-11-28,0.0
36948874,Gold,Crédito,2023-01-03 00:00:00,2023-02-15 06:16:35,2028-02-02,22000.0
10102264,Black,Crédito,2023-01-02 00:00:20,2023-02-02 06:16:00,2028-01-04,30000.0
48488194,Standard,Crédito,2023-01-02 00:00:20,2023-03-02 11:14:35,2026-04-16,13000.0
73599424,Gold,Crédito,2023-02-08 00:00:00,2023-05-23 20:58:19,2028-02-02,25000.0
50619342,Standard,Crédito,2023-02-24 00:00:00,2023-04-13 11:31:45,2028-02-02,8000.0
59940608,Standard,Crédito,2023-05-27 00:00:20,2025-04-28 01:39:06,2025-11-12,17000.0
32233828,Maestro/Debit,Débito,2023-11-18 00:00:20,2025-03-19 15:05:54,2028-02-02,0.0
50673236,Platinum,Crédito,2023-01-07 00:00:00,2023-10-25 16:30:47,2028-02-03,24000.0
19247198,Black,Crédito,2023-01-23 00:00:00,2023-02-03 06:33:00,2028-02-02,17000.0
65962219,Gold,Crédito,2023-02-09 00:00:20,2024-09-25 22:35:23,2026-03-18,9000.0
62729686,Black,Crédito,2023-01-21 00:00:20,2025-03-26 03:46:28,2026-07-04,47000.0
40435399,Maestro/Debit,Débito,2023-01-12 00:00:00,2023-07-04 00:32:56,2028-02-03,0.0
93711995,Black,Crédito,2024-12-22 00:00:20,2025-06-29 22:22:23,2027-09-15,31000.0
34001711,Platinum,Crédito,2023-08-05 00:00:20,2024-06-22 10:31:30,2027-01-30,19000.0
92916963,Maestro/Debit,Débito,2023-02-09 00:00:00,2023-05-04 10:44:17,2028-02-04,0.0
85036757,Platinum,Crédito,2024-12-21 00:00:20,2024-12-21 15:18:58,2028-02-04,23000.0
66548300,Platinum,Crédito,2023-01-04 00:00:00,2023-05-20 02:21:10,2028-02-05,33000.0
57946082,Platinum,Crédito,2023-01-05 00:00:00,2023-09-10 19:30:21,2028-02-05,25000.0
42517880,Standard,Crédito,2023-02-15 00:00:20,2023-04-09 23:40:34,2028-02-05,11000.0
55790122,Black,Crédito,2023-06-23 00:00:20,2024-12-22 18:09:32,2026-08-04,36000.0
15885123,Maestro/Debit,Débito,2023-08-14 00:00:20,2025-10-25 04:39:09,2028-02-05,0.0
85312526,Black,Crédito,2023-03-04 00:00:20,2025-06-03 04:11:37,2025-11-14,24000.0
47467194,Standard,Crédito,2023-01-05 00:00:20,2023-10-01 01:34:49,2026-08-22,16000.0
92811100,Maestro/Debit,Débito,2023-12-24 00:00:20,2025-06-17 21:59:47,2028-02-05,0.0
40664228,Black,Crédito,2025-01-02 00:00:20,2025-01-02 00:00:20,2026-09-30,45000.0
33230214,Platinum,Crédito,2024-11-04 00:00:20,2025-08-14 15:20:28,2026-10-18,37000.0
16991307,Black,Crédito,2023-01-01 00:00:20,2023-01-23 13:59:04,2026-02-22,30000.0
30646741,Standard,Crédito,2023-12-18 00:00:20,2024-12-02 22:28:59,2028-02-06,14000.0
65685562,Gold,Crédito,2023-01-03 00:00:20,2023-05-20 21:04:03,2027-10-13,15000.0
71066450,Gold,Crédito,2023-01-19 00:00:20,2023-02-06 09:05:00,2028-01-31,19000.0
37918019,Black,Crédito,2023-11-17 00:00:20,2024-09-19 08:54:54,2028-02-06,28000.0
25875922,Platinum,Crédito,2023-01-13 00:00:00,2023-11-29 02:08:29,2028-02-06,27000.0
30035886,Black,Crédito,2023-02-09 00:00:20,2023-03-26 14:19:44,2027-12-19,24000.0
85588454,Platinum,Crédito,2023-01-02 00:00:00,2023-05-18 07:21:00,2028-02-07,15000.0
19269532,Gold,Crédito,2023-01-08 00:00:00,2023-05-16 17:32:58,2028-02-07,9000.0
64423059,Maestro/Debit,Débito,2023-01-06 00:00:20,2023-04-25 12:27:26,2026-01-17,0.0
22308217,Gold,Crédito,2023-08-16 00:00:20,2024-03-23 01:02:22,2026-05-26,20000.0
34918209,Platinum,Crédito,2023-10-27 00:00:20,2024-05-22 12:04:44,2026-10-23,22000.0
35589035,Maestro/Debit,Débito,2023-02-19 00:00:20,2025-01-29 09:53:39,2026-05-20,0.0
75495970,Standard,Crédito,2023-03-07 00:00:20,2024-11-29 23:27:33,2027-08-24,7000.0
28651244,Maestro/Debit,Débito,2023-11-17 00:00:20,2024-07-29 19:43:56,2028-02-07,0.0
81579074,Gold,Crédito,2023-03-04 00:00:20,2024-10-15 07:13:42,2028-02-07,11000.0
70270919,Platinum,Crédito,2023-12-10 00:00:20,2024-03-11 04:20:20,2027-05-29,22000.0
11590084,Black,Crédito,2023-05-27 00:00:20,2025-03-15 08:02:29,2027-12-05,24000.0
68542627,Standard,Crédito,2023-01-01 00:00:20,2023-01-23 21:55:46,2027-05-04,7000.0
99444480,Black,Crédito,2023-04-02 00:00:20,2024-11-27 05:16:13,2027-05-29,36000.0
15075999,Platinum,Crédito,2023-01-02 00:00:20,2025-03-13 06:06:53,2025-12-03,21000.0
67581403,Gold,Crédito,2023-01-17 00:00:00,2023-07-19 14:23:49,2028-02-08,18000.0
46020492,Gold,Crédito,2023-01-01 00:00:00,2023-05-11 07:52:29,2028-02-08,18000.0
93670571,Gold,Crédito,2023-02-19 00:00:00,2023-12-06 13:47:40,2028-02-08,18000.0
96878822,Black,Crédito,2023-01-19 00:00:00,2023-05-09 16:39:05,2028-02-08,39000.0
16345237,Platinum,Crédito,2023-01-20 00:00:20,2023-03-17 12:48:15,2025-06-17,26000.0
43363756,Gold,Crédito,2024-01-24 00:00:20,2024-08-20 06:05:50,2027-11-01,23000.0
21323209,Maestro/Debit,Débito,2023-10-22 00:00:20,2025-02-23 11:18:23,2028-02-08,0.0
43495454,Standard,Crédito,2023-02-19 00:00:00,2023-11-06 13:47:40,2028-02-09,7000.0
10958620,Maestro/Debit,Débito,2023-01-06 00:00:20,2023-01-11 12:13:37,2025-05-20,0.0
14113162,Standard,Crédito,2024-07-18 00:00:20,2024-10-14 00:33:17,2028-02-09,9000.0
43060471,Platinum,Crédito,2023-01-05 00:00:20,2023-02-24 04:45:58,2026-07-26,22000.0
95736057,Black,Crédito,2023-01-22 00:00:00,2023-08-30 08:31:33,2028-02-09,33000.0
65192128,Gold,Crédito,2023-01-04 00:00:00,2023-02-24 13:42:14,2028-02-10,18000.0
55959216,Gold,Crédito,2024-04-27 00:00:20,2024-06-18 06:21:53,2026-11-04,18000.0
33546948,Gold,Crédito,2023-01-02 00:00:20,2023-10-25 07:34:46,2026-11-04,21000.0
54734390,Platinum,Crédito,2023-07-08 00:00:20,2024-12-30 08:19:07,2026-06-19,37000.0
22142925,Gold,Crédito,2023-01-16 00:00:20,2023-02-27 11:48:30,2026-05-31,11000.0
74699854,Platinum,Crédito,2023-01-01 00:00:00,2023-06-30 06:19:12,2028-02-11,17000.0
85618951,Gold,Crédito,2024-11-08 00:00:20,2024-11-08 00:00:20,2025-04-27,20000.0
38332948,Black,Crédito,2023-01-13 00:00:00,2023-02-27 10:03:14,2028-02-12,38000.0
86476850,Maestro/Debit,Débito,2023-01-05 00:00:00,2023-10-23 16:21:57,2028-02-12,0.0
82301152,Black,Crédito,2023-02-05 00:00:00,2023-03-22 09:08:58,2028-02-12,24000.0
72398234,Black,Crédito,2023-09-30 00:00:20,2024-09-02 19:43:53,2027-08-05,43000.0
64609414,Platinum,Crédito,2023-10-28 00:00:20,2023-10-28 00:00:20,2027-10-09,24000.0
46717791,Gold,Crédito,2023-01-05 00:00:20,2023-08-14 15:40:45,2027-03-26,9000.0
53126199,Platinum,Crédito,2023-01-07 00:00:20,2023-01-24 12:32:35,2027-10-01,23000.0
29962565,Platinum,Crédito,2023-02-11 00:00:00,2023-10-01 23:17:39,2028-02-13,22000.0
97457947,Gold,Crédito,2023-02-09 00:00:00,2023-12-07 23:53:28,2028-02-13,18000.0
92235872,Platinum,Crédito,2023-10-11 06:21:57,2023-10-12 06:21:57,2028-02-13,12000.0
82165546,Maestro/Debit,Débito,2023-02-11 00:00:00,2024-01-26 23:17:39,2028-02-13,0.0
86859862,Maestro/Debit,Débito,2023-03-08 00:00:00,2023-08-23 15:23:02,2028-02-13,0.0
22518373,Platinum,Crédito,2023-03-28 00:00:00,2023-06-05 00:41:14,2028-02-13,24000.0
30663502,Platinum,Crédito,2023-02-09 00:00:00,2023-07-06 09:42:09,2028-02-13,32000.0
24157252,Standard,Crédito,2023-01-01 00:00:00,2023-05-12 02:48:18,2028-02-13,15000.0
74520807,Black,Crédito,2023-02-03 00:00:00,2023-07-14 13:25:46,2028-02-13,16000.0
54626654,Platinum,Crédito,2023-03-18 00:00:00,2024-01-13 05:09:48,2028-02-13,21000.0
56867451,Platinum,Crédito,2023-01-02 00:00:20,2023-03-09 00:45:20,2027-12-04,12000.0
74203670,Maestro/Debit,Débito,2023-01-22 00:00:00,2024-01-21 08:31:33,2028-02-13,0.0
99576938,Black,Crédito,2023-01-03 00:00:20,2023-03-22 15:56:23,2025-10-26,24000.0
99998143,Gold,Crédito,2023-01-15 00:00:00,2023-07-14 07:16:07,2028-02-14,19000.0
31908948,Gold,Crédito,2023-01-06 00:00:20,2023-05-02 01:27:08,2026-11-03,20000.0
66082573,Platinum,Crédito,2023-09-03 00:00:20,2024-05-03 11:20:08,2027-04-06,30000.0
14203235,Black,Crédito,2023-01-23 00:00:00,2023-04-12 15:38:29,2028-02-14,22000.0
48747757,Maestro/Debit,Débito,2023-01-17 00:00:00,2023-05-11 12:14:35,2028-02-14,0.0
93741945,Gold,Crédito,2023-01-06 00:00:20,2023-02-10 21:57:14,2026-02-23,17000.0
34727995,Platinum,Crédito,2024-02-06 00:00:20,2024-05-17 02:37:02,2028-02-15,31000.0
19463912,Black,Crédito,2023-01-08 00:00:20,2023-01-17 22:07:53,2027-08-19,43000.0
96913498,Platinum,Crédito,2024-04-27 00:00:20,2024-05-19 22:00:52,2025-06-05,24000.0
59303060,Platinum,Crédito,2023-01-19 00:00:20,2025-07-05 21:31:38,2027-03-20,16000.0
43422382,Black,Crédito,2023-02-05 00:00:00,2023-06-25 13:32:50,2028-02-15,28000.0
35207898,Black,Crédito,2023-01-09 00:00:20,2023-12-24 20:58:25,2026-11-03,28000.0
86027171,Gold,Crédito,2023-01-08 00:00:20,2023-02-15 19:40:00,2028-01-07,14000.0
58033946,Platinum,Crédito,2023-02-21 00:00:00,2023-09-30 12:51:37,2028-02-15,16000.0
36581731,Black,Crédito,2024-09-25 00:00:20,2024-09-25 00:00:20,2028-02-16,26000.0
28338443,Platinum,Crédito,2024-12-21 00:00:20,2025-04-12 17:27:06,2028-02-16,19000.0
31919898,Gold,Crédito,2023-02-05 00:00:00,2023-08-23 09:41:42,2028-02-16,9000.0
81886260,Black,Crédito,2023-01-01 00:00:20,2023-02-13 22:00:14,2025-09-23,15000.0
56227749,Gold,Crédito,2023-01-02 00:00:00,2023-02-16 16:14:00,2028-01-25,11000.0
41067657,Black,Crédito,2024-11-22 00:00:20,2024-12-27 20:34:09,2027-01-26,30000.0
56542981,Black,Crédito,2023-11-15 23:54:53,2023-11-16 23:54:53,2028-02-16,33000.0
65403011,Black,Crédito,2023-02-03 00:00:00,2023-10-18 17:30:03,2028-02-17,38000.0
87986705,Maestro/Debit,Débito,2023-02-09 00:00:00,2023-10-31 23:53:28,2028-02-17,0.0
20626750,Black,Crédito,2023-03-28 00:00:00,2023-11-20 00:41:14,2028-02-17,17000.0
10905506,Black,Crédito,2023-01-03 00:00:20,2023-03-19 02:01:25,2026-02-03,22000.0
49780251,Platinum,Crédito,2023-01-15 00:00:00,2023-05-09 07:16:07,2028-02-17,13000.0
19310237,Maestro/Debit,Débito,2023-01-23 00:00:00,2024-01-19 17:35:35,2028-02-17,0.0
84667707,Platinum,Crédito,2023-01-17 00:00:00,2023-04-24 12:14:35,2028-02-17,27000.0
41147257,Platinum,Crédito,2023-03-11 00:00:00,2023-03-19 02:33:25,2028-02-18,21000.0
59225230,Black,Crédito,2023-02-03 00:00:00,2023-06-03 13:25:46,2028-02-18,29000.0
29117682,Platinum,Crédito,2023-01-15 00:00:00,2023-05-14 07:16:07,2028-02-18,18000.0
33182267,Gold,Crédito,2024-09-25 00:00:20,2024-09-25 00:10:52,2028-02-18,16000.0
75586159,Gold,Crédito,2023-01-23 00:00:00,2023-03-01 15:38:29,2028-02-18,16000.0
53905155,Platinum,Crédito,2023-01-27 00:00:00,2023-12-24 16:35:20,2028-02-18,21000.0
63262800,Platinum,Crédito,2023-01-13 00:00:00,2023-10-31 02:08:29,2028-02-18,21000.0
47634798,Black,Crédito,2023-01-03 00:00:20,2023-05-12 04:23:28,2026-05-04,42000.0
57173799,Platinum,Crédito,2023-09-01 00:00:20,2024-11-20 17:29:53,2028-02-18,23000.0
47576810,Black,Crédito,2023-01-01 00:00:20,2023-09-16 08:14:25,2026-10-24,31000.0
77985301,Standard,Crédito,2025-01-07 00:00:20,2025-01-07 01:49:26,2028-02-20,16000.0
56779484,Maestro/Debit,Débito,2024-02-13 00:00:20,2024-08-10 00:00:43,2026-08-08,0.0
57892895,Maestro/Debit,Débito,2023-01-13 00:00:00,2023-05-21 02:08:29,2028-02-20,0.0
39336324,Maestro/Debit,Débito,2023-05-28 00:00:20,2025-02-23 22:20:25,2026-10-17,0.0
43756856,Gold,Crédito,2023-01-15 00:00:00,2023-08-14 09:55:22,2028-02-21,18000.0
99806884,Standard,Crédito,2023-01-01 00:00:00,2023-07-16 03:25:06,2028-02-21,15000.0
96952468,Platinum,Crédito,2023-01-13 00:00:00,2023-08-18 04:31:29,2028-02-21,16000.0
44044530,Gold,Crédito,2023-02-19 00:00:00,2023-09-19 13:47:40,2028-02-21,19000.0
81471594,Platinum,Crédito,2023-01-02 00:00:00,2023-10-19 07:21:00,2028-02-21,20000.0
32149224,Platinum,Crédito,2023-01-07 00:00:20,2023-01-16 23:04:47,2026-09-14,19000.0
11917195,Standard,Crédito,2023-02-10 00:00:20,2024-09-02 04:27:55,2027-11-29,14000.0
57812555,Black,Crédito,2024-07-02 00:00:20,2024-08-14 04:58:42,2026-08-26,26000.0
58999516,Platinum,Crédito,2023-09-01 00:00:20,2025-06-01 13:48:30,2028-02-22,17000.0
33764310,Maestro/Debit,Débito,2023-03-02 00:00:00,2024-01-25 23:00:24,2028-02-23,0.0
51376082,Black,Crédito,2023-01-08 00:00:20,2024-10-05 03:59:40,2026-02-03,35000.0
84804395,Platinum,Crédito,2023-01-05 00:00:00,2023-07-28 07:38:18,2028-02-23,22000.0
16460686,Maestro/Debit,Débito,2023-04-17 00:00:20,2023-04-17 00:00:20,2026-05-06,0.0
92537117,Platinum,Crédito,2023-01-09 00:00:20,2023-01-09 22:14:13,2025-12-21,30000.0
89620032,Platinum,Crédito,2023-01-06 00:00:20,2023-07-13 00:36:07,2026-02-20,14000.0
54370421,Black,Crédito,2023-01-07 00:00:00,2023-06-30 16:30:47,2028-02-23,44000.0
47963881,Platinum,Crédito,2023-12-18 00:00:20,2024-10-07 17:08:18,2026-09-27,26000.0
77844706,Maestro/Debit,Débito,2023-01-01 00:00:20,2023-02-23 22:47:00,2028-01-10,0.0
67874810,Gold,Crédito,2023-02-13 00:00:00,2023-12-06 03:56:29,2028-02-24,15000.0
82790475,Gold,Crédito,2023-01-03 00:00:20,2023-04-09 00:53:05,2027-04-14,24000.0
75972426,Black,Crédito,2023-01-04 00:00:20,2023-02-09 05:30:45,2025-08-26,27000.0
99956774,Black,Crédito,2023-12-27 00:00:20,2025-02-01 08:10:47,2028-02-24,22000.0
40656502,Maestro/Debit,Débito,2023-01-20 00:00:20,2023-05-12 04:56:13,2025-05-04,0.0
17575616,Platinum,Crédito,2023-11-12 00:00:20,2025-02-18 03:50:46,2027-05-28,29000.0
70973533,Gold,Crédito,2023-01-05 00:00:00,2023-09-13 16:21:57,2028-02-25,19000.0
25277079,Black,Crédito,2023-03-15 00:00:20,2024-04-16 09:12:55,2027-09-14,38000.0
67245939,Gold,Crédito,2023-03-02 00:00:00,2023-12-14 23:00:24,2028-02-25,20000.0
61009297,Maestro/Debit,Débito,2024-12-16 00:00:20,2025-04-01 23:29:13,2027-05-17,0.0
12303038,Platinum,Crédito,2024-09-01 00:00:20,2024-11-04 13:39:38,2027-06-02,12000.0
33081756,Black,Crédito,2023-02-06 00:00:00,2023-08-08 23:34:09,2028-02-26,25000.0
44091151,Platinum,Crédito,2023-04-29 00:00:00,2024-02-17 20:51:13,2028-02-26,15000.0
46656977,Standard,Crédito,2023-09-06 00:00:00,2023-11-16 19:03:59,2028-02-26,21000.0
40881445,Platinum,Crédito,2023-01-12 00:00:00,2023-09-27 11:18:06,2028-02-26,31000.0
76404468,Maestro/Debit,Débito,2023-01-02 00:00:20,2023-02-15 11:00:47,2026-09-30,0.0
14825867,Gold,Crédito,2023-01-02 00:00:20,2023-10-21 21:33:12,2027-10-21,7000.0
69599674,Maestro/Debit,Débito,2023-02-09 00:00:00,2023-11-01 23:53:28,2028-02-28,0.0
57003752,Platinum,Crédito,2023-02-24 00:00:00,2023-04-27 11:19:43,2028-02-28,18000.0
56764177,Black,Crédito,2023-01-01 00:00:20,2023-02-28 18:16:00,2028-01-13,35000.0
18168470,Black,Crédito,2023-04-29 00:00:00,2023-07-08 20:51:13,2028-03-01,30000.0
98171245,Platinum,Crédito,2023-01-01 00:00:20,2023-07-13 23:03:06,2025-07-03,12000.0
28777534,Maestro/Debit,Débito,2024-09-25 00:00:20,2024-09-25 00:00:20,2028-03-01,0.0
42537483,Standard,Crédito,2023-01-15 00:00:00,2023-09-11 07:16:07,2028-03-01,11000.0
85794097,Gold,Crédito,2023-01-13 00:00:00,2023-09-14 04:31:29,2028-03-01,23000.0
39507951,Platinum,Crédito,2023-02-18 00:00:00,2023-09-23 22:00:26,2028-03-02,21000.0
58763644,Black,Crédito,2023-06-03 00:00:20,2025-05-30 06:42:32,2028-01-01,26000.0
43433752,Standard,Crédito,2023-02-13 00:00:00,2023-04-08 03:56:29,2028-03-02,9000.0
45689787,Platinum,Crédito,2023-01-19 00:00:20,2023-02-12 09:16:10,2026-08-04,18000.0
99780885,Platinum,Crédito,2023-01-23 00:00:00,2023-08-22 15:38:29,2028-03-02,15000.0
95353658,Gold,Crédito,2023-01-23 00:00:00,2023-03-31 15:38:29,2028-03-02,6000.0
77980773,Black,Crédito,2023-03-28 00:00:00,2023-07-23 00:41:14,2028-03-02,31000.0
78526109,Platinum,Crédito,2023-01-05 00:00:00,2023-12-24 07:38:18,2028-03-02,11000.0
61267326,Platinum,Crédito,2023-01-22 00:00:00,2023-08-31 08:31:33,2028-03-03,26000.0
54208580,Black,Crédito,2023-01-23 00:00:00,2023-07-28 02:55:51,2028-03-04,25000.0
41485232,Maestro/Debit,Débito,2023-02-09 00:00:00,2023-10-15 23:53:28,2028-03-04,0.0
70869813,Platinum,Crédito,2023-01-02 00:00:20,2025-06-07 21:49:31,2027-09-13,14000.0
91898139,Black,Crédito,2023-01-12 00:00:20,2023-03-14 03:19:49,2027-03-03,44000.0
72790426,Platinum,Crédito,2023-01-05 00:00:20,2023-02-13 09:23:59,2027-05-05,26000.0
84236696,Standard,Crédito,2023-03-27 00:00:00,2024-01-18 01:55:20,2028-03-05,10000.0
91684693,Platinum,Crédito,2023-01-01 00:00:20,2023-10-21 19:23:01,2026-02-26,32000.0
51629086,Gold,Crédito,2023-02-25 00:00:00,2023-03-06 05:32:00,2028-03-06,9000.0
33962546,Black,Crédito,2023-03-27 00:00:00,2023-09-30 01:55:20,2028-03-06,38000.0
62656453,Black,Crédito,2025-01-07 00:00:20,2025-01-10 17:17:48,2028-03-06,43000.0
61475564,Platinum,Crédito,2023-02-25 00:00:00,2023-05-10 06:02:49,2028-03-06,24000.0
43090560,Gold,Crédito,2023-02-07 00:00:20,2023-03-06 14:15:00,2028-02-15,21000.0
43578169,Maestro/Debit,Débito,2023-01-05 00:00:00,2023-06-17 07:38:18,2028-03-06,0.0
51740850,Black,Crédito,2025-01-07 00:00:20,2025-04-17 22:21:08,2028-03-06,17000.0
36421772,Gold,Crédito,2023-02-07 00:00:00,2023-12-01 23:08:22,2028-03-07,20000.0
26777480,Maestro/Debit,Débito,2023-01-03 00:00:20,2023-02-11 08:53:40,2027-03-30,0.0
99816213,Platinum,Crédito,2023-03-17 00:00:20,2024-04-25 07:21:33,2026-04-24,30000.0
75881105,Maestro/Debit,Débito,2023-02-13 00:00:00,2023-04-01 03:56:29,2028-03-07,0.0
18636452,Black,Crédito,2023-01-01 00:00:00,2024-01-07 21:21:11,2028-03-07,33000.0
90344663,Maestro/Debit,Débito,2025-02-04 00:00:20,2025-03-25 16:09:28,2028-03-08,0.0
60289006,Standard,Crédito,2023-02-14 00:00:00,2023-08-05 22:15:41,2028-03-08,13000.0
44711510,Maestro/Debit,Débito,2023-02-07 00:00:00,2023-03-08 17:37:00,2028-03-08,0.0
13716020,Gold,Crédito,2023-11-17 00:00:20,2023-11-17 00:00:20,2028-03-08,10000.0
92735550,Platinum,Crédito,2023-01-22 00:00:00,2023-05-21 08:31:33,2028-03-08,10000.0
25050174,Maestro/Debit,Débito,2023-02-24 00:00:00,2023-03-21 11:19:43,2028-03-08,0.0
15340538,Platinum,Crédito,2023-03-06 00:00:20,2023-03-06 00:00:20,2025-06-12,25000.0
19535402,Black,Crédito,2023-01-08 00:00:00,2023-03-11 13:36:05,2028-03-09,30000.0
39226549,Standard,Crédito,2023-05-29 00:00:20,2024-11-23 19:58:09,2028-03-09,10000.0
76596937,Standard,Crédito,2023-02-16 00:00:00,2023-05-16 23:11:38,2028-03-09,10000.0
18330115,Maestro/Debit,Débito,2023-03-04 00:00:00,2023-07-27 16:25:35,2028-03-10,0.0
62634343,Platinum,Crédito,2023-01-01 00:00:20,2023-03-03 12:25:22,2026-02-12,28000.0
79313028,Standard,Crédito,2025-02-04 00:00:20,2025-04-11 11:24:50,2028-03-10,7000.0
68990701,Standard,Crédito,2023-02-14 00:00:00,2023-11-05 22:15:41,2028-03-10,14000.0
77482588,Black,Crédito,2023-02-08 00:00:00,2023-04-22 14:32:26,2028-03-11,15000.0
39032088,Platinum,Crédito,2023-01-03 00:00:20,2023-04-03 06:20:19,2025-12-27,15000.0
82909647,Black,Crédito,2023-11-21 00:00:20,2024-12-30 22:57:17,2027-01-29,17000.0
66627793,Platinum,Crédito,2023-02-08 00:00:00,2023-10-01 14:32:26,2028-03-11,15000.0
49792478,Maestro/Debit,Débito,2023-04-07 00:00:20,2023-04-07 20:01:47,2028-03-12,0.0
70450171,Gold,Crédito,2023-11-04 04:07:08,2023-11-05 04:07:08,2028-03-12,9000.0
73512672,Standard,Crédito,2023-01-06 00:00:20,2023-04-02 03:16:54,2025-05-24,9000.0
91854366,Maestro/Debit,Débito,2023-02-24 00:00:00,2023-06-13 11:19:43,2028-03-12,0.0
41984315,Platinum,Crédito,2023-01-27 00:00:00,2023-12-21 16:35:20,2028-03-13,30000.0
91811308,Gold,Crédito,2023-05-03 00:00:00,2024-01-09 06:01:16,2028-03-13,21000.0
34208029,Platinum,Crédito,2023-12-08 04:07:08,2023-12-09 04:07:08,2028-03-14,14000.0
80750371,Maestro/Debit,Débito,2023-03-04 00:00:00,2023-06-09 16:25:35,2028-03-14,0.0
91104315,Black,Crédito,2023-03-27 00:00:00,2023-12-16 01:55:20,2028-03-14,38000.0
82630605,Maestro/Debit,Débito,2023-03-18 00:00:00,2023-08-21 05:09:48,2028-03-14,0.0
34583588,Platinum,Crédito,2023-12-20 00:00:20,2024-09-01 17:23:01,2028-03-15,26000.0
46080001,Platinum,Crédito,2023-02-08 00:00:00,2023-12-21 14:32:26,2028-03-16,28000.0
15221874,Gold,Crédito,2023-02-24 00:00:00,2023-07-23 11:19:43,2028-03-16,22000.0
24001222,Platinum,Crédito,2023-01-05 00:00:00,2023-04-21 07:38:18,2028-03-16,18000.0
10936084,Gold,Crédito,2023-01-07 00:00:20,2025-01-17 22:00:23,2027-07-15,22000.0
41202148,Platinum,Crédito,2023-02-15 00:00:00,2023-05-04 05:38:11,2028-03-17,11000.0
26701644,Standard,Crédito,2023-01-01 00:00:00,2023-09-25 21:21:11,2028-03-17,19000.0
15492095,Platinum,Crédito,2024-12-26 00:00:20,2024-12-26 22:47:15,2028-03-17,19000.0
32568731,Black,Crédito,2023-01-01 00:00:20,2023-05-16 19:53:21,2027-04-21,36000.0
10609777,Platinum,Crédito,2023-01-02 00:00:20,2023-03-10 01:47:57,2026-01-08,22000.0
67970017,Platinum,Crédito,2023-06-18 00:00:20,2023-06-18 21:42:34,2028-03-19,27000.0
90380407,Black,Crédito,2023-04-28 00:00:00,2023-10-16 17:15:10,2028-03-19,40000.0
54505872,Platinum,Crédito,2023-01-02 00:00:20,2023-01-06 18:12:42,2027-11-26,15000.0
62556045,Platinum,Crédito,2023-01-03 00:00:20,2023-02-22 06:04:54,2027-04-18,23000.0
30867628,Black,Crédito,2023-12-31 04:07:08,2023-12-31 04:07:08,2028-03-20,26000.0
16052266,Gold,Crédito,2023-02-08 00:00:00,2024-02-09 14:32:26,2028-03-20,19000.0
81974272,Maestro/Debit,Débito,2023-05-27 00:00:20,2025-07-20 01:37:17,2028-03-20,0.0
64973061,Black,Crédito,2023-05-04 00:00:00,2023-10-09 10:08:07,2028-03-21,19000.0
53237914,Gold,Crédito,2024-03-21 00:00:20,2024-03-21 00:00:20,2028-03-21,16000.0
22249665,Gold,Crédito,2023-02-07 00:00:00,2023-11-28 16:38:51,2028-03-21,10000.0
37473654,Platinum,Crédito,2023-03-23 00:00:00,2023-08-02 16:51:24,2028-03-21,19000.0
42901925,Gold,Crédito,2023-07-25 00:00:20,2023-07-25 00:00:20,2025-07-30,17000.0
83744873,Platinum,Crédito,2023-08-03 00:00:20,2023-08-03 21:18:30,2028-03-22,23000.0
40245996,Gold,Crédito,2023-04-22 00:00:00,2023-05-24 22:35:09,2028-03-22,13000.0
25631279,Black,Crédito,2023-02-15 00:00:00,2023-03-23 16:38:00,2028-03-23,34000.0
72647752,Platinum,Crédito,2023-01-11 00:00:00,2023-08-01 13:07:46,2028-03-23,17000.0
45934828,Platinum,Crédito,2023-02-26 00:00:00,2024-02-18 11:37:34,2028-03-23,23000.0
80457970,Black,Crédito,2023-12-27 00:00:20,2025-06-19 15:28:45,2028-02-17,22000.0
95222470,Platinum,Crédito,2023-01-16 00:00:00,2023-12-24 06:59:47,2028-03-24,15000.0
80424383,Maestro/Debit,Débito,2023-04-28 00:00:00,2024-03-11 17:15:10,2028-03-24,0.0
25411001,Platinum,Crédito,2023-03-13 00:00:00,2023-11-20 12:12:04,2028-03-24,12000.0
93487957,Gold,Crédito,2023-08-18 00:00:20,2025-01-10 13:44:28,2028-03-25,23000.0
80654695,Maestro/Debit,Débito,2023-08-05 04:55:56,2023-08-06 04:55:56,2028-03-25,0.0
21070376,Standard,Crédito,2023-01-12 00:00:00,2023-08-16 10:35:23,2028-03-25,18000.0
82844107,Gold,Crédito,2023-06-18 23:41:56,2023-06-19 23:41:56,2028-03-25,14000.0
26157125,Standard,Crédito,2023-01-03 00:00:20,2023-06-11 04:22:54,2025-09-17,8000.0
57395458,Maestro/Debit,Débito,2023-02-05 00:00:00,2023-06-29 13:32:50,2028-03-26,0.0
15375569,Platinum,Crédito,2023-10-02 11:21:44,2023-10-03 11:21:44,2028-03-27,29000.0
16722746,Platinum,Crédito,2023-01-02 00:00:20,2023-02-17 18:10:39,2027-07-16,31000.0
79629579,Platinum,Crédito,2023-02-05 00:00:00,2023-06-18 06:51:48,2028-03-27,22000.0
63964475,Maestro/Debit,Débito,2023-04-28 00:00:20,2025-02-10 21:08:02,2028-03-27,0.0
27589105,Gold,Crédito,2023-04-22 00:00:00,2023-10-29 22:35:09,2028-03-27,10000.0
90698225,Black,Crédito,2023-02-22 00:00:00,2023-11-17 05:28:01,2028-03-28,22000.0
88982897,Maestro/Debit,Débito,2025-01-07 00:00:20,2025-08-02 22:35:27,2028-03-08,0.0
42873794,Platinum,Crédito,2023-09-17 00:00:00,2024-01-08 12:09:57,2028-03-28,24000.0
65207955,Black,Crédito,2023-07-11 00:00:20,2023-07-11 02:23:16,2028-03-28,16000.0
54881957,Gold,Crédito,2023-08-21 10:07:46,2023-08-22 10:07:46,2028-03-28,9000.0
13988885,Platinum,Crédito,2023-04-08 00:00:00,2023-07-05 22:56:25,2028-03-29,17000.0
80059057,Maestro/Debit,Débito,2024-03-11 04:55:56,2024-03-12 04:55:56,2028-03-29,0.0
33400853,Platinum,Crédito,2023-04-08 00:00:00,2023-08-16 22:56:25,2028-03-29,22000.0
75027149,Maestro/Debit,Débito,2023-02-02 00:00:00,2023-03-30 01:37:00,2028-03-03,0.0
71322052,Gold,Crédito,2023-05-02 00:00:00,2023-07-17 07:27:13,2028-03-30,17000.0
59627029,Black,Crédito,2024-01-31 07:26:06,2024-02-01 07:26:06,2028-03-30,45000.0
30756366,Maestro/Debit,Débito,2023-10-15 00:00:20,2023-10-21 13:40:08,2028-03-31,0.0
93264713,Gold,Crédito,2023-01-01 00:00:00,2024-01-30 03:25:06,2028-03-31,15000.0
40698444,Platinum,Crédito,2023-03-04 00:00:00,2023-05-25 16:25:35,2028-03-31,16000.0
54208479,Platinum,Crédito,2024-09-05 00:00:20,2025-03-08 18:18:51,2025-06-18,23000.0
30374290,Maestro/Debit,Débito,2023-08-24 00:00:00,2024-02-11 04:02:37,2028-04-01,0.0
77259117,Black,Crédito,2023-11-22 23:43:22,2023-11-23 23:43:22,2028-04-01,31000.0
40274551,Black,Crédito,2023-08-01 00:00:20,2023-08-24 07:34:17,2028-04-02,33000.0
19584957,Black,Crédito,2023-02-07 00:00:00,2024-02-13 17:21:19,2028-04-02,34000.0
10597389,Black,Crédito,2023-10-03 23:43:22,2023-10-03 23:43:22,2028-04-03,43000.0
53179220,Standard,Crédito,2023-04-29 00:00:00,2024-03-24 03:16:48,2028-04-03,8000.0
48497611,Platinum,Crédito,2023-02-03 00:00:00,2023-11-02 20:17:28,2028-04-03,15000.0
83138560,Black,Crédito,2023-09-24 00:00:00,2023-11-16 07:23:39,2028-04-04,24000.0
46601395,Black,Crédito,2023-06-22 04:55:56,2023-06-23 04:55:56,2028-04-04,21000.0
28913797,Black,Crédito,2023-03-30 20:51:13,2023-04-04 17:45:00,2028-04-04,26000.0
73390384,Maestro/Debit,Débito,2023-06-12 00:00:00,2023-11-28 13:31:06,2028-04-04,0.0
12089266,Platinum,Crédito,2023-08-26 00:00:20,2023-08-26 21:15:50,2028-04-05,15000.0
78668804,Maestro/Debit,Débito,2023-01-21 00:00:00,2023-09-12 04:01:07,2028-04-05,0.0
36271750,Platinum,Crédito,2023-02-25 00:00:00,2023-04-05 17:30:00,2028-04-04,26000.0
37723120,Black,Crédito,2023-02-21 00:00:00,2023-06-18 14:54:51,2028-04-05,27000.0
52516573,Maestro/Debit,Débito,2023-10-23 16:30:37,2023-10-24 16:30:37,2028-04-06,0.0
14168276,Platinum,Crédito,2023-02-05 00:00:00,2024-01-19 06:51:48,2028-04-07,17000.0
89152777,Standard,Crédito,2023-09-18 01:35:41,2023-09-19 01:35:41,2028-04-07,14000.0
17940099,Maestro/Debit,Débito,2024-01-21 01:35:41,2024-01-21 01:35:41,2028-04-07,0.0
61533573,Black,Crédito,2025-04-14 00:00:20,2025-04-14 21:56:05,2028-04-07,30000.0
54330464,Black,Crédito,2025-05-01 00:00:20,2025-10-11 13:45:43,2028-04-08,43000.0
15373047,Standard,Crédito,2025-02-04 00:00:20,2025-02-04 11:21:10,2028-04-08,8000.0
53702230,Platinum,Crédito,2023-06-03 00:00:20,2024-10-15 11:35:11,2028-04-06,34000.0
92063953,Black,Crédito,2023-04-04 00:54:44,2023-04-09 14:04:00,2028-04-09,30000.0
35550396,Black,Crédito,2023-08-20 00:00:00,2023-10-04 11:16:52,2028-04-10,16000.0
41490605,Black,Crédito,2023-01-12 00:00:00,2024-03-01 10:35:23,2028-04-10,48000.0
15744771,Standard,Crédito,2023-08-04 23:41:56,2023-08-04 23:41:56,2028-04-10,10000.0
64775237,Black,Crédito,2023-11-02 00:00:00,2024-02-10 16:30:37,2028-04-10,24000.0
33626459,Platinum,Crédito,2023-02-05 00:00:00,2023-04-11 00:58:00,2028-04-11,16000.0
99339064,Gold,Crédito,2023-10-15 00:00:00,2024-03-13 05:13:06,2028-04-11,14000.0
40705769,Platinum,Crédito,2023-08-31 07:26:06,2023-09-01 07:26:06,2028-04-11,20000.0
44395835,Black,Crédito,2023-08-26 00:00:00,2024-01-06 19:19:37,2028-04-11,32000.0
46495310,Standard,Crédito,2023-08-19 00:00:00,2024-01-02 11:57:06,2028-04-12,19000.0
33287437,Black,Crédito,2024-04-04 12:05:55,2024-04-05 12:05:55,2028-04-12,43000.0
68972136,Standard,Crédito,2025-04-14 00:00:20,2025-05-22 21:12:12,2028-04-13,11000.0
94185679,Maestro/Debit,Débito,2023-05-04 00:00:20,2023-12-12 05:16:43,2028-04-10,0.0
61393690,Platinum,Crédito,2023-05-28 00:00:20,2025-03-12 19:43:23,2028-04-14,19000.0
93119385,Gold,Crédito,2023-10-15 00:00:20,2025-01-20 18:57:08,2028-04-14,17000.0
310450,Black,Crédito,2024-06-12 00:00:00,1900-01-01 00:00:00,,700.0
822591,Standard,Crédito,2024-07-29 00:00:00,1900-01-01 00:00:00,,1000.0
920769,Gold,Crédito,2024-12-24 00:00:00,1900-01-01 00:00:00,,700.0
271837,Standard,Crédito,2024-09-02 00:00:00,1900-01-01 00:00:00,,1000.0
722160,Standard,Crédito,2024-01-25 00:00:00,1900-01-01 00:00:00,,700.0
410144,Black,Crédito,2024-02-18 00:00:00,1900-01-01 00:00:00,,800.0
863965,Gold,Crédito,2024-06-02 00:00:00,1900-01-01 00:00:00,,700.0
426382,Standard,Crédito,2024-09-01 00:00:00,1900-01-01 00:00:00,,500.0
876805,Standard,Crédito,2024-09-03 00:00:00,1900-01-01 00:00:00,,1000.0
525158,Gold,Crédito,2024-08-18 00:00:00,1900-01-01 00:00:00,,1000.0
625336,Gold,Crédito,2024-06-25 00:00:00,1900-01-01 00:00:00,,700.0
444074,Black,Crédito,2024-04-17 00:00:00,1900-01-01 00:00:00,,800.0
425421,Black,Crédito,2024-04-20 00:00:00,1900-01-01 00:00:00,,700.0
727481,Platinum,Crédito,2024-11-11 00:00:00,1900-01-01 00:00:00,,2000.0
933832,Platinum,Crédito,2024-03-21 00:00:00,1900-01-01 00:00:00,,1000.0
986465,Standard,Crédito,2024-04-13 00:00:00,1900-01-01 00:00:00,,1000.0
241152,Standard,Crédito,2024-04-04 00:00:00,1900-01-01 00:00:00,,5000.0
983517,Black,Crédito,2024-01-27 00:00:00,1900-01-01 00:00:00,,2000.0
659250,Standard,Crédito,2024-10-06 00:00:00,1900-01-01 00:00:00,,5000.0
187149,Platinum,Crédito,2024-11-16 00:00:00,1900-01-01 00:00:00,,1000.0
795495,Platinum,Crédito,2024-02-17 00:00:00,1900-01-01 00:00:00,,500.0
873260,Standard,Crédito,2024-01-28 00:00:00,1900-01-01 00:00:00,,700.0
247322,Platinum,Crédito,2024-06-19 00:00:00,1900-01-01 00:00:00,,5000.0
273614,Black,Crédito,2024-10-06 00:00:00,1900-01-01 00:00:00,,700.0
576287,Black,Crédito,2024-05-16 00:00:00,1900-01-01 00:00:00,,5000.0
223515,Gold,Crédito,2024-12-14 00:00:00,1900-01-01 00:00:00,,800.0
470599,Gold,Crédito,2024-12-14 00:00:00,1900-01-01 00:00:00,,5000.0
747719,Gold,Crédito,2024-08-06 00:00:00,1900-01-01 00:00:00,,2000.0
455334,Gold,Crédito,2024-09-15 00:00:00,1900-01-01 00:00:00,,1000.0
703885,Platinum,Crédito,2024-06-18 00:00:00,1900-01-01 00:00:00,,5000.0
380574,Platinum,Crédito,2024-04-05 00:00:00,1900-01-01 00:00:00,,800.0
473125,Gold,Crédito,2024-10-19 00:00:00,1900-01-01 00:00:00,,1000.0
967935,Black,Crédito,2024-07-21 00:00:00,1900-01-01 00:00:00,,500.0
595703,Platinum,Crédito,2024-03-16 00:00:00,1900-01-01 00:00:00,,500.0
765312,Black,Crédito,2024-06-04 00:00:00,1900-01-01 00:00:00,,500.0
908817,Gold,Crédito,2024-10-26 00:00:00,1900-01-01 00:00:00,,500.0
820106,Standard,Crédito,2024-12-02 00:00:00,1900-01-01 00:00:00,,2000.0
209386,Standard,Crédito,2024-08-15 00:00:00,1900-01-01 00:00:00,,800.0
680863,Platinum,Crédito,2024-03-03 00:00:00,1900-01-01 00:00:00,,500.0
971858,Black,Crédito,2024-09-23 00:00:00,1900-01-01 00:00:00,,1000.0
347833,Black,Crédito,2024-11-03 00:00:00,1900-01-01 00:00:00,,2000.0
742841,Standard,Crédito,2024-08-31 00:00:00,1900-01-01 00:00:00,,500.0
583247,Platinum,Crédito,2024-05-13 00:00:00,1900-01-01 00:00:00,,800.0
158105,Gold,Crédito,2024-11-06 00:00:00,1900-01-01 00:00:00,,1000.0
951348,Standard,Crédito,2024-03-31 00:00:00,1900-01-01 00:00:00,,500.0
346943,Black,Crédito,2024-06-14 00:00:00,1900-01-01 00:00:00,,1000.0
616626,Black,Crédito,2024-07-23 00:00:00,1900-01-01 00:00:00,,500.0
558257,Standard,Crédito,2024-11-06 00:00:00,1900-01-01 00:00:00,,500.0
918741,Black,Crédito,2024-01-22 00:00:00,1900-01-01 00:00:00,,2000.0
997408,Standard,Crédito,2024-12-23 00:00:00,1900-01-01 00:00:00,,1000.0
933076,Standard,Crédito,2024-09-29 00:00:00,1900-01-01 00:00:00,,500.0
251477,Black,Crédito,2024-08-19 00:00:00,1900-01-01 00:00:00,,500.0
232374,Platinum,Crédito,2024-05-18 00:00:00,1900-01-01 00:00:00,,800.0
390103,Black,Crédito,2024-04-08 00:00:00,1900-01-01 00:00:00,,500.0
597346,Platinum,Crédito,2024-01-31 00:00:00,1900-01-01 00:00:00,,800.0
910670,Standard,Crédito,2024-07-01 00:00:00,1900-01-01 00:00:00,,2000.0
362244,Standard,Crédito,2024-08-29 00:00:00,1900-01-01 00:00:00,,5000.0
977012,Black,Crédito,2024-04-30 00:00:00,1900-01-01 00:00:00,,800.0
912950,Standard,Crédito,2024-02-02 00:00:00,1900-01-01 00:00:00,,500.0
476380,Platinum,Crédito,2024-11-24 00:00:00,1900-01-01 00:00:00,,700.0
860125,Platinum,Crédito,2024-03-04 00:00:00,1900-01-01 00:00:00,,1000.0
777988,Platinum,Crédito,2024-11-20 00:00:00,1900-01-01 00:00:00,,800.0
136497,Gold,Crédito,2024-05-21 00:00:00,1900-01-01 00:00:00,,5000.0
441104,Black,Crédito,2024-04-03 00:00:00,1900-01-01 00:00:00,,2000.0
229027,Standard,Crédito,2024-01-10 00:00:00,1900-01-01 00:00:00,,1000.0
697045,Black,Crédito,2024-08-16 00:00:00,1900-01-01 00:00:00,,5000.0
116310,Standard,Crédito,2024-02-17 00:00:00,1900-01-01 00:00:00,,800.0
841303,Black,Crédito,2024-08-31 00:00:00,1900-01-01 00:00:00,,2000.0
896490,Standard,Crédito,2024-09-09 00:00:00,1900-01-01 00:00:00,,800.0
489282,Standard,Crédito,2024-08-19 00:00:00,1900-01-01 00:00:00,,700.0
342101,Gold,Crédito,2024-05-20 00:00:00,1900-01-01 00:00:00,,700.0
113021,Gold,Crédito,2024-06-28 00:00:00,1900-01-01 00:00:00,,5000.0
501051,Gold,Crédito,2024-01-03 00:00:00,1900-01-01 00:00:00,,5000.0
158797,Black,Crédito,2024-08-11 00:00:00,1900-01-01 00:00:00,,800.0
276037,Gold,Crédito,2024-08-19 00:00:00,1900-01-01 00:00:00,,5000.0
851315,Standard,Crédito,2024-08-29 00:00:00,1900-01-01 00:00:00,,800.0
658680,Platinum,Crédito,2024-07-04 00:00:00,1900-01-01 00:00:00,,500.0
682187,Standard,Crédito,2024-05-20 00:00:00,1900-01-01 00:00:00,,500.0
129095,Platinum,Crédito,2024-02-21 00:00:00,1900-01-01 00:00:00,,1000.0
391933,Black,Crédito,2024-11-29 00:00:00,1900-01-01 00:00:00,,5000.0
401668,Gold,Crédito,2024-07-25 00:00:00,1900-01-01 00:00:00,,5000.0
916903,Standard,Crédito,2024-11-22 00:00:00,1900-01-01 00:00:00,,5000.0
965520,Black,Crédito,2024-06-20 00:00:00,1900-01-01 00:00:00,,5000.0
264557,Gold,Crédito,2024-12-27 00:00:00,1900-01-01 00:00:00,,2000.0
814308,Gold,Crédito,2024-03-22 00:00:00,1900-01-01 00:00:00,,2000.0
447970,Standard,Crédito,2024-12-23 00:00:00,1900-01-01 00:00:00,,5000.0
339242,Platinum,Crédito,2024-09-20 00:00:00,1900-01-01 00:00:00,,5000.0
313590,Black,Crédito,2024-10-22 00:00:00,1900-01-01 00:00:00,,500.0
526709,Black,Crédito,2024-07-21 00:00:00,1900-01-01 00:00:00,,2000.0
985507,Black,Crédito,2024-11-30 00:00:00,1900-01-01 00:00:00,,700.0
639553,Platinum,Crédito,2024-03-16 00:00:00,1900-01-01 00:00:00,,1000.0
515954,Platinum,Crédito,2024-11-18 00:00:00,1900-01-01 00:00:00,,5000.0
998438,Standard,Crédito,2024-10-27 00:00:00,1900-01-01 00:00:00,,500.0
261964,Gold,Crédito,2024-09-29 00:00:00,1900-01-01 00:00:00,,500.0
706042,Standard,Crédito,2024-03-25 00:00:00,1900-01-01 00:00:00,,700.0
653194,Gold,Crédito,2024-04-13 00:00:00,1900-01-01 00:00:00,,800.0
665796,Gold,Crédito,2024-04-23 00:00:00,1900-01-01 00:00:00,,1000.0
564765,Platinum,Crédito,2024-04-22 00:00:00,1900-01-01 00:00:00,,800.0
442504,Gold,Crédito,2024-10-30 00:00:00,1900-01-01 00:00:00,,2000.0
891282,Standard,Crédito,2024-11-14 00:00:00,1900-01-01 00:00:00,,500.0
118267,Gold,Crédito,2024-07-12 00:00:00,1900-01-01 00:00:00,,5000.0
809995,Gold,Crédito,2024-08-09 00:00:00,1900-01-01 00:00:00,,1000.0
670139,Platinum,Crédito,2024-01-03 00:00:00,1900-01-01 00:00:00,,1000.0
696667,Black,Crédito,2024-10-21 00:00:00,1900-01-01 00:00:00,,5000.0
449827,Platinum,Crédito,2024-11-23 00:00:00,1900-01-01 00:00:00,,2000.0
855903,Black,Crédito,2024-07-19 00:00:00,1900-01-01 00:00:00,,500.0
545259,Black,Crédito,2024-02-17 00:00:00,1900-01-01 00:00:00,,5000.0
319588,Platinum,Crédito,2024-09-22 00:00:00,1900-01-01 00:00:00,,800.0
821541,Black,Crédito,2024-11-28 00:00:00,1900-01-01 00:00:00,,700.0
747025,Black,Crédito,2024-09-20 00:00:00,1900-01-01 00:00:00,,1000.0
360056,Black,Crédito,2024-02-25 00:00:00,1900-01-01 00:00:00,,5000.0
186067,Platinum,Crédito,2024-06-02 00:00:00,1900-01-01 00:00:00,,800.0
225483,Black,Crédito,2024-02-18 00:00:00,1900-01-01 00:00:00,,1000.0
939489,Platinum,Crédito,2024-12-01 00:00:00,1900-01-01 00:00:00,,1000.0
786089,Platinum,Crédito,2024-03-20 00:00:00,1900-01-01 00:00:00,,5000.0
922333,Platinum,Crédito,2024-03-22 00:00:00,1900-01-01 00:00:00,,2000.0
827267,Platinum,Crédito,2024-05-16 00:00:00,1900-01-01 00:00:00,,500.0
488733,Standard,Crédito,2024-11-28 00:00:00,1900-01-01 00:00:00,,800.0
270323,Gold,Crédito,2024-11-23 00:00:00,1900-01-01 00:00:00,,5000.0
673925,Gold,Crédito,2024-05-31 00:00:00,1900-01-01 00:00:00,,5000.0
305940,Platinum,Crédito,2024-11-20 00:00:00,1900-01-01 00:00:00,,800.0
878018,Black,Crédito,2024-03-26 00:00:00,1900-01-01 00:00:00,,2000.0
880035,Black,Crédito,2024-03-01 00:00:00,1900-01-01 00:00:00,,500.0
632648,Black,Crédito,2024-01-25 00:00:00,1900-01-01 00:00:00,,5000.0
469533,Standard,Crédito,2024-09-20 00:00:00,1900-01-01 00:00:00,,1000.0
701707,Platinum,Crédito,2024-05-24 00:00:00,1900-01-01 00:00:00,,700.0
217570,Standard,Crédito,2024-10-31 00:00:00,1900-01-01 00:00:00,,5000.0
358754,Black,Crédito,2024-01-17 00:00:00,1900-01-01 00:00:00,,2000.0
164504,Platinum,Crédito,2024-05-01 00:00:00,1900-01-01 00:00:00,,500.0
348234,Black,Crédito,2024-12-24 00:00:00,1900-01-01 00:00:00,,800.0
233105,Gold,Crédito,2024-04-14 00:00:00,1900-01-01 00:00:00,,800.0
227691,Black,Crédito,2024-04-24 00:00:00,1900-01-01 00:00:00,,5000.0
571659,Black,Crédito,2024-12-06 00:00:00,1900-01-01 00:00:00,,1000.0
491701,Standard,Crédito,2024-05-27 00:00:00,1900-01-01 00:00:00,,800.0
486088,Standard,Crédito,2024-06-05 00:00:00,1900-01-01 00:00:00,,2000.0
835461,Platinum,Crédito,2024-12-28 00:00:00,1900-01-01 00:00:00,,700.0
865197,Standard,Crédito,2024-04-24 00:00:00,1900-01-01 00:00:00,,700.0
679066,Black,Crédito,2024-09-14 00:00:00,1900-01-01 00:00:00,,700.0
339674,Standard,Crédito,2024-08-23 00:00:00,1900-01-01 00:00:00,,700.0
307208,Platinum,Crédito,2024-08-02 00:00:00,1900-01-01 00:00:00,,2000.0
554482,Gold,Crédito,2024-01-02 00:00:00,1900-01-01 00:00:00,,800.0
254748,Gold,Crédito,2024-09-10 00:00:00,1900-01-01 00:00:00,,5000.0
130958,Black,Crédito,2024-02-18 00:00:00,1900-01-01 00:00:00,,500.0
400800,Gold,Crédito,2024-11-07 00:00:00,1900-01-01 00:00:00,,5000.0
501442,Platinum,Crédito,2024-05-16 00:00:00,1900-01-01 00:00:00,,5000.0
746129,Standard,Crédito,2024-05-03 00:00:00,1900-01-01 00:00:00,,500.0
253590,Gold,Crédito,2024-05-27 00:00:00,1900-01-01 00:00:00,,5000.0
137690,Platinum,Crédito,2024-03-12 00:00:00,1900-01-01 00:00:00,,500.0
289522,Gold,Crédito,2024-08-15 00:00:00,1900-01-01 00:00:00,,2000.0
310438,Gold,Crédito,2024-08-29 00:00:00,1900-01-01 00:00:00,,2000.0
445836,Black,Crédito,2024-06-22 00:00:00,1900-01-01 00:00:00,,5000.0
649808,Black,Crédito,2024-10-08 00:00:00,1900-01-01 00:00:00,,5000.0
465869,Platinum,Crédito,2024-07-24 00:00:00,1900-01-01 00:00:00,,1000.0
672768,Platinum,Crédito,2024-08-05 00:00:00,1900-01-01 00:00:00,,700.0
288965,Platinum,Crédito,2024-07-21 00:00:00,1900-01-01 00:00:00,,1000.0
754779,Gold,Crédito,2024-04-02 00:00:00,1900-01-01 00:00:00,,800.0
238337,Platinum,Crédito,2024-07-16 00:00:00,1900-01-01 00:00:00,,500.0
657674,Gold,Crédito,2024-01-18 00:00:00,1900-01-01 00:00:00,,5000.0
923310,Platinum,Crédito,2024-03-17 00:00:00,1900-01-01 00:00:00,,1000.0
951170,Black,Crédito,2024-07-26 00:00:00,1900-01-01 00:00:00,,800.0
353739,Black,Crédito,2024-04-15 00:00:00,1900-01-01 00:00:00,,5000.0
850754,Gold,Crédito,2024-09-29 00:00:00,1900-01-01 00:00:00,,1000.0
818484,Standard,Crédito,2024-03-16 00:00:00,1900-01-01 00:00:00,,5000.0
170806,Platinum,Crédito,2024-05-25 00:00:00,1900-01-01 00:00:00,,500.0
602477,Standard,Crédito,2024-08-14 00:00:00,1900-01-01 00:00:00,,5000.0
127313,Platinum,Crédito,2024-06-26 00:00:00,1900-01-01 00:00:00,,700.0
897119,Black,Crédito,2024-12-22 00:00:00,1900-01-01 00:00:00,,5000.0
505916,Platinum,Crédito,2024-05-23 00:00:00,1900-01-01 00:00:00,,1000.0
696162,Black,Crédito,2024-12-15 00:00:00,1900-01-01 00:00:00,,800.0
789568,Black,Crédito,2024-06-13 00:00:00,1900-01-01 00:00:00,,5000.0
260328,Black,Crédito,2024-03-13 00:00:00,1900-01-01 00:00:00,,5000.0
325029,Standard,Crédito,2024-02-16 00:00:00,1900-01-01 00:00:00,,1000.0
619564,Gold,Crédito,2024-11-02 00:00:00,1900-01-01 00:00:00,,500.0
912020,Platinum,Crédito,2024-09-07 00:00:00,1900-01-01 00:00:00,,800.0
859269,Platinum,Crédito,2024-04-27 00:00:00,1900-01-01 00:00:00,,700.0
855078,Black,Crédito,2024-10-10 00:00:00,1900-01-01 00:00:00,,2000.0
826125,Gold,Crédito,2024-10-10 00:00:00,1900-01-01 00:00:00,,500.0
711907,Gold,Crédito,2024-05-31 00:00:00,1900-01-01 00:00:00,,5000.0
305230,Gold,Crédito,2024-01-16 00:00:00,1900-01-01 00:00:00,,1000.0
952939,Platinum,Crédito,2024-02-18 00:00:00,1900-01-01 00:00:00,,1000.0
678839,Black,Crédito,2024-06-24 00:00:00,1900-01-01 00:00:00,,2000.0
441735,Gold,Crédito,2024-07-03 00:00:00,1900-01-01 00:00:00,,700.0
361662,Platinum,Crédito,2024-08-17 00:00:00,1900-01-01 00:00:00,,5000.0
497742,Standard,Crédito,2024-06-04 00:00:00,1900-01-01 00:00:00,,500.0
661968,Platinum,Crédito,2024-09-01 00:00:00,1900-01-01 00:00:00,,500.0
466290,Black,Crédito,2024-10-21 00:00:00,1900-01-01 00:00:00,,500.0
706619,Black,Crédito,2024-05-14 00:00:00,1900-01-01 00:00:00,,2000.0
788161,Standard,Crédito,2024-10-04 00:00:00,1900-01-01 00:00:00,,5000.0
246342,Black,Crédito,2024-02-17 00:00:00,1900-01-01 00:00:00,,1000.0
847031,Black,Crédito,2024-04-20 00:00:00,1900-01-01 00:00:00,,700.0
262942,Platinum,Crédito,2024-08-23 00:00:00,1900-01-01 00:00:00,,700.0
330086,Gold,Crédito,2024-12-02 00:00:00,1900-01-01 00:00:00,,700.0
920861,Black,Crédito,2024-05-02 00:00:00,1900-01-01 00:00:00,,800.0
279971,Gold,Crédito,2024-01-05 00:00:00,1900-01-01 00:00:00,,2000.0
484904,Gold,Crédito,2024-10-10 00:00:00,1900-01-01 00:00:00,,1000.0
527538,Standard,Crédito,2024-09-08 00:00:00,1900-01-01 00:00:00,,500.0
659825,Gold,Crédito,2024-01-29 00:00:00,1900-01-01 00:00:00,,5000.0
681246,Platinum,Crédito,2024-07-18 00:00:00,1900-01-01 00:00:00,,5000.0
700483,Standard,Crédito,2024-09-07 00:00:00,1900-01-01 00:00:00,,5000.0
415177,Standard,Crédito,2024-08-13 00:00:00,1900-01-01 00:00:00,,5000.0
105737,Platinum,Crédito,2024-02-05 00:00:00,1900-01-01 00:00:00,,500.0
163210,Standard,Crédito,2024-09-14 00:00:00,1900-01-01 00:00:00,,5000.0
553339,Platinum,Crédito,2024-06-11 00:00:00,1900-01-01 00:00:00,,800.0
908200,Platinum,Crédito,2024-04-20 00:00:00,1900-01-01 00:00:00,,500.0
337626,Platinum,Crédito,2024-11-08 00:00:00,1900-01-01 00:00:00,,500.0
403130,Gold,Crédito,2024-02-11 00:00:00,1900-01-01 00:00:00,,700.0
663090,Standard,Crédito,2024-08-01 00:00:00,1900-01-01 00:00:00,,1000.0
212811,Platinum,Crédito,2024-05-24 00:00:00,1900-01-01 00:00:00,,800.0
779932,Gold,Crédito,2024-07-27 00:00:00,1900-01-01 00:00:00,,2000.0
346809,Black,Crédito,2024-03-05 00:00:00,1900-01-01 00:00:00,,1000.0
770826,Gold,Crédito,2024-12-18 00:00:00,1900-01-01 00:00:00,,500.0
721951,Gold,Crédito,2024-06-22 00:00:00,1900-01-01 00:00:00,,700.0
241922,Platinum,Crédito,2024-02-11 00:00:00,1900-01-01 00:00:00,,2000.0
951895,Black,Crédito,2024-06-21 00:00:00,1900-01-01 00:00:00,,2000.0
351999,Standard,Crédito,2024-11-15 00:00:00,1900-01-01 00:00:00,,500.0
321723,Gold,Crédito,2024-03-10 00:00:00,1900-01-01 00:00:00,,2000.0
508898,Platinum,Crédito,2024-05-03 00:00:00,1900-01-01 00:00:00,,500.0
884259,Gold,Crédito,2024-10-04 00:00:00,1900-01-01 00:00:00,,700.0
932296,Black,Crédito,2024-02-18 00:00:00,1900-01-01 00:00:00,,1000.0
605523,Gold,Crédito,2024-08-24 00:00:00,1900-01-01 00:00:00,,500.0
194246,Black,Crédito,2024-08-26 00:00:00,1900-01-01 00:00:00,,700.0
612596,Standard,Crédito,2024-07-31 00:00:00,1900-01-01 00:00:00,,500.0
331677,Black,Crédito,2024-04-23 00:00:00,1900-01-01 00:00:00,,2000.0
874059,Gold,Crédito,2024-09-02 00:00:00,1900-01-01 00:00:00,,5000.0
233379,Standard,Crédito,2024-01-29 00:00:00,1900-01-01 00:00:00,,2000.0
574226,Black,Crédito,2024-09-27 00:00:00,1900-01-01 00:00:00,,700.0
432362,Platinum,Crédito,2024-04-22 00:00:00,1900-01-01 00:00:00,,700.0
869654,Gold,Crédito,2024-04-27 00:00:00,1900-01-01 00:00:00,,2000.0
124019,Gold,Crédito,2024-09-23 00:00:00,1900-01-01 00:00:00,,700.0
626416,Platinum,Crédito,2024-01-09 00:00:00,1900-01-01 00:00:00,,2000.0
717758,Black,Crédito,2024-06-09 00:00:00,1900-01-01 00:00:00,,2000.0
187201,Standard,Crédito,2024-01-21 00:00:00,1900-01-01 00:00:00,,2000.0
901824,Platinum,Crédito,2024-05-30 00:00:00,1900-01-01 00:00:00,,500.0
100568,Standard,Crédito,2024-12-15 00:00:00,1900-01-01 00:00:00,,5000.0
468117,Gold,Crédito,2024-10-28 00:00:00,1900-01-01 00:00:00,,2000.0
360405,Platinum,Crédito,2024-02-23 00:00:00,1900-01-01 00:00:00,,700.0
903287,Gold,Crédito,2024-08-03 00:00:00,1900-01-01 00:00:00,,2000.0
842803,Black,Crédito,2024-06-05 00:00:00,1900-01-01 00:00:00,,800.0
711002,Standard,Crédito,2024-02-08 00:00:00,1900-01-01 00:00:00,,1000.0
866906,Gold,Crédito,2024-03-06 00:00:00,1900-01-01 00:00:00,,700.0
155840,Gold,Crédito,2024-07-07 00:00:00,1900-01-01 00:00:00,,1000.0
527010,Standard,Crédito,2024-08-05 00:00:00,1900-01-01 00:00:00,,5000.0
359941,Platinum,Crédito,2024-10-20 00:00:00,1900-01-01 00:00:00,,700.0
341444,Platinum,Crédito,2024-06-01 00:00:00,1900-01-01 00:00:00,,500.0
169908,Standard,Crédito,2024-09-19 00:00:00,1900-01-01 00:00:00,,2000.0
610278,Gold,Crédito,2024-05-12 00:00:00,1900-01-01 00:00:00,,700.0
763422,Standard,Crédito,2024-11-26 00:00:00,1900-01-01 00:00:00,,700.0
608109,Black,Crédito,2024-07-10 00:00:00,1900-01-01 00:00:00,,2000.0
405975,Black,Crédito,2024-04-28 00:00:00,1900-01-01 00:00:00,,5000.0
396524,Gold,Crédito,2024-10-23 00:00:00,1900-01-01 00:00:00,,800.0
461196,Black,Crédito,2024-04-09 00:00:00,1900-01-01 00:00:00,,5000.0
839439,Standard,Crédito,2024-11-08 00:00:00,1900-01-01 00:00:00,,700.0
565322,Black,Crédito,2024-10-26 00:00:00,1900-01-01 00:00:00,,500.0
178763,Standard,Crédito,2024-11-09 00:00:00,1900-01-01 00:00:00,,5000.0
947911,Standard,Crédito,2024-07-28 00:00:00,1900-01-01 00:00:00,,500.0
435273,Platinum,Crédito,2024-01-15 00:00:00,1900-01-01 00:00:00,,500.0
223248,Standard,Crédito,2024-05-03 00:00:00,1900-01-01 00:00:00,,1000.0
905015,Gold,Crédito,2024-10-24 00:00:00,1900-01-01 00:00:00,,5000.0
535077,Standard,Crédito,2024-10-29 00:00:00,1900-01-01 00:00:00,,2000.0
740507,Gold,Crédito,2024-01-08 00:00:00,1900-01-01 00:00:00,,500.0
606867,Platinum,Crédito,2024-05-18 00:00:00,1900-01-01 00:00:00,,800.0
514832,Gold,Crédito,2024-03-17 00:00:00,1900-01-01 00:00:00,,5000.0
426986,Gold,Crédito,2024-12-15 00:00:00,1900-01-01 00:00:00,,700.0
235077,Black,Crédito,2024-06-11 00:00:00,1900-01-01 00:00:00,,800.0
680931,Platinum,Crédito,2024-12-24 00:00:00,1900-01-01 00:00:00,,5000.0
311206,Platinum,Crédito,2024-12-13 00:00:00,1900-01-01 00:00:00,,700.0
112095,Platinum,Crédito,2024-08-21 00:00:00,1900-01-01 00:00:00,,800.0
299783,Black,Crédito,2024-11-06 00:00:00,1900-01-01 00:00:00,,500.0
721310,Black,Crédito,2024-06-20 00:00:00,1900-01-01 00:00:00,,5000.0
524132,Standard,Crédito,2024-01-28 00:00:00,1900-01-01 00:00:00,,700.0
959647,Gold,Crédito,2024-12-02 00:00:00,1900-01-01 00:00:00,,800.0
258203,Gold,Crédito,2024-03-31 00:00:00,1900-01-01 00:00:00,,700.0
765046,Platinum,Crédito,2024-10-08 00:00:00,1900-01-01 00:00:00,,5000.0
575235,Black,Crédito,2024-08-20 00:00:00,1900-01-01 00:00:00,,1000.0
467392,Platinum,Crédito,2024-05-24 00:00:00,1900-01-01 00:00:00,,1000.0
544142,Gold,Crédito,2024-08-27 00:00:00,1900-01-01 00:00:00,,5000.0
219959,Platinum,Crédito,2024-11-14 00:00:00,1900-01-01 00:00:00,,500.0
507592,Black,Crédito,2024-11-06 00:00:00,1900-01-01 00:00:00,,5000.0
723096,Platinum,Crédito,2024-08-31 00:00:00,1900-01-01 00:00:00,,500.0
735180,Standard,Crédito,2024-10-06 00:00:00,1900-01-01 00:00:00,,5000.0
348438,Black,Crédito,2024-10-10 00:00:00,1900-01-01 00:00:00,,800.0
875303,Black,Crédito,2024-02-09 00:00:00,1900-01-01 00:00:00,,5000.0
375552,Black,Crédito,2024-05-05 00:00:00,1900-01-01 00:00:00,,1000.0
946125,Standard,Crédito,2024-02-01 00:00:00,1900-01-01 00:00:00,,500.0
707449,Platinum,Crédito,2024-01-22 00:00:00,1900-01-01 00:00:00,,5000.0
484350,Gold,Crédito,2024-11-25 00:00:00,1900-01-01 00:00:00,,5000.0
430886,Platinum,Crédito,2024-06-23 00:00:00,1900-01-01 00:00:00,,2000.0
981155,Gold,Crédito,2024-06-28 00:00:00,1900-01-01 00:00:00,,500.0
194488,Platinum,Crédito,2024-11-09 00:00:00,1900-01-01 00:00:00,,500.0
883137,Platinum,Crédito,2024-03-31 00:00:00,1900-01-01 00:00:00,,800.0
465939,Platinum,Crédito,2024-04-05 00:00:00,1900-01-01 00:00:00,,500.0
989602,Gold,Crédito,2024-03-18 00:00:00,1900-01-01 00:00:00,,500.0
491230,Gold,Crédito,2024-09-13 00:00:00,1900-01-01 00:00:00,,2000.0
140932,Standard,Crédito,2024-11-02 00:00:00,1900-01-01 00:00:00,,5000.0
102311,Black,Crédito,2024-07-10 00:00:00,1900-01-01 00:00:00,,2000.0
923036,Gold,Crédito,2024-01-04 00:00:00,1900-01-01 00:00:00,,1000.0
972149,Black,Crédito,2024-08-11 00:00:00,1900-01-01 00:00:00,,700.0
188685,Standard,Crédito,2024-10-09 00:00:00,1900-01-01 00:00:00,,800.0
270213,Standard,Crédito,2024-12-25 00:00:00,1900-01-01 00:00:00,,700.0
799546,Standard,Crédito,2024-07-15 00:00:00,1900-01-01 00:00:00,,700.0
452129,Gold,Crédito,2024-06-08 00:00:00,1900-01-01 00:00:00,,1000.0
733809,Gold,Crédito,2024-05-22 00:00:00,1900-01-01 00:00:00,,700.0
298223,Gold,Crédito,2024-08-14 00:00:00,1900-01-01 00:00:00,,1000.0
834377,Standard,Crédito,2024-03-10 00:00:00,1900-01-01 00:00:00,,2000.0
809426,Gold,Crédito,2024-06-01 00:00:00,1900-01-01 00:00:00,,1000.0
988676,Black,Crédito,2024-05-23 00:00:00,1900-01-01 00:00:00,,2000.0
879463,Black,Crédito,2024-01-01 00:00:00,1900-01-01 00:00:00,,800.0
744307,Standard,Crédito,2024-11-03 00:00:00,1900-01-01 00:00:00,,1000.0
793706,Standard,Crédito,2024-05-02 00:00:00,1900-01-01 00:00:00,,1000.0
842843,Standard,Crédito,2024-01-19 00:00:00,1900-01-01 00:00:00,,1000.0
300632,Standard,Crédito,2024-07-01 00:00:00,1900-01-01 00:00:00,,1000.0
208796,Gold,Crédito,2024-10-27 00:00:00,1900-01-01 00:00:00,,500.0
317163,Gold,Crédito,2024-12-04 00:00:00,1900-01-01 00:00:00,,500.0
638825,Platinum,Crédito,2024-08-16 00:00:00,1900-01-01 00:00:00,,1000.0
415999,Gold,Crédito,2024-01-26 00:00:00,1900-01-01 00:00:00,,700.0
611283,Black,Crédito,2024-02-11 00:00:00,1900-01-01 00:00:00,,500.0
349415,Platinum,Crédito,2024-03-25 00:00:00,1900-01-01 00:00:00,,500.0
519417,Gold,Crédito,2024-03-18 00:00:00,1900-01-01 00:00:00,,700.0
715363,Standard,Crédito,2024-07-02 00:00:00,1900-01-01 00:00:00,,800.0
820920,Standard,Crédito,2024-03-17 00:00:00,1900-01-01 00:00:00,,700.0
779100,Black,Crédito,2024-12-20 00:00:00,1900-01-01 00:00:00,,2000.0
798419,Platinum,Crédito,2024-07-29 00:00:00,1900-01-01 00:00:00,,1000.0
421995,Standard,Crédito,2024-01-10 00:00:00,1900-01-01 00:00:00,,500.0
235906,Gold,Crédito,2024-03-14 00:00:00,1900-01-01 00:00:00,,5000.0
651974,Gold,Crédito,2024-03-15 00:00:00,1900-01-01 00:00:00,,700.0
625419,Standard,Crédito,2024-12-14 00:00:00,1900-01-01 00:00:00,,500.0
410949,Gold,Crédito,2024-07-15 00:00:00,1900-01-01 00:00:00,,500.0
522635,Black,Crédito,2024-05-09 00:00:00,1900-01-01 00:00:00,,5000.0
339650,Platinum,Crédito,2024-02-13 00:00:00,1900-01-01 00:00:00,,800.0
589342,Standard,Crédito,2024-04-26 00:00:00,1900-01-01 00:00:00,,2000.0
666147,Gold,Crédito,2024-06-27 00:00:00,1900-01-01 00:00:00,,800.0
567317,Standard,Crédito,2024-11-15 00:00:00,1900-01-01 00:00:00,,700.0
695291,Black,Crédito,2024-09-27 00:00:00,1900-01-01 00:00:00,,5000.0
877925,Standard,Crédito,2024-04-21 00:00:00,1900-01-01 00:00:00,,2000.0
953578,Gold,Crédito,2024-04-24 00:00:00,1900-01-01 00:00:00,,5000.0
349958,Platinum,Crédito,2024-07-04 00:00:00,1900-01-01 00:00:00,,2000.0
898027,Black,Crédito,2024-12-02 00:00:00,1900-01-01 00:00:00,,700.0
458842,Black,Crédito,2024-06-13 00:00:00,1900-01-01 00:00:00,,500.0
847790,Gold,Crédito,2024-11-30 00:00:00,1900-01-01 00:00:00,,2000.0
973718,Standard,Crédito,2024-08-25 00:00:00,1900-01-01 00:00:00,,1000.0
899334,Black,Crédito,2024-09-04 00:00:00,1900-01-01 00:00:00,,700.0
863486,Black,Crédito,2024-11-20 00:00:00,1900-01-01 00:00:00,,500.0
528536,Gold,Crédito,2024-05-31 00:00:00,1900-01-01 00:00:00,,700.0
440941,Platinum,Crédito,2024-07-10 00:00:00,1900-01-01 00:00:00,,5000.0
679123,Standard,Crédito,2024-06-20 00:00:00,1900-01-01 00:00:00,,5000.0
697622,Black,Crédito,2024-08-03 00:00:00,1900-01-01 00:00:00,,1000.0
394001,Gold,Crédito,2024-02-24 00:00:00,1900-01-01 00:00:00,,800.0
227159,Gold,Crédito,2024-10-01 00:00:00,1900-01-01 00:00:00,,2000.0
316069,Gold,Crédito,2024-08-02 00:00:00,1900-01-01 00:00:00,,5000.0
505049,Platinum,Crédito,2024-02-14 00:00:00,1900-01-01 00:00:00,,2000.0
471656,Platinum,Crédito,2024-03-22 00:00:00,1900-01-01 00:00:00,,5000.0
590834,Black,Crédito,2024-12-05 00:00:00,1900-01-01 00:00:00,,700.0
736736,Standard,Crédito,2024-04-23 00:00:00,1900-01-01 00:00:00,,1000.0
592541,Platinum,Crédito,2024-03-01 00:00:00,1900-01-01 00:00:00,,800.0
833487,Gold,Crédito,2024-11-02 00:00:00,1900-01-01 00:00:00,,5000.0
940237,Gold,Crédito,2024-09-10 00:00:00,1900-01-01 00:00:00,,700.0
369046,Gold,Crédito,2024-02-15 00:00:00,1900-01-01 00:00:00,,700.0
934265,Platinum,Crédito,2024-06-07 00:00:00,1900-01-01 00:00:00,,500.0
775326,Black,Crédito,2024-08-18 00:00:00,1900-01-01 00:00:00,,500.0
471355,Standard,Crédito,2024-10-30 00:00:00,1900-01-01 00:00:00,,1000.0
167414,Black,Crédito,2024-08-03 00:00:00,1900-01-01 00:00:00,,700.0
820738,Black,Crédito,2024-09-27 00:00:00,1900-01-01 00:00:00,,700.0
883998,Standard,Crédito,2024-11-17 00:00:00,1900-01-01 00:00:00,,2000.0
343995,Gold,Crédito,2024-12-02 00:00:00,1900-01-01 00:00:00,,700.0
972254,Gold,Crédito,2024-05-07 00:00:00,1900-01-01 00:00:00,,700.0
846573,Platinum,Crédito,2024-08-22 00:00:00,1900-01-01 00:00:00,,800.0
495168,Black,Crédito,2024-05-08 00:00:00,1900-01-01 00:00:00,,2000.0
369246,Black,Crédito,2024-04-25 00:00:00,1900-01-01 00:00:00,,500.0
369572,Standard,Crédito,2024-02-01 00:00:00,1900-01-01 00:00:00,,700.0
272526,Gold,Crédito,2024-06-19 00:00:00,1900-01-01 00:00:00,,5000.0
758051,Gold,Crédito,2024-11-03 00:00:00,1900-01-01 00:00:00,,800.0
759372,Black,Crédito,2024-10-08 00:00:00,1900-01-01 00:00:00,,500.0
400942,Platinum,Crédito,2024-01-31 00:00:00,1900-01-01 00:00:00,,5000.0
751631,Standard,Crédito,2024-02-14 00:00:00,1900-01-01 00:00:00,,500.0
618201,Black,Crédito,2024-12-06 00:00:00,1900-01-01 00:00:00,,5000.0
632018,Standard,Crédito,2024-07-20 00:00:00,1900-01-01 00:00:00,,700.0
304824,Standard,Crédito,2024-07-07 00:00:00,1900-01-01 00:00:00,,5000.0
788397,Black,Crédito,2024-05-15 00:00:00,1900-01-01 00:00:00,,800.0
556107,Standard,Crédito,2024-08-14 00:00:00,1900-01-01 00:00:00,,800.0
719196,Standard,Crédito,2024-10-29 00:00:00,1900-01-01 00:00:00,,700.0
477373,Platinum,Crédito,2024-06-24 00:00:00,1900-01-01 00:00:00,,800.0
988112,Platinum,Crédito,2024-12-25 00:00:00,1900-01-01 00:00:00,,1000.0
134442,Platinum,Crédito,2024-07-23 00:00:00,1900-01-01 00:00:00,,800.0
543858,Black,Crédito,2024-01-30 00:00:00,1900-01-01 00:00:00,,1000.0
771985,Black,Crédito,2024-01-20 00:00:00,1900-01-01 00:00:00,,700.0
300095,Standard,Crédito,2024-07-27 00:00:00,1900-01-01 00:00:00,,500.0
785605,Black,Crédito,2024-11-18 00:00:00,1900-01-01 00:00:00,,2000.0
177613,Platinum,Crédito,2024-11-07 00:00:00,1900-01-01 00:00:00,,700.0
344546,Black,Crédito,2024-07-30 00:00:00,1900-01-01 00:00:00,,1000.0
989766,Platinum,Crédito,2024-03-13 00:00:00,1900-01-01 00:00:00,,1000.0
368646,Black,Crédito,2024-01-04 00:00:00,1900-01-01 00:00:00,,1000.0
906690,Black,Crédito,2024-04-11 00:00:00,1900-01-01 00:00:00,,500.0
804225,Standard,Crédito,2024-12-06 00:00:00,1900-01-01 00:00:00,,800.0
459415,Standard,Crédito,2024-05-01 00:00:00,1900-01-01 00:00:00,,2000.0
893422,Standard,Crédito,2024-05-03 00:00:00,1900-01-01 00:00:00,,2000.0
796356,Gold,Crédito,2024-08-23 00:00:00,1900-01-01 00:00:00,,500.0
393953,Platinum,Crédito,2024-07-23 00:00:00,1900-01-01 00:00:00,,500.0
847385,Gold,Crédito,2024-08-10 00:00:00,1900-01-01 00:00:00,,700.0
716033,Standard,Crédito,2024-07-14 00:00:00,1900-01-01 00:00:00,,500.0
216481,Platinum,Crédito,2024-04-21 00:00:00,1900-01-01 00:00:00,,700.0
411237,Black,Crédito,2024-08-05 00:00:00,1900-01-01 00:00:00,,2000.0
898089,Black,Crédito,2024-12-07 00:00:00,1900-01-01 00:00:00,,700.0
389922,Gold,Crédito,2024-05-31 00:00:00,1900-01-01 00:00:00,,1000.0
600328,Gold,Crédito,2024-03-01 00:00:00,1900-01-01 00:00:00,,500.0
455772,Gold,Crédito,2024-06-08 00:00:00,1900-01-01 00:00:00,,700.0
969079,Platinum,Crédito,2024-03-02 00:00:00,1900-01-01 00:00:00,,5000.0
302585,Standard,Crédito,2024-10-27 00:00:00,1900-01-01 00:00:00,,5000.0
141926,Gold,Crédito,2024-03-25 00:00:00,1900-01-01 00:00:00,,800.0
279342,Standard,Crédito,2024-11-25 00:00:00,1900-01-01 00:00:00,,800.0
894880,Platinum,Crédito,2024-01-30 00:00:00,1900-01-01 00:00:00,,2000.0
436112,Black,Crédito,2024-05-25 00:00:00,1900-01-01 00:00:00,,500.0
127052,Platinum,Crédito,2024-08-09 00:00:00,1900-01-01 00:00:00,,500.0
319544,Black,Crédito,2024-09-01 00:00:00,1900-01-01 00:00:00,,1000.0
425793,Platinum,Crédito,2024-12-30 00:00:00,1900-01-01 00:00:00,,500.0
834075,Standard,Crédito,2024-07-27 00:00:00,1900-01-01 00:00:00,,5000.0
342713,Platinum,Crédito,2024-06-25 00:00:00,1900-01-01 00:00:00,,800.0
591775,Gold,Crédito,2024-07-15 00:00:00,1900-01-01 00:00:00,,1000.0
494133,Platinum,Crédito,2024-12-09 00:00:00,1900-01-01 00:00:00,,700.0
923908,Standard,Crédito,2024-09-01 00:00:00,1900-01-01 00:00:00,,1000.0
728062,Gold,Crédito,2024-08-11 00:00:00,1900-01-01 00:00:00,,5000.0
196799,Platinum,Crédito,2024-10-25 00:00:00,1900-01-01 00:00:00,,800.0
285067,Platinum,Crédito,2024-03-09 00:00:00,1900-01-01 00:00:00,,700.0
346264,Platinum,Crédito,2024-11-20 00:00:00,1900-01-01 00:00:00,,800.0
349158,Black,Crédito,2024-04-21 00:00:00,1900-01-01 00:00:00,,1000.0
500352,Standard,Crédito,2024-06-13 00:00:00,1900-01-01 00:00:00,,2000.0
497111,Platinum,Crédito,2024-10-27 00:00:00,1900-01-01 00:00:00,,700.0
851917,Standard,Crédito,2024-02-18 00:00:00,1900-01-01 00:00:00,,1000.0
605709,Standard,Crédito,2024-02-16 00:00:00,1900-01-01 00:00:00,,800.0
956203,Standard,Crédito,2024-05-30 00:00:00,1900-01-01 00:00:00,,1000.0
351531,Black,Crédito,2024-05-02 00:00:00,1900-01-01 00:00:00,,800.0
408285,Standard,Crédito,2024-03-12 00:00:00,1900-01-01 00:00:00,,800.0
516589,Gold,Crédito,2024-02-05 00:00:00,1900-01-01 00:00:00,,2000.0
635208,Gold,Crédito,2024-07-07 00:00:00,1900-01-01 00:00:00,,500.0
752580,Gold,Crédito,2024-08-24 00:00:00,1900-01-01 00:00:00,,2000.0
841371,Black,Crédito,2024-08-07 00:00:00,1900-01-01 00:00:00,,500.0
556511,Black,Crédito,2024-09-24 00:00:00,1900-01-01 00:00:00,,700.0
648188,Gold,Crédito,2024-10-30 00:00:00,1900-01-01 00:00:00,,2000.0
504872,Black,Crédito,2024-08-25 00:00:00,1900-01-01 00:00:00,,700.0
351990,Standard,Crédito,2024-10-21 00:00:00,1900-01-01 00:00:00,,5000.0
711643,Black,Crédito,2024-05-08 00:00:00,1900-01-01 00:00:00,,700.0
821839,Platinum,Crédito,2024-10-16 00:00:00,1900-01-01 00:00:00,,500.0
550619,Standard,Crédito,2024-11-22 00:00:00,1900-01-01 00:00:00,,5000.0
443044,Black,Crédito,2024-01-02 00:00:00,1900-01-01 00:00:00,,700.0
319927,Gold,Crédito,2024-08-05 00:00:00,1900-01-01 00:00:00,,1000.0
971782,Platinum,Crédito,2024-10-08 00:00:00,1900-01-01 00:00:00,,800.0
541184,Black,Crédito,2024-09-30 00:00:00,1900-01-01 00:00:00,,500.0
173554,Platinum,Crédito,2024-01-18 00:00:00,1900-01-01 00:00:00,,2000.0
323943,Black,Crédito,2024-01-03 00:00:00,1900-01-01 00:00:00,,2000.0
350419,Black,Crédito,2024-11-26 00:00:00,1900-01-01 00:00:00,,2000.0
751216,Gold,Crédito,2024-01-04 00:00:00,1900-01-01 00:00:00,,1000.0
